,Unnamed: 0,nsites,space_group,volume,band_gap,n,poly_electronic,poly_total,pot_ferroelectric
0,0,3,225,159.501207678,1.88,1.86,3.44,6.23,False
1,1,3,166,84.2980965532,3.52,1.78,3.16,6.73,False
2,2,3,164,108.33587516899999,1.17,2.23,4.97,10.64,False
3,3,4,186,88.162562026,1.12,2.65,7.04,17.99,False
4,4,6,136,82.8264012678,2.87,1.53,2.35,7.12,False
5,5,4,186,146.31155269299998,1.4,2.23,4.97,7.16,False
6,6,3,225,139.467818426,2.14,1.86,3.47,6.22,False
7,7,3,225,68.26890106729999,1.71,1.78,3.18,9.24,False
8,8,2,225,67.3095882287,2.15,2.19,4.81,14.95,False
9,9,3,225,98.597229912,2.02,2.08,4.32,7.88,False
10,10,2,225,55.784571766099994,0.12,6.76,45.7,45.7,True
11,11,2,225,46.695124244700004,2.38,2.23,4.99,12.09,False
12,12,3,225,69.5378946656,2.5,2.23,4.97,8.42,False
13,13,3,164,77.9966094876,1.05,2.84,8.05,35.9,False
14,14,3,225,116.698690065,2.09,1.82,3.3,6.37,False
15,15,6,72,213.795473732,2.15,1.96,3.85,4.82,False
16,16,2,225,35.7434887297,2.76,2.32,5.4,16.02,False
17,17,3,164,119.46093351399999,2.42,2.18,4.73,10.7,False
18,18,6,186,204.88325531400002,2.94,1.88,3.54,7.48,True
19,19,2,225,29.7575464199,0.15,3.93,15.43,120.01,False
20,20,3,225,45.157794439499995,0.97,1.96,3.84,12.36,False
21,21,4,129,75.28545173180001,0.41,2.7,7.29,18.73,False
22,22,4,187,38.7289646409,4.42,1.96,3.84,5.08,False
23,23,3,164,40.9922057139,1.6,2.73,7.44,9.29,False
24,24,3,225,103.981990274,2.32,1.76,3.1,6.36,False
25,25,2,216,28.9558083259,3.14,2.29,5.26,7.26,False
26,26,3,164,118.643076511,3.62,1.92,3.67,6.72,False
27,27,2,225,86.78051080680002,4.19,1.57,2.45,5.69,False
28,28,3,164,70.4227556857,1.25,1.98,3.92,5.18,False
29,29,3,225,70.9338407808,2.44,1.87,3.51,7.04,False
30,30,3,164,75.1136317601,5.57,1.62,2.64,5.22,False
31,31,3,164,69.3832905913,1.54,3.18,10.14,10.9,False
32,32,3,139,52.1468870527,2.23,1.88,3.52,17.11,False
33,33,3,225,43.7885475453,1.87,1.81,3.27,7.57,False
34,34,3,164,74.9463454114,0.83,3.91,15.28,16.0,False
35,35,3,225,20.2637521337,1.17,2.65,7.0,14.92,False
36,36,3,164,93.2083621977,1.6,1.91,3.66,8.26,False
37,37,3,225,54.5355754192,2.97,2.08,4.32,7.84,False
38,38,3,225,87.49726892790001,5.23,1.7,2.88,8.48,False
39,39,6,58,67.0381111474,0.64,4.62,21.34,22.44,False
40,40,3,225,41.425174546,2.9,1.67,2.8,9.02,False
41,41,4,191,44.8825668292,0.98,2.45,6.0,10.69,True
42,42,4,194,42.1326017323,4.48,1.89,3.57,4.68,False
43,43,3,225,80.4777023717,2.02,1.99,3.96,7.52,False
44,44,4,12,60.1963443688,3.94,1.52,2.32,5.16,False
45,45,4,12,45.4173134206,3.64,1.66,2.76,10.0,False
46,46,2,216,21.0005908394,1.37,2.65,7.0,10.36,False
47,47,2,216,13.980547968900002,6.85,1.76,3.11,7.2,False
48,48,2,160,20.0020797757,4.39,1.93,3.73,4.9,False
49,49,2,216,23.4804813386,1.57,2.47,6.09,10.96,False
50,50,2,216,23.499701743400003,1.24,3.03,9.18,9.27,False
51,51,2,216,73.2195814191,1.37,2.24,5.02,7.32,False
52,52,5,164,133.474179494,0.22,3.85,14.8,32.38,False
53,53,2,216,69.0566604377,2.32,2.35,5.5,7.98,False
54,54,6,58,100.133223341,0.36,5.17,26.7,36.83,False
55,55,6,58,81.42106939930001,0.87,4.59,21.06,27.48,False
56,56,4,186,145.822681925,0.62,3.02,9.1,12.44,False
57,57,6,136,68.9778629217,4.8,1.58,2.51,5.2,False
58,58,4,194,43.677379746099994,4.16,1.86,3.46,4.52,False
59,59,6,72,189.62098689799998,3.07,1.77,3.14,4.02,False
60,60,2,225,104.957098894,3.78,1.65,2.71,5.69,False
61,61,6,194,131.151054179,1.23,3.08,9.51,9.76,True
62,62,3,225,46.820714009899994,3.39,1.97,3.86,7.42,False
63,63,2,225,75.1479181309,4.84,1.51,2.28,5.65,False
64,64,2,225,53.051373588000004,2.08,2.37,5.62,12.47,False
65,65,8,140,139.379528874,4.16,1.57,2.47,6.21,False
66,66,8,194,69.8615203909,1.22,2.36,5.58,13.13,False
67,67,2,225,69.6750949167,3.53,1.83,3.33,8.36,False
68,68,2,216,52.4182174245,1.05,2.49,6.22,10.49,False
69,69,2,225,55.731537619499996,2.5,2.16,4.65,11.87,False
70,70,2,216,24.8184374856,0.63,2.45,6.01,11.35,False
71,71,2,221,84.0887507384,1.02,2.23,4.99,10.21,False
72,72,2,216,59.952805122700006,0.51,2.99,8.96,12.93,False
73,73,3,166,76.9298023956,5.62,1.61,2.59,5.07,False
74,74,2,216,54.0138230759,2.55,2.16,4.65,7.24,False
75,75,2,225,54.7485266625,4.09,1.68,2.82,7.3,False
76,76,2,225,65.4508697092,1.55,2.57,6.59,12.96,False
77,77,3,225,120.400478586,1.96,1.78,3.18,6.61,False
78,78,6,136,175.099416521,5.35,1.65,2.74,7.16,False
79,79,12,62,179.44991098900002,3.15,2.02,4.08,12.24,False
80,80,12,62,142.71732027299998,3.03,2.11,4.45,11.58,False
81,81,8,140,184.052007165,4.22,1.59,2.54,7.0,False
82,82,8,194,67.4796816976,1.97,1.78,3.16,9.12,False
83,83,10,156,104.887738378,1.75,2.66,7.08,10.49,False
84,84,12,60,120.562062681,3.63,2.01,4.05,11.04,False
85,85,8,140,158.43139513100002,4.17,1.57,2.46,6.16,False
86,86,16,198,133.930649312,4.33,1.48,2.19,2.99,False
87,87,8,141,225.90655204599997,1.87,2.14,4.57,4.85,False
88,88,8,194,117.63881263299999,0.7,2.62,6.87,11.41,False
89,89,12,62,225.39233221599997,2.87,2.06,4.26,11.73,False
90,90,10,167,105.430040065,1.53,2.49,6.21,19.87,False
91,91,8,176,419.248516628,2.68,1.66,2.77,2.94,True
92,92,6,58,173.81388193200004,5.39,1.66,2.75,7.17,False
93,93,6,2,283.821027348,1.93,1.95,3.79,4.25,False
94,94,6,122,164.305885687,4.05,1.69,2.87,5.2,False
95,95,12,14,140.262134451,4.02,2.19,4.81,18.75,False
96,96,4,186,48.739906999700004,0.71,2.39,5.69,9.79,False
97,97,4,71,176.931871642,1.71,1.73,3.0,5.86,False
98,98,6,154,165.685768009,1.69,2.57,6.58,12.33,False
99,99,6,194,125.219740775,1.56,3.04,9.25,9.31,True
100,100,4,186,42.0055039451,2.3,2.66,7.08,10.58,False
101,101,6,194,144.456546029,1.45,3.19,10.15,10.26,True
102,102,6,12,254.55218694299998,0.27,3.05,9.31,13.58,False
103,103,4,12,111.4345837,0.26,3.28,10.76,11.29,False
104,104,4,129,92.4065715356,0.99,2.19,4.8,11.57,False
105,105,6,98,158.598820518,0.15,3.9,15.19,22.24,False
106,106,7,12,257.80867658,1.04,3.0,9.01,18.62,False
107,107,4,71,153.747367344,1.7,1.68,2.84,5.33,False
108,108,6,194,168.31758908,0.97,3.77,14.24,15.25,False
109,109,6,136,72.62339140659999,3.07,1.62,2.61,6.24,False
110,110,4,186,83.3947991784,1.3,3.22,10.35,12.51,False
111,111,4,186,118.488001162,1.1,2.96,8.76,11.52,False
112,112,6,58,205.72122416599998,4.53,1.77,3.13,7.65,False
113,113,6,194,148.112375589,1.42,3.26,10.66,11.73,True
114,114,6,136,76.9424570154,3.24,1.55,2.42,6.65,False
115,115,6,136,73.4604470113,3.48,1.6,2.56,8.14,False
116,116,4,186,83.4378213072,1.96,2.86,8.21,10.52,False
117,117,4,186,94.80440992690001,1.2,2.68,7.18,10.4,False
118,118,6,186,244.11495056200002,2.37,2.14,4.57,10.24,True
119,119,4,186,94.2439233584,1.69,3.08,9.5,11.55,False
120,120,7,166,81.5641330939,1.32,2.86,8.17,17.83,False
121,121,5,217,87.5788872376,7.72,1.28,1.63,2.17,False
122,122,6,15,102.95372147,0.46,4.75,22.6,24.18,False
123,123,6,15,182.173441899,1.58,2.23,4.98,10.3,False
124,124,6,136,79.662409587,2.25,1.57,2.48,4.46,False
125,125,7,229,107.444948009,5.78,1.31,1.71,2.15,True
126,126,4,186,81.0743188498,2.08,2.41,5.83,9.1,False
127,127,6,58,68.6912778345,4.81,1.59,2.52,5.2,False
128,128,4,166,60.03513429270001,4.02,1.52,2.31,5.02,False
129,129,6,72,160.049382549,6.33,1.52,2.31,3.1,False
130,130,12,14,194.500184563,0.86,4.04,16.3,16.71,False
131,131,10,2,146.388796314,0.43,4.42,19.51,25.05,False
132,132,8,14,172.969006,2.05,1.68,2.83,5.12,False
133,133,8,138,255.07711036700002,1.69,2.19,4.81,5.37,False
134,134,8,12,282.011384225,4.93,1.62,2.61,4.92,False
135,135,10,36,321.527892854,1.32,1.9,3.63,7.69,False
136,136,10,36,358.540836244,0.67,2.34,5.49,9.23,False
137,137,10,36,407.937132191,0.74,2.19,4.79,8.54,False
138,138,10,12,96.47483644479999,4.46,1.78,3.16,8.98,False
139,139,12,96,183.244567195,5.51,1.5,2.24,4.04,True
140,140,12,82,193.642011575,5.73,1.47,2.15,3.74,False
141,141,8,12,241.955317102,1.56,2.27,5.16,5.5,False
142,142,8,113,206.51021701,1.37,2.44,5.94,13.58,False
143,143,10,43,137.236190688,1.38,2.13,4.52,5.22,False
144,144,12,205,359.25818005,1.12,3.23,10.43,14.77,False
145,145,12,194,202.46482496299998,4.6,1.35,1.82,2.35,False
146,146,8,41,305.544819901,2.23,1.82,3.31,5.23,False
147,147,8,167,100.30530191700001,0.86,2.93,8.61,9.67,False
148,148,10,69,296.78123914099996,0.71,2.19,4.8,8.48,False
149,149,12,62,402.723991203,0.35,4.11,16.87,32.16,False
150,150,9,189,391.88047139099996,3.05,2.08,4.34,17.76,False
151,151,8,194,181.502093245,1.23,2.02,4.08,8.23,False
152,152,8,167,97.26408460360001,1.15,2.34,5.49,14.97,False
153,153,8,167,128.367453982,4.02,1.51,2.28,6.1,False
154,154,12,194,182.96308114,7.09,1.3,1.7,2.14,False
155,155,8,176,219.03583951,3.65,1.93,3.74,10.22,False
156,156,8,225,170.41869507,2.72,1.61,2.6,8.79,False
157,157,8,176,258.099709313,2.92,2.1,4.41,10.69,False
158,158,8,41,289.97615096,1.51,2.16,4.65,6.31,False
159,159,8,12,199.90278133099997,5.26,1.69,2.85,5.35,False
160,160,9,180,112.862410931,8.09,1.32,1.74,3.39,True
161,161,10,9,262.14516454200003,1.04,2.82,7.96,12.03,False
162,162,12,205,121.826762067,2.13,2.04,4.18,10.8,False
163,163,8,198,88.1333635115,0.18,9.53,90.79,112.34,False
164,164,12,182,195.322942348,5.44,1.47,2.15,3.84,True
165,165,12,205,180.920258114,0.67,4.08,16.69,20.69,False
166,166,12,205,195.384509852,6.63,1.37,1.87,2.08,False
167,167,8,167,92.3102200416,7.6,1.39,1.94,4.99,False
168,168,8,36,141.375171434,2.16,1.65,2.73,8.97,False
169,169,12,14,185.00605272400003,2.69,1.49,2.23,2.58,False
170,170,12,62,128.018071886,1.0,3.18,10.14,17.32,False
171,171,8,167,109.79889208899999,3.11,1.63,2.67,8.61,False
172,172,8,40,140.216301774,4.44,1.68,2.83,9.48,False
173,173,8,12,230.826920243,1.26,2.47,6.12,6.63,False
174,174,10,167,103.163277499,2.44,2.51,6.32,11.05,False
175,175,20,14,285.58425606,6.56,1.49,2.22,2.47,False
176,176,14,11,237.796669685,3.82,1.73,2.98,7.57,False
177,177,14,194,178.37507088400002,0.66,1.74,3.03,4.01,True
178,178,16,204,378.679899767,0.17,9.05,81.92,92.27,False
179,179,14,166,122.945302921,2.48,2.74,7.53,7.82,False
180,180,14,166,130.68186168,2.65,2.77,7.67,8.08,False
181,181,14,176,148.648834285,4.25,2.07,4.26,8.16,False
182,182,14,141,165.455008275,0.69,2.49,6.22,12.69,False
183,183,14,59,197.794363967,2.16,2.21,4.88,13.67,False
184,184,16,62,233.041239857,4.68,1.88,3.54,41.19,False
185,185,14,166,103.448871661,1.85,2.4,5.75,6.4,False
186,186,20,14,363.328413265,4.03,1.88,3.52,6.48,True
187,187,16,33,286.027405125,5.36,1.48,2.19,5.24,False
188,188,15,152,147.972053829,6.3,1.65,2.72,4.79,False
189,189,12,205,190.583786142,1.02,4.43,19.65,22.83,False
190,190,12,62,333.73524074,3.79,2.17,4.71,34.55,False
191,191,12,33,181.16394285400003,5.66,1.5,2.25,3.99,False
192,192,12,189,275.730756016,0.87,1.92,3.69,7.43,False
193,193,16,19,349.2659922740001,0.87,2.86,8.18,15.33,False
194,194,12,92,232.28838992299998,3.25,1.82,3.32,15.2,False
195,195,12,14,147.11041008,3.47,2.31,5.35,21.28,False
196,196,16,62,216.374883843,1.26,1.97,3.89,15.97,True
197,197,16,63,208.844022617,1.21,3.29,10.83,48.48,False
198,198,20,15,292.018393443,0.8,4.41,19.47,23.67,False
199,199,12,9,192.255006826,5.5,1.47,2.17,3.9,True
200,200,12,61,264.89258142299997,0.6,3.3,10.9,11.54,False
201,201,12,189,431.41702212800004,1.56,1.74,3.04,6.24,False
202,202,12,189,290.887168298,0.34,2.86,8.2,13.22,False
203,203,16,62,501.037566365,3.35,1.98,3.93,60.46,False
204,204,16,59,565.372383718,0.69,2.12,4.51,5.23,True
205,205,12,189,489.339770166,0.91,1.83,3.36,6.27,False
206,206,16,19,582.085308971,3.99,1.57,2.47,3.3,False
207,207,8,194,224.03771484900003,1.24,2.55,6.49,8.61,True
208,208,12,19,231.678387885,3.26,1.82,3.33,14.87,False
209,209,10,13,330.524991442,4.16,1.65,2.71,4.54,False
210,210,6,186,158.089253408,1.49,2.47,6.12,12.48,False
211,211,5,217,90.6071718993,5.5,1.34,1.79,2.73,False
212,212,8,62,146.066700016,1.19,2.36,5.59,9.78,False
213,213,7,229,143.12250988,4.25,1.39,1.92,2.56,True
214,214,8,11,162.684988962,0.23,3.17,10.04,14.62,False
215,215,20,156,405.16539836199996,2.02,2.45,5.99,9.39,False
216,216,12,189,590.136084712,0.43,2.05,4.2,6.77,False
217,217,20,19,341.15010704,4.02,1.61,2.59,10.99,False
218,218,12,205,216.91832636,0.31,4.43,19.58,25.71,False
219,219,16,62,590.6372740019999,4.03,1.52,2.31,2.76,False
220,220,4,166,99.65898975709999,1.86,2.31,5.36,7.65,False
221,221,12,61,295.75758575,0.51,3.66,13.42,14.4,False
222,222,8,173,406.95252498300005,2.27,1.91,3.64,4.11,True
223,223,16,19,461.753899157,1.03,2.53,6.41,11.24,False
224,224,12,19,214.791609392,4.06,1.7,2.9,23.92,False
225,225,12,189,527.6803915219999,0.2,2.17,4.73,7.39,False
226,226,12,11,245.50007326,0.13,3.64,13.24,15.11,False
227,227,8,186,162.057441069,2.05,2.42,5.86,9.19,False
228,228,8,167,99.2059554589,4.71,1.52,2.3,6.72,False
229,229,4,221,67.3987702254,6.07,1.49,2.23,8.36,False
230,230,3,164,91.82753503219999,4.47,1.74,3.03,5.92,False
231,231,5,65,137.838276752,0.51,2.05,4.19,5.1,False
232,232,12,2,272.82336045200003,1.14,3.42,11.68,12.11,False
233,233,2,225,74.7411258288,1.95,2.3,5.29,14.13,False
234,234,3,225,81.31547494770001,1.32,1.87,3.49,14.11,False
235,235,6,72,243.256984517,4.07,1.79,3.19,3.97,False
236,236,6,136,207.75634867099998,4.45,1.76,3.11,7.68,True
237,237,4,186,138.26181167299998,2.36,2.34,5.49,8.0,False
238,238,2,225,62.626446859,2.23,2.28,5.18,11.89,False
239,239,8,194,198.511437489,1.88,2.32,5.4,7.57,True
240,240,8,57,194.57888435099997,3.2,1.95,3.8,20.91,False
241,241,20,156,209.90929789,2.01,2.67,7.12,10.52,False
242,242,16,2,327.398254197,0.4,3.07,9.41,10.26,False
243,243,14,160,146.960668927,1.85,2.72,7.39,10.83,False
244,244,20,19,344.649538152,4.14,1.52,2.31,6.68,False
245,245,12,186,243.037074537,2.04,2.42,5.87,9.23,False
246,246,10,9,227.72676702599998,1.7,2.42,5.87,10.23,False
247,247,10,36,284.988153443,1.29,1.97,3.89,8.01,False
248,248,12,62,332.05295411099996,0.29,3.97,15.76,29.42,False
249,249,16,227,287.876780371,2.68,1.49,2.22,6.15,False
250,250,16,62,576.387265231,3.74,1.72,2.95,7.67,False
251,251,20,62,597.341134374,0.76,3.97,15.76,63.53,True
252,252,12,62,391.78350822699997,2.87,1.75,3.08,5.14,True
253,253,20,227,398.766445056,4.01,1.67,2.8,3.83,False
254,254,20,92,482.42039062099997,0.81,3.73,13.88,17.43,False
255,255,12,33,338.43170967099996,4.04,1.68,2.81,5.12,False
256,256,12,59,423.565823707,1.44,1.59,2.54,3.07,True
257,257,20,186,405.04603214599996,2.03,2.43,5.91,9.29,False
258,258,20,60,321.405483849,0.19,5.03,25.29,27.31,False
259,259,6,166,240.292057403,2.37,2.16,4.68,10.54,True
260,260,16,19,525.035281089,0.67,2.79,7.79,12.8,False
261,261,10,160,202.53006091700001,2.04,2.43,5.9,9.27,False
262,262,8,176,278.214474594,4.71,1.43,2.03,2.2,True
263,263,8,58,205.081573995,1.35,2.96,8.77,15.16,False
264,264,12,60,144.529320169,3.56,1.6,2.55,8.38,False
265,265,2,225,76.0067008889,1.76,2.43,5.9,12.4,False
266,266,2,216,34.8236819391,2.67,2.45,6.0,7.72,False
267,267,2,216,45.505516444499996,2.02,2.72,7.41,8.5,False
268,268,6,152,109.44162425,1.31,2.36,5.58,10.33,False
269,269,3,164,83.8287930779,0.33,3.51,12.3,58.33,False
270,270,3,225,133.956580025,1.8,1.82,3.31,6.79,False
271,271,8,12,202.982679409,0.57,3.17,10.02,16.29,False
272,272,6,72,203.45737488,5.18,1.59,2.51,3.23,False
273,273,2,221,74.1955325029,0.37,2.3,5.29,9.83,False
274,274,4,129,93.2769041048,2.99,2.0,4.02,57.69,False
275,275,8,186,83.96315911399999,2.22,2.67,7.13,10.54,False
276,276,6,58,75.516858117,0.81,2.19,4.79,12.59,False
277,277,8,12,199.75893482400002,1.41,2.01,4.02,5.33,False
278,278,9,154,128.9141414,3.25,1.76,3.11,6.36,False
279,279,7,148,246.519431607,1.07,2.39,5.7,8.47,False
280,280,12,36,201.89854389200002,3.44,1.48,2.18,3.16,True
281,281,7,148,216.85654382599998,1.92,1.88,3.55,4.94,False
282,282,12,92,188.707766892,3.28,1.7,2.91,5.71,False
283,283,8,194,159.01010226399998,0.48,2.88,8.29,12.39,False
284,284,12,33,288.119460157,1.49,3.11,9.66,11.75,False
285,285,12,87,144.237066082,1.09,2.94,8.66,14.16,False
286,286,8,194,129.522340873,0.64,2.75,7.56,12.09,False
287,287,12,12,146.706323012,2.68,2.49,6.2,35.47,False
288,288,6,160,121.470683077,2.06,2.39,5.73,9.34,False
289,289,8,194,309.068736432,0.11,3.71,13.8,20.16,False
290,290,8,176,349.83195613,3.83,1.49,2.22,2.37,True
291,291,6,58,92.01162025010001,0.28,5.53,30.62,48.93,False
292,292,6,140,239.531538309,0.34,2.97,8.83,13.33,True
293,293,4,225,70.631705341,0.7,3.19,10.19,22.31,False
294,294,4,160,130.162371176,0.54,2.68,7.18,9.68,False
295,295,10,12,301.517512501,1.08,1.89,3.57,6.3,False
296,296,10,69,331.42765089799997,0.76,2.13,4.55,8.15,False
297,297,8,194,239.28624744,0.4,3.31,10.98,17.54,False
298,298,8,12,281.943152119,2.49,1.91,3.66,7.17,False
299,299,8,167,125.708689416,3.57,1.59,2.52,4.54,False
300,300,8,148,213.650284503,1.52,1.94,3.76,4.96,False
301,301,10,43,135.42376469,0.71,2.35,5.5,6.22,False
302,302,20,62,179.15198638099997,0.36,3.41,11.61,24.54,False
303,303,16,186,168.046254141,1.78,2.66,7.1,10.49,False
304,304,14,176,177.60490853,1.89,2.27,5.16,10.21,False
305,305,18,2,408.569495035,0.89,3.34,11.18,14.04,False
306,306,12,40,189.231551892,5.62,1.48,2.19,3.9,False
307,307,12,189,343.822654413,0.46,2.73,7.48,12.79,False
308,308,8,11,179.159333068,1.13,2.54,6.47,9.6,False
309,309,12,62,339.27908183,0.31,4.07,16.56,29.9,False
310,310,4,36,145.521117863,0.62,3.02,9.1,12.48,False
311,311,2,225,28.5783803525,3.74,1.77,3.13,10.34,False
312,312,6,36,128.132291283,1.3,2.97,8.85,11.71,False
313,313,12,221,179.027647854,2.84,1.61,2.6,8.65,False
314,314,6,136,237.268939628,2.57,2.21,4.88,21.97,True
315,315,3,166,96.2077940261,0.45,2.05,4.21,9.06,False
316,316,6,58,76.2105922854,0.43,4.8,23.05,37.6,False
317,317,12,60,162.821587978,2.77,1.54,2.38,7.67,False
318,318,6,136,146.81206001299998,1.34,1.43,2.04,3.42,True
319,319,2,225,46.209178350600006,3.43,1.65,2.72,8.32,False
320,320,8,194,289.48908491,0.21,2.97,8.8,15.78,False
321,321,4,225,45.386638186499994,1.68,2.21,4.89,18.23,False
322,322,4,36,95.5158282162,5.82,1.43,2.04,2.77,False
323,323,8,64,158.281398177,2.34,1.59,2.54,6.31,False
324,324,8,12,313.466114475,3.98,1.77,3.12,5.67,False
325,325,3,139,37.9857757495,2.73,1.84,3.38,19.63,True
326,326,10,160,202.501941276,2.07,2.42,5.87,9.19,False
327,327,6,136,61.391611247,3.71,1.99,3.95,10.34,False
328,328,2,225,55.005178666300004,2.92,1.67,2.8,8.88,False
329,329,6,140,237.563046505,2.17,1.88,3.53,4.42,True
330,330,8,194,353.715042532,0.39,2.84,8.09,13.83,False
331,331,10,12,213.81170034099998,0.93,2.84,8.08,24.03,False
332,332,4,63,201.131618844,1.4,2.13,4.55,9.59,False
333,333,8,194,197.88060415,2.01,2.32,5.4,7.55,True
334,334,10,9,331.841581863,0.64,3.42,11.67,15.73,False
335,335,4,164,111.212819135,1.63,2.34,5.46,8.04,False
336,336,8,2,312.485336842,1.77,1.78,3.16,4.71,False
337,337,8,12,199.144733034,1.52,2.22,4.92,5.44,False
338,338,4,225,37.1566479758,2.32,2.25,5.07,14.41,False
339,339,4,160,111.866401028,1.22,2.56,6.53,8.68,False
340,340,8,167,68.2763859793,2.2,2.12,4.49,11.72,False
341,341,3,166,98.6711706866,2.88,1.92,3.68,7.79,False
342,342,10,9,225.008609019,1.81,2.46,6.06,9.99,False
343,343,2,225,47.253139932299995,5.52,1.43,2.06,7.27,False
344,344,8,39,187.295707394,3.01,2.0,4.0,39.49,True
345,345,4,216,48.452191531800004,0.59,2.53,6.39,10.46,False
346,346,6,166,194.65365524,2.86,1.94,3.74,7.99,False
347,347,8,160,161.440401587,2.06,2.43,5.89,9.2,False
348,348,8,138,318.32751561099997,2.09,2.16,4.67,5.09,True
349,349,8,64,153.188428711,0.54,2.65,7.04,16.8,False
350,350,8,12,202.800187572,1.89,2.11,4.44,4.81,False
351,351,10,12,274.91544252799997,0.76,2.56,6.53,9.87,False
352,352,6,186,81.8093481185,1.52,2.73,7.44,9.29,False
353,353,8,194,208.654070542,0.48,2.51,6.28,10.3,False
354,354,10,9,260.86641193,1.8,2.43,5.93,9.35,False
355,355,4,225,76.4402840381,0.34,3.71,13.78,27.41,False
356,356,10,14,211.19371932200002,0.65,3.58,12.82,25.16,False
357,357,10,160,104.962271343,1.95,2.68,7.18,10.59,False
358,358,10,69,373.595574994,0.4,2.35,5.53,9.1,False
359,359,9,152,105.355156063,8.32,1.34,1.8,3.49,False
360,360,8,11,207.118611277,0.32,3.09,9.55,13.04,False
361,361,8,113,236.71392886400002,0.93,2.86,8.17,16.35,False
362,362,18,148,328.266185615,5.61,1.41,2.0,3.39,False
363,363,20,14,378.96754924699997,3.62,1.85,3.41,6.57,False
364,364,18,11,553.161159657,1.99,2.11,4.45,5.45,False
365,365,14,220,188.68278480799998,0.33,5.35,28.67,76.72,False
366,366,12,14,217.342989509,0.81,4.62,21.36,28.91,False
367,367,16,15,200.914089114,3.55,2.0,4.02,8.22,False
368,368,14,43,431.69904842,0.48,3.12,9.75,19.43,False
369,369,14,227,191.041408075,0.23,3.09,9.56,18.38,False
370,370,12,14,273.845770677,0.49,4.99,24.86,34.62,False
371,371,14,15,191.599723565,1.47,1.65,2.71,5.99,False
372,372,18,166,516.2081318180001,1.82,1.9,3.62,3.73,True
373,373,16,62,271.399614362,2.58,1.5,2.24,3.5,True
374,374,12,61,191.933924179,0.29,2.52,6.37,11.3,False
375,375,16,15,490.915016196,2.02,2.1,4.41,4.85,True
376,376,16,14,489.081393825,0.6,3.76,14.14,19.73,False
377,377,16,41,264.36698876099996,1.47,1.41,1.98,2.5,True
378,378,12,62,352.25657714199997,3.07,2.09,4.37,54.82,False
379,379,12,1,203.558657022,4.09,1.6,2.55,5.5,True
380,380,16,14,247.976562295,5.14,1.51,2.28,5.73,False
381,381,12,189,153.905627707,1.74,1.58,2.49,6.17,False
382,382,12,62,276.163791195,0.97,3.32,11.05,15.56,False
383,383,12,136,149.362187516,1.24,2.37,5.62,11.33,False
384,384,16,52,217.63000213799998,1.25,2.07,4.28,9.8,False
385,385,18,15,298.690800761,3.66,1.48,2.19,3.14,False
386,386,20,70,430.370378914,0.64,2.83,7.99,22.76,False
387,387,12,205,157.877003716,1.25,2.11,4.46,10.16,False
388,388,12,205,157.79762162,0.46,4.61,21.21,28.24,False
389,389,16,59,552.2348912369999,0.7,2.14,4.59,5.33,True
390,390,10,72,278.00771934200003,0.97,2.0,3.98,9.16,True
391,391,6,123,84.9473970694,6.79,1.39,1.94,10.63,True
392,392,7,111,243.751354114,0.3,2.93,8.59,12.02,True
393,393,10,72,375.87256579300004,0.85,2.2,4.85,9.06,True
394,394,7,221,77.37962771640001,3.58,1.68,2.81,9.01,True
395,395,6,11,67.9537493339,2.82,1.53,2.33,6.37,True
396,396,8,122,246.598897385,1.59,2.73,7.47,10.28,True
397,397,4,12,69.316378756,0.37,2.41,5.81,9.58,True
398,398,5,164,142.717982917,0.16,9.88,97.63,110.48,True
399,399,6,129,167.535341924,1.04,3.08,9.5,18.11,True
400,400,5,164,67.1578739882,2.0,2.42,5.86,18.33,True
401,401,6,129,208.90766408099998,2.03,2.02,4.09,9.65,True
402,402,7,82,236.556016022,1.62,2.83,7.98,10.72,True
403,403,10,194,256.282653791,0.72,1.87,3.5,10.28,True
404,404,8,122,49.479355053999996,3.85,2.19,4.79,7.15,True
405,405,8,166,188.881090728,1.29,2.7,7.28,11.66,True
406,406,5,12,93.620586505,3.15,1.64,2.67,7.28,True
407,407,9,164,142.09782799799999,2.04,1.57,2.46,8.77,True
408,408,6,166,106.053761432,2.21,2.22,4.94,10.74,True
409,409,9,189,260.89087532900004,0.86,2.94,8.65,21.1,True
410,410,5,221,96.2901266851,6.9,1.52,2.31,9.2,True
411,411,5,164,97.1285296151,0.88,3.33,11.12,20.23,True
412,412,8,194,90.70890344690001,1.38,2.86,8.2,11.2,True
413,413,9,87,344.065015855,2.1,1.92,3.69,12.39,True
414,414,6,63,178.777628403,2.1,2.08,4.34,13.63,True
415,415,8,141,90.6556710678,2.13,1.95,3.79,11.06,True
416,416,8,148,168.19593887899998,2.82,1.48,2.19,5.87,True
417,417,8,215,158.592377255,1.03,2.68,7.21,7.65,True
418,418,8,121,123.92909788899999,3.9,1.63,2.65,5.5,True
419,419,5,164,104.04859320799999,0.88,2.59,6.71,20.94,True
420,420,7,111,280.266709067,1.1,2.33,5.42,9.32,True
421,421,9,164,152.33403849299998,5.8,1.44,2.07,7.53,True
422,422,8,141,188.25762571200002,1.55,2.65,7.04,24.3,True
423,423,7,82,174.34518958799995,2.15,2.51,6.29,9.18,True
424,424,6,129,118.91044881399999,4.07,2.07,4.29,18.31,True
425,425,9,225,337.210409767,1.43,1.88,3.52,7.78,True
426,426,6,82,101.943673461,4.25,1.56,2.42,4.29,True
427,427,7,166,277.955974533,0.61,2.33,5.41,8.88,True
428,428,5,164,175.92830914299995,0.4,4.13,17.09,24.15,True
429,429,7,139,108.69196997799999,6.41,1.41,1.99,6.78,True
430,430,5,221,70.3544125452,6.94,1.48,2.19,6.48,True
431,431,5,221,66.5998383662,6.95,1.44,2.06,6.88,True
432,432,6,186,196.15783926900002,0.34,3.31,10.96,14.16,True
433,433,8,166,200.626615443,1.28,2.79,7.78,12.31,True
434,434,9,164,186.243650368,5.34,1.48,2.2,8.26,True
435,435,5,221,93.84565537360001,3.27,1.77,3.15,11.55,True
436,436,3,216,68.5782031018,0.21,5.17,26.76,29.37,True
437,437,5,164,88.3628010006,2.16,2.35,5.52,15.34,True
438,438,6,129,115.34064474600001,1.48,2.36,5.55,18.82,True
439,439,4,166,72.5469508095,0.98,2.92,8.55,13.53,True
440,440,9,225,333.124831881,1.31,1.81,3.26,11.0,True
441,441,6,164,192.912512635,1.73,2.39,5.69,12.16,True
442,442,6,65,67.7006470719,0.86,2.28,5.2,9.31,True
443,443,7,82,221.744341249,1.02,3.25,10.57,13.55,True
444,444,5,139,129.60822787200001,2.02,1.74,3.02,7.41,True
445,445,6,129,163.439361287,2.31,2.02,4.1,8.97,True
446,446,8,194,113.825905823,0.24,2.35,5.5,8.96,True
447,447,5,221,65.7232228521,1.67,2.62,6.87,7.87,True
448,448,9,162,147.79736609999995,2.86,1.86,3.45,9.94,True
449,449,7,139,166.552418765,3.01,1.79,3.2,8.9,True
450,450,8,225,155.393999329,5.38,1.38,1.89,4.8,True
451,451,10,36,233.902615873,0.86,2.74,7.49,14.24,True
452,452,5,160,92.1589277412,3.85,1.66,2.74,7.12,True
453,453,5,139,60.518568942799995,3.72,1.64,2.7,5.4,True
454,454,10,11,227.60325840099998,3.22,1.5,2.25,5.04,True
455,455,6,129,106.920286062,3.05,1.98,3.92,10.19,True
456,456,9,164,143.667948909,2.57,1.53,2.35,7.89,True
457,457,10,63,272.944636381,1.08,2.76,7.63,11.36,True
458,458,9,225,158.737995958,2.42,1.5,2.24,5.2,True
459,459,6,194,175.971601404,0.6,3.0,8.97,12.05,True
460,460,9,225,249.343945402,1.85,1.78,3.18,9.51,True
461,461,9,225,341.51133116799997,2.05,1.93,3.73,14.23,True
462,462,5,164,118.873905272,1.26,3.01,9.08,16.28,True
463,463,8,194,128.36517087,0.71,3.46,12.01,15.48,True
464,464,8,227,150.50012119,2.47,1.76,3.09,4.66,True
465,465,9,164,136.886788616,5.8,1.43,2.03,8.51,True
466,466,4,166,54.633956269399995,2.8,2.15,4.62,10.55,True
467,467,8,63,162.099382651,0.91,2.01,4.04,6.09,True
468,468,3,216,64.42130287260001,0.38,4.43,19.63,23.92,True
469,469,9,225,262.127210885,1.2,1.8,3.24,7.28,True
470,470,6,131,110.224628777,0.26,2.6,6.78,13.48,True
471,471,10,194,295.036925248,0.48,1.76,3.08,15.17,True
472,472,6,59,147.705613119,0.18,3.99,15.92,20.01,True
473,473,8,148,106.392636054,1.53,1.59,2.53,5.98,True
474,474,8,148,115.50287835799999,1.87,1.84,3.4,5.74,True
475,475,6,186,124.95634345,0.41,4.43,19.6,34.18,True
476,476,10,194,276.427709963,0.82,1.87,3.48,9.97,True
477,477,6,194,142.963239097,0.11,16.03,256.84,277.78,True
478,478,7,121,210.874072505,0.77,2.79,7.76,11.66,True
479,479,3,187,82.70519817270001,0.2,5.74,33.0,38.01,True
480,480,6,71,93.5949061032,0.23,2.39,5.69,16.04,True
481,481,9,164,165.217522771,7.13,1.46,2.12,9.51,True
482,482,4,166,44.773184220299996,3.76,1.83,3.36,8.86,True
483,483,9,225,270.225948366,2.48,1.88,3.52,100.8,True
484,484,3,216,74.5758829322,1.81,2.58,6.64,10.79,True
485,485,10,148,106.991744635,4.84,1.52,2.31,7.38,True
486,486,9,225,131.810282844,1.87,2.11,4.44,11.69,True
487,487,4,166,77.4332132428,2.37,2.15,4.61,14.05,True
488,488,7,166,256.866861258,0.94,2.22,4.91,8.58,True
489,489,10,2,256.634126019,1.75,2.47,6.1,11.69,True
490,490,4,166,62.9703082201,2.63,2.21,4.87,11.77,True
491,491,6,59,128.877479879,2.36,1.86,3.47,7.19,True
492,492,4,166,59.460229033199994,3.58,1.83,3.34,8.38,True
493,493,9,162,125.649891737,0.52,2.28,5.2,14.44,True
494,494,7,121,179.115120872,1.39,2.76,7.62,10.78,True
495,495,8,122,217.894296875,1.57,2.43,5.92,9.14,True
496,496,10,162,329.925481789,0.46,3.54,12.55,19.83,True
497,497,5,221,98.9547442982,0.65,1.74,3.02,77.88,True
498,498,8,65,112.00244965600001,2.52,2.06,4.25,17.19,True
499,499,10,109,303.91473712,1.61,2.62,6.85,9.7,True
500,500,9,225,306.165540186,0.62,2.16,4.68,8.93,True
501,501,8,63,145.019684856,0.86,2.03,4.14,6.17,True
502,502,9,225,275.352953375,2.61,1.79,3.22,8.86,True
503,503,10,72,368.81133699599997,2.05,2.21,4.89,9.55,True
504,504,10,162,165.591371371,1.24,2.21,4.88,13.7,True
505,505,8,225,165.992220809,3.46,1.44,2.06,5.49,True
506,506,7,82,236.18382199299998,0.66,3.47,12.07,16.56,True
507,507,9,225,140.356025627,7.22,1.36,1.86,5.95,True
508,508,9,225,264.76783622,1.94,1.76,3.08,6.7,True
509,509,9,225,439.138981014,1.39,2.2,4.84,12.91,True
510,510,9,1,153.128126305,1.46,3.89,15.17,18.45,True
511,511,9,225,65.1896942998,1.91,2.34,5.5,17.13,True
512,512,5,221,151.40597158100002,1.75,1.85,3.41,13.51,True
513,513,8,122,272.94134742,1.38,2.68,7.21,10.12,True
514,514,8,63,188.42855456200002,0.73,3.4,11.57,20.65,True
515,515,4,225,118.82751844100001,0.67,3.02,9.14,19.41,True
516,516,6,194,114.941042542,1.28,2.87,8.23,12.61,True
517,517,5,221,108.531333,0.72,3.13,9.79,38.3,True
518,518,9,189,231.36384362400003,1.24,2.8,7.87,18.47,True
519,519,5,221,155.820925267,1.03,1.8,3.26,9.74,True
520,520,9,225,282.388618388,2.54,1.65,2.73,8.61,True
521,521,8,148,114.011076806,2.23,1.69,2.86,6.21,True
522,522,3,216,53.4209408057,0.55,3.99,15.95,22.95,True
523,523,6,12,148.751271809,1.17,2.23,4.97,10.75,True
524,524,10,65,116.440615586,0.3,3.87,15.02,17.42,True
525,525,7,139,197.433920658,4.77,1.59,2.52,10.65,True
526,526,4,225,144.252312271,0.6,4.34,18.82,32.41,True
527,527,8,63,169.90805395,0.66,3.4,11.59,21.01,True
528,528,8,63,186.16545782400001,0.42,3.99,15.93,26.87,True
529,529,10,167,94.04102368139999,1.82,2.14,4.6,9.62,True
530,530,9,225,354.575910253,1.44,1.79,3.22,8.22,True
531,531,9,225,295.319746287,1.17,1.98,3.93,14.61,True
532,532,8,194,113.931320156,2.12,2.42,5.84,13.81,True
533,533,8,148,105.838077704,2.08,1.81,3.27,6.06,True
534,534,5,99,67.5157794197,1.73,2.43,5.91,11.53,True
535,535,6,129,78.12979498060001,1.16,2.88,8.27,15.24,True
536,536,6,216,117.98435316700001,4.57,1.58,2.51,21.9,True
537,537,4,166,45.4020845614,0.98,2.42,5.84,10.5,True
538,538,10,194,137.625530427,2.01,2.52,6.36,18.37,True
539,539,8,194,104.367781133,2.33,2.43,5.91,14.02,True
540,540,5,221,147.838688724,0.89,1.73,3.01,15.68,True
541,541,8,194,151.59639248,2.85,2.02,4.08,20.77,True
542,542,10,194,119.63536627,1.34,2.15,4.62,13.02,True
543,543,8,227,133.576238864,3.37,1.67,2.79,24.01,True
544,544,10,36,142.39547280000005,2.6,2.03,4.13,7.73,True
545,545,5,164,127.32180595700001,1.35,2.97,8.85,15.39,True
546,546,3,187,50.452815352799995,1.51,2.96,8.77,14.74,True
547,547,8,122,88.25302281409998,4.68,2.01,4.02,9.91,True
548,548,6,129,93.565029272,2.64,2.26,5.09,14.74,True
549,549,9,162,119.48863132299999,2.14,2.13,4.53,19.88,True
550,550,5,221,65.4917138563,2.1,2.34,5.48,8.81,True
551,551,5,221,77.5180248574,2.66,1.49,2.22,13.39,True
552,552,8,59,190.96434475700002,0.69,2.53,6.39,11.93,True
553,553,9,225,307.69390907,1.69,2.04,4.18,21.27,True
554,554,4,166,51.7750344616,1.13,2.69,7.24,13.49,True
555,555,8,225,139.861541943,3.22,1.47,2.18,4.52,True
556,556,6,129,103.332321149,2.13,1.8,3.23,15.8,True
557,557,9,162,121.016391273,1.41,2.06,4.24,11.29,True
558,558,8,148,101.87795617100001,2.04,1.79,3.22,5.08,True
559,559,5,221,67.3780041588,4.55,1.53,2.33,7.24,True
560,560,6,129,114.75700981799999,0.91,3.07,9.45,18.7,True
561,561,8,122,173.815312563,1.9,2.4,5.76,8.44,True
562,562,6,129,144.939821131,2.75,1.94,3.77,8.91,True
563,563,4,166,144.871048742,1.3,2.56,6.54,13.64,True
564,564,5,139,81.8321248491,0.76,2.52,6.34,15.99,True
565,565,4,166,93.5466949283,1.52,2.61,6.79,21.15,True
566,566,7,166,188.886353016,0.74,2.47,6.1,9.84,True
567,567,8,148,143.026223669,4.88,1.41,1.97,5.92,True
568,568,8,194,79.2237812747,1.58,2.95,8.7,16.46,True
569,569,8,217,216.809142822,0.98,2.45,6.02,16.95,True
570,570,8,122,76.17212602,3.8,2.06,4.24,9.37,True
571,571,10,36,206.86981367799999,1.14,2.5,6.24,12.29,True
572,572,10,72,410.688847296,0.96,2.17,4.71,8.78,True
573,573,5,12,66.1665429517,3.04,1.64,2.71,6.69,True
574,574,6,63,213.635616889,1.73,2.1,4.43,10.88,True
575,575,8,63,247.702928133,1.07,2.64,6.98,12.68,True
576,576,7,139,218.56031642099998,0.98,2.92,8.54,19.13,True
577,577,8,59,90.91416419629999,1.25,2.11,4.45,27.41,True
578,578,8,63,213.017966565,1.14,2.55,6.52,12.75,True
579,579,5,164,115.351887318,0.26,3.93,15.47,24.72,True
580,580,6,164,130.64288097899998,1.46,2.14,4.58,9.24,True
581,581,9,225,269.033096519,2.15,1.75,3.07,8.62,True
582,582,7,166,244.978475395,0.95,2.16,4.69,8.63,True
583,583,10,63,118.765053164,1.28,2.7,7.31,14.04,True
584,584,7,139,94.02557679430001,2.11,1.86,3.45,7.32,True
585,585,7,82,236.47818719900002,1.11,3.07,9.41,13.59,True
586,586,8,148,120.656535658,1.96,1.71,2.91,7.55,True
587,587,8,122,202.942144661,1.14,2.65,7.05,9.7,True
588,588,10,72,336.161656856,0.96,2.49,6.18,10.75,True
589,589,8,63,228.34138877200002,1.07,2.63,6.9,12.71,True
590,590,10,140,153.902782775,2.78,1.49,2.23,9.96,True
591,591,9,225,290.881888507,2.64,1.77,3.12,10.94,True
592,592,9,225,134.029685361,1.97,2.1,4.42,11.68,True
593,593,4,166,45.0922263771,1.38,2.63,6.92,10.99,True
594,594,5,221,66.7983340336,1.42,2.62,6.89,7.94,True
595,595,7,139,113.75613443700001,4.3,1.47,2.15,9.06,True
596,596,10,72,277.70435733700003,1.21,2.34,5.47,10.27,True
597,597,9,1,144.392223377,1.02,4.12,17.0,20.85,True
598,598,5,164,136.075277535,1.14,2.53,6.4,11.98,True
599,599,8,122,59.0698771801,7.28,1.71,2.93,8.16,True
600,600,10,194,350.718440945,4.04,1.72,2.97,10.89,True
601,601,4,166,49.666465621499995,6.81,1.3,1.7,4.9,True
602,602,4,166,46.035719847299994,1.67,2.69,7.25,9.9,True
603,603,8,215,186.213332176,1.36,2.72,7.38,7.74,True
604,604,9,121,157.14994218799998,1.43,3.13,9.83,10.78,True
605,605,5,221,117.828085341,2.92,1.7,2.9,23.83,True
606,606,5,139,97.2506463233,0.74,2.51,6.28,17.84,True
607,607,8,122,149.485112152,1.69,2.57,6.62,8.68,True
608,608,7,82,165.252802325,2.11,2.41,5.82,9.52,True
609,609,6,215,58.2808730263,4.93,1.67,2.79,7.32,True
610,610,8,148,113.055815972,4.93,1.42,2.01,5.51,True
611,611,5,164,122.30299079299999,0.71,3.49,12.15,22.74,True
612,612,7,71,86.3125774786,4.38,1.46,2.13,6.65,True
613,613,4,225,167.981709351,0.86,2.76,7.64,19.59,True
614,614,10,72,306.118446786,1.0,2.53,6.38,11.18,True
615,615,4,12,48.3484116631,0.49,2.41,5.79,9.15,True
616,616,5,164,104.56531698100001,2.41,2.33,5.44,16.76,True
617,617,10,225,195.093502563,3.35,1.42,2.02,2.7,True
618,618,9,225,158.910959005,4.06,1.64,2.67,5.76,True
619,619,8,122,173.74811502,1.43,3.29,10.82,13.52,True
620,620,3,216,52.3552505341,0.11,3.94,15.55,19.23,True
621,621,6,129,125.76493120200001,0.36,4.09,16.71,26.94,True
622,622,9,225,73.2629638766,3.07,2.3,5.3,18.15,True
623,623,8,194,167.143722913,0.5,3.51,12.35,14.41,True
624,624,10,161,94.49163432579999,4.05,1.99,3.95,10.97,True
625,625,4,166,50.75435767810001,2.93,2.09,4.38,9.64,True
626,626,7,221,193.59488301,1.84,2.11,4.46,11.24,True
627,627,3,216,80.3345053103,0.36,4.42,19.53,25.05,True
628,628,10,146,107.408417319,1.69,2.17,4.73,10.07,True
629,629,5,99,68.4707479205,1.48,2.38,5.68,12.26,True
630,630,9,225,249.162307533,1.2,1.89,3.57,9.85,True
631,631,6,129,251.000454806,0.83,2.71,7.33,14.75,True
632,632,5,221,150.46282867,0.56,2.23,4.96,13.99,True
633,633,8,148,133.420951831,5.07,1.4,1.95,5.51,True
634,634,6,63,67.8169678758,2.8,1.53,2.34,4.89,True
635,635,5,164,99.59350732440001,3.06,2.26,5.12,16.88,True
636,636,4,166,82.1135666997,1.92,2.42,5.84,21.16,True
637,637,7,82,190.57992473,0.92,2.96,8.78,14.14,True
638,638,4,166,100.18876594700001,2.27,1.89,3.56,8.38,True
639,639,3,216,57.0456402781,0.27,4.29,18.37,22.4,True
640,640,6,129,183.162716255,2.41,2.12,4.49,8.86,True
641,641,5,164,42.030760731,4.18,1.62,2.62,7.14,True
642,642,4,225,177.36958558599997,0.3,3.4,11.57,22.89,True
643,643,9,225,432.491164176,2.21,1.95,3.8,12.36,True
644,644,5,99,67.5951494724,1.73,2.43,5.89,11.5,True
645,645,5,164,83.8633643847,2.99,2.26,5.1,15.09,True
646,646,6,129,122.719854364,5.94,1.69,2.86,9.85,True
647,647,10,194,183.92165889900002,5.36,1.52,2.31,17.7,True
648,648,7,82,175.603563675,1.4,2.77,7.68,11.03,True
649,649,5,164,138.006571704,1.07,3.08,9.46,17.0,True
650,650,3,216,84.5834207313,1.58,2.56,6.53,10.71,True
651,651,5,221,192.36063440400002,4.39,1.72,2.97,19.82,True
652,652,6,194,194.627052965,0.69,3.23,10.44,23.99,True
653,653,7,82,212.015719252,0.95,2.76,7.61,11.36,True
654,654,8,148,126.733866901,2.64,1.57,2.46,4.96,True
655,655,9,225,263.852600006,1.29,1.85,3.41,7.12,True
656,656,7,97,238.39533603400002,0.29,3.11,9.68,15.73,True
657,657,9,162,108.78706520200001,0.71,2.27,5.13,14.48,True
658,658,8,215,168.64675208100002,1.66,2.53,6.41,6.73,True
659,659,8,148,147.21046190799998,5.41,1.39,1.94,4.91,True
660,660,5,71,85.1080314014,1.37,2.07,4.29,10.13,True
661,661,3,216,30.0596181665,0.51,3.25,10.54,20.4,True
662,662,10,59,165.990206781,3.09,1.51,2.29,8.53,True
663,663,10,148,101.029924467,3.65,1.92,3.67,11.41,True
664,664,6,186,157.033664154,0.58,3.26,10.61,16.31,True
665,665,7,166,262.257453424,0.73,2.26,5.11,8.87,True
666,666,4,166,83.26531849439999,2.43,2.23,4.96,14.39,True
667,667,8,225,123.13500508899999,7.01,1.29,1.67,3.34,True
668,668,7,97,239.439390543,1.45,2.71,7.34,12.95,True
669,669,4,123,142.235436477,1.75,1.87,3.5,5.95,True
670,670,7,166,157.191302707,1.23,2.21,4.88,10.63,True
671,671,5,71,153.043231204,1.0,2.42,5.88,10.15,True
672,672,6,215,67.0025189751,4.05,1.75,3.06,7.56,True
673,673,8,15,105.566150422,1.43,2.06,4.26,12.54,True
674,674,5,221,65.1378453638,2.46,1.88,3.55,9.45,True
675,675,10,71,151.332153385,0.86,2.14,4.58,16.85,True
676,676,8,122,154.878270671,1.36,3.24,10.53,12.42,True
677,677,4,216,63.5201011857,0.45,4.46,19.9,28.8,True
678,678,8,148,125.99022777299999,4.99,1.53,2.35,10.45,True
679,679,7,139,120.026353345,4.71,1.5,2.25,6.38,True
680,680,6,129,132.0110034,3.06,1.91,3.66,8.68,True
681,681,8,148,118.951338278,2.19,1.74,3.02,5.55,True
682,682,8,122,223.84965561799999,1.02,3.17,10.05,11.7,True
683,683,9,225,291.040697085,1.25,1.75,3.07,10.19,True
684,684,5,221,59.8597533517,0.33,7.31,53.41,70.86,True
685,685,7,12,129.813807677,1.87,1.51,2.29,6.09,True
686,686,8,122,67.7259119311,3.56,2.14,4.57,8.53,True
687,687,7,82,188.090225186,2.0,2.48,6.16,9.31,True
688,688,7,139,134.035703435,2.65,1.68,2.81,6.09,True
689,689,9,225,257.817865262,1.08,1.74,3.03,11.84,True
690,690,6,129,172.186710494,3.59,1.97,3.87,7.37,True
691,691,8,65,110.263002358,0.19,2.46,6.07,20.01,True
692,692,6,129,196.168389065,1.27,2.8,7.82,12.97,True
693,693,10,65,116.872282502,0.31,3.97,15.76,18.6,True
694,694,8,140,237.40145484599998,1.28,2.74,7.51,17.85,True
695,695,9,162,93.40087846610001,1.98,2.11,4.45,11.96,True
696,696,4,166,126.21582881399999,1.56,2.5,6.24,13.48,True
697,697,6,194,149.378019039,0.18,6.78,45.99,52.03,True
698,698,9,164,109.900729525,2.73,2.17,4.7,17.36,True
699,699,8,215,214.668405743,1.14,3.03,9.15,9.73,True
700,700,6,129,152.89183236,3.53,2.03,4.1,7.83,True
701,701,4,225,112.96218010700001,0.5,4.76,22.62,40.06,True
702,702,7,82,198.666583845,0.99,2.79,7.8,11.5,True
703,703,10,194,321.835093603,0.58,1.87,3.5,14.88,True
704,704,8,227,182.38370187299998,1.52,2.77,7.66,27.92,True
705,705,5,221,91.3029917631,3.17,1.54,2.39,15.1,True
706,706,8,122,180.334180033,1.5,3.1,9.61,12.04,True
707,707,10,167,188.978123809,3.01,1.46,2.13,5.15,True
708,708,7,160,204.18020865900002,1.22,2.91,8.48,22.38,True
709,709,10,140,122.558549532,1.85,2.54,6.43,7.8,True
710,710,9,225,166.14508040299998,1.18,1.54,2.38,7.02,True
711,711,10,194,301.255838195,0.47,2.04,4.15,10.53,True
712,712,9,162,108.015811253,3.29,1.9,3.63,10.65,True
713,713,4,225,124.968854511,0.62,4.73,22.35,35.08,True
714,714,6,129,135.974467561,5.0,1.78,3.18,10.1,True
715,715,4,166,82.7303739859,1.16,2.78,7.74,11.64,True
716,716,6,123,88.5804580683,4.25,1.64,2.71,96.91,True
717,717,9,225,166.337051861,5.97,1.4,1.95,5.98,True
718,718,6,129,171.730222832,2.29,1.89,3.59,9.21,True
719,719,7,82,163.082913037,2.73,2.24,5.01,8.23,True
720,720,6,129,249.356623052,1.97,2.08,4.32,9.21,True
721,721,5,164,154.580044147,0.39,4.09,16.75,24.24,True
722,722,6,194,150.288740222,0.84,2.92,8.52,13.05,True
723,723,6,129,140.81852416200002,0.95,2.88,8.31,18.56,True
724,724,8,194,103.352623251,1.17,2.69,7.22,13.44,True
725,725,10,167,107.61585135600001,3.46,1.79,3.19,8.89,True
726,726,6,129,162.18172641799998,0.48,2.66,7.08,18.25,True
727,727,7,166,187.934788438,0.88,2.45,6.0,10.11,True
728,728,4,225,80.2753643666,0.68,3.04,9.26,17.48,True
729,729,7,139,229.675489278,0.99,1.64,2.7,11.22,True
730,730,6,129,99.2124718478,1.31,2.41,5.82,17.56,True
731,731,5,164,104.54108451200001,0.83,3.34,11.15,19.78,True
732,732,8,215,180.413844393,0.82,2.87,8.23,9.0,True
733,733,9,164,139.974828564,4.73,1.5,2.26,10.09,True
734,734,6,194,164.528162091,0.28,5.89,34.68,40.07,True
735,735,10,167,93.11069443219999,3.4,1.88,3.53,6.85,True
736,736,9,225,192.930065733,6.03,1.42,2.02,5.73,True
737,737,8,122,185.246443392,0.65,3.67,13.44,16.12,True
738,738,6,166,77.0434999121,1.76,2.01,4.04,10.03,True
739,739,3,216,69.349296677,0.12,4.63,21.44,23.01,True
740,740,8,194,198.867442916,0.47,3.14,9.85,45.63,True
741,741,10,167,90.93834153360001,2.3,2.17,4.71,8.5,True
742,742,7,139,153.695226537,1.27,2.71,7.37,31.26,True
743,743,9,164,145.191425164,1.7,1.5,2.25,8.58,True
744,744,7,97,273.966034187,0.87,2.94,8.64,14.13,True
745,745,4,166,50.7257430954,1.66,2.67,7.13,10.13,True
746,746,5,221,99.38354079049999,3.15,1.85,3.42,9.46,True
747,747,9,162,125.14880268200001,2.69,1.89,3.58,9.79,True
748,748,5,139,113.020745586,2.08,1.75,3.05,6.88,True
749,749,9,162,91.9188691317,2.24,2.07,4.29,10.78,True
750,750,5,221,141.909754456,0.26,3.47,12.06,38.53,True
751,751,8,217,241.05414425200001,2.53,2.51,6.32,20.09,True
752,752,8,225,151.89105233200002,4.89,1.32,1.73,3.47,True
753,753,7,139,212.750265603,1.29,1.69,2.85,11.03,True
754,754,9,225,279.10418809099997,2.57,1.98,3.94,5.15,True
755,755,10,225,196.858786167,2.62,1.42,2.01,2.6,True
756,756,10,2,268.167747347,0.98,2.32,5.36,6.63,True
757,757,10,65,122.385863624,0.23,4.17,17.37,19.26,True
758,758,5,164,123.472301588,0.88,2.74,7.51,19.77,True
759,759,5,164,73.5796212004,1.69,2.48,6.17,18.54,True
760,760,6,164,200.93056723799998,2.35,2.16,4.66,14.52,True
761,761,4,166,72.2705405905,2.13,2.03,4.13,7.97,True
762,762,6,129,150.086080045,2.52,2.01,4.03,8.85,True
763,763,10,71,308.22488802099997,1.83,1.86,3.46,7.73,True
764,764,6,194,46.2214122348,0.85,3.42,11.67,17.14,True
765,765,5,221,248.410750073,0.46,2.71,7.35,169.58,True
766,766,9,162,135.60552557399998,2.78,1.86,3.45,9.47,True
767,767,8,15,180.03815875200004,2.25,1.86,3.47,10.48,True
768,768,10,58,183.209972012,0.82,3.28,10.73,259.32,True
769,769,8,194,81.6913315587,1.81,2.36,5.56,9.6,True
770,770,10,167,108.903679754,2.65,1.92,3.68,10.11,True
771,771,8,141,125.850379411,1.69,2.14,4.58,18.06,True
772,772,5,164,127.22287465299999,1.14,2.9,8.42,16.32,True
773,773,3,216,64.818636321,0.28,4.26,18.17,21.3,True
774,774,8,122,175.528464161,2.15,2.5,6.24,16.94,True
775,775,8,194,164.241127589,0.81,3.26,10.62,12.25,True
776,776,3,216,54.4434692514,1.54,2.64,6.97,11.86,True
777,777,8,148,148.614724815,5.22,1.41,1.99,4.91,True
778,778,7,65,180.90831605,1.08,2.34,5.48,9.0,True
779,779,10,12,248.98152832,1.51,2.15,4.64,5.73,True
780,780,8,217,243.811743071,2.13,1.95,3.82,9.39,True
781,781,5,221,70.5258776403,3.69,1.53,2.35,10.04,True
782,782,8,148,116.931251977,1.78,1.86,3.44,6.23,True
783,783,7,139,253.47731418,1.26,1.72,2.96,7.66,True
784,784,8,122,178.36815331900002,0.89,3.68,13.52,15.29,True
785,785,3,216,59.6433663611,0.37,4.8,23.05,38.63,True
786,786,6,82,96.280517511,5.66,1.46,2.14,3.78,True
787,787,8,148,112.432270573,2.59,1.67,2.77,5.14,True
788,788,9,225,407.003624895,0.19,2.54,6.43,12.14,True
789,789,5,164,132.985849484,0.14,11.71,137.1,149.16,True
790,790,6,59,119.518765924,0.56,3.03,9.18,49.04,True
791,791,7,139,157.0534838,1.98,1.73,2.99,9.88,True
792,792,9,225,294.969368073,2.23,1.73,2.98,8.65,True
793,793,8,122,113.79512075299999,1.74,2.89,8.35,9.65,True
794,794,5,221,176.822317036,0.76,2.56,6.55,11.07,True
795,795,10,11,161.028712261,3.7,1.84,3.39,29.11,True
796,796,8,63,264.1166768,4.32,1.66,2.75,12.95,True
797,797,7,221,186.48082321400003,1.84,2.09,4.37,10.6,True
798,798,6,194,160.759521952,0.12,5.31,28.2,42.93,True
799,799,9,225,299.562596751,2.1,1.7,2.9,7.05,True
800,800,9,225,303.877549929,2.75,1.76,3.08,8.14,True
801,801,8,227,138.18616198799998,4.27,1.8,3.23,15.17,True
802,802,8,8,198.51265933599998,0.44,3.07,9.45,23.63,True
803,803,10,65,145.180611314,5.71,1.56,2.42,8.32,True
804,804,10,12,251.335253951,1.75,2.28,5.21,10.37,True
805,805,8,194,120.377614508,3.45,2.01,4.05,20.92,True
806,806,5,221,78.1172771913,2.45,1.54,2.37,6.42,True
807,807,10,36,121.68848488799999,4.92,1.83,3.36,6.24,True
808,808,6,129,113.433621249,1.99,1.86,3.45,15.8,True
809,809,8,225,140.873035517,3.24,1.37,1.88,4.38,True
810,810,5,139,118.091162537,2.78,1.7,2.89,7.32,True
811,811,5,221,80.19313130180001,2.94,1.53,2.33,9.06,True
812,812,8,148,159.151120071,5.09,1.41,2.0,5.07,True
813,813,6,129,89.6561101478,3.12,2.22,4.92,16.92,True
814,814,8,122,152.70087580700002,0.71,2.98,8.9,11.55,True
815,815,9,225,268.3262271,2.46,1.66,2.76,16.44,True
816,816,8,194,90.8132160928,0.78,2.42,5.84,10.49,True
817,817,6,23,175.19096376,2.26,1.81,3.26,4.06,True
818,818,4,225,59.2669261749,0.17,7.16,51.23,81.95,True
819,819,4,225,46.105576176099994,0.4,6.11,37.31,66.11,True
820,820,9,225,383.52587985199995,0.51,2.27,5.15,10.95,True
821,821,5,139,97.0216391342,0.51,3.26,10.61,29.33,True
822,822,8,194,136.59096743700002,2.42,2.21,4.89,11.41,True
823,823,8,148,124.754625685,2.41,1.5,2.25,5.63,True
824,824,7,166,182.84111536900002,1.05,2.32,5.4,8.1,True
825,825,8,148,133.97657614,4.65,1.52,2.33,11.35,True
826,826,8,63,282.631329863,1.19,2.71,7.37,12.62,True
827,827,8,166,132.890929915,2.11,1.57,2.47,6.46,True
828,828,8,129,118.141832119,0.79,2.96,8.74,30.2,True
829,829,10,12,231.06021549599998,0.15,2.39,5.72,10.22,True
830,830,8,148,117.427480422,1.42,1.8,3.26,9.15,True
831,831,8,140,268.86725156,1.7,2.47,6.1,9.95,True
832,832,5,71,125.17274306700001,1.23,2.31,5.33,9.94,True
833,833,6,164,106.92802604299999,0.61,3.46,12.0,31.35,True
834,834,10,194,371.81580772,2.9,1.81,3.28,18.54,True
835,835,9,225,162.324605193,4.98,1.58,2.49,16.06,True
836,836,4,166,40.836510513600004,1.8,2.36,5.56,9.6,True
837,837,5,164,107.38171690899999,0.39,3.79,14.4,24.27,True
838,838,6,129,98.0647981141,4.57,1.88,3.55,16.18,True
839,839,7,82,222.233336297,1.63,2.88,8.27,10.85,True
840,840,9,225,416.188935424,0.12,2.18,4.75,19.96,True
841,841,6,123,88.2616637182,6.88,1.42,2.03,7.6,True
842,842,8,194,93.1354346394,1.68,1.83,3.35,16.27,True
843,843,5,164,154.408793178,0.98,3.19,10.15,16.35,True
844,844,6,129,250.86899426,1.5,2.49,6.18,12.37,True
845,845,4,166,70.3895365004,0.85,2.3,5.31,15.39,True
846,846,8,166,146.46445922700002,4.33,1.52,2.31,12.66,True
847,847,8,122,186.23935975,0.7,3.62,13.09,15.58,True
848,848,3,216,65.3124060379,0.64,4.39,19.25,21.78,True
849,849,5,221,73.4881375547,0.37,2.34,5.47,22.51,True
850,850,6,129,106.121853894,5.67,1.74,3.02,12.0,True
851,851,3,187,83.0265787329,0.6,3.23,10.45,25.62,True
852,852,10,11,339.235958864,3.76,1.67,2.8,8.45,True
853,853,10,72,313.371550817,0.99,2.09,4.37,9.2,True
854,854,5,164,150.943202456,1.27,2.52,6.33,13.17,True
855,855,10,148,152.063215292,1.09,2.13,4.52,10.54,True
856,856,9,225,242.913186107,1.1,1.86,3.46,9.52,True
857,857,5,221,145.627631365,0.26,4.48,20.08,46.59,True
858,858,10,11,196.345138902,2.71,1.95,3.82,19.49,True
859,859,8,194,113.871039181,1.76,2.67,7.15,15.27,True
860,860,6,51,233.293520545,1.11,2.45,6.01,10.76,True
861,861,8,148,122.78143063,2.11,1.64,2.68,5.55,True
862,862,7,166,246.31844566799998,0.89,2.16,4.68,8.81,True
863,863,5,139,81.3278839809,1.65,1.9,3.62,7.2,True
864,864,9,87,125.31842746299999,0.43,1.96,3.83,9.04,True
865,865,9,162,98.94960425229999,1.72,2.03,4.1,11.93,True
866,866,8,217,262.739926653,2.25,2.7,7.29,21.42,True
867,867,6,164,208.069747575,2.17,2.27,5.16,12.26,True
868,868,8,129,146.196611715,1.25,2.7,7.27,29.96,True
869,869,3,216,59.3955999005,0.67,4.44,19.7,32.43,True
870,870,8,215,186.375773342,1.6,2.64,6.99,7.32,True
871,871,8,71,141.23223044600002,2.08,1.93,3.73,8.48,True
872,872,10,194,352.815798759,1.29,1.82,3.33,12.47,True
873,873,6,129,137.471829036,0.63,3.07,9.44,15.49,True
874,874,8,194,91.4446588756,1.41,2.42,5.84,10.73,True
875,875,6,65,69.1183103414,3.14,1.57,2.46,8.9,True
876,876,10,194,331.714993516,1.18,1.83,3.34,20.51,True
877,877,6,194,128.42167015,1.73,2.51,6.31,21.24,True
878,878,10,63,249.1108386,0.64,2.94,8.63,13.49,True
879,879,6,186,226.76280087799998,1.51,2.75,7.58,21.52,True
880,880,3,216,60.504118955600006,0.79,4.56,20.81,26.32,True
881,881,8,194,123.81468970799999,0.24,2.36,5.59,9.2,True
882,882,9,164,156.414875046,3.87,1.75,3.07,42.08,True
883,883,3,216,59.9678400762,1.37,2.83,8.02,12.97,True
884,884,5,164,148.159474079,0.11,6.26,39.14,51.78,True
885,885,6,129,187.083862155,2.41,1.96,3.84,9.7,True
886,886,6,63,195.33869494599998,1.99,2.04,4.16,12.2,True
887,887,8,63,184.91103437200002,1.46,1.89,3.57,5.52,True
888,888,8,36,125.51713116,5.62,1.47,2.17,3.24,True
889,889,7,82,236.359794614,1.04,3.17,10.02,13.2,True
890,890,6,129,169.192669533,3.29,2.11,4.47,12.76,True
891,891,8,148,114.21073671,2.54,1.56,2.44,6.46,True
892,892,8,148,127.616276931,1.69,1.54,2.36,6.06,True
893,893,8,194,187.513189273,0.69,3.41,11.63,13.3,True
894,894,3,216,31.4712760554,2.27,2.26,5.12,10.71,True
895,895,4,166,33.2199244427,6.12,1.76,3.09,12.78,True
896,896,7,160,212.02960377099998,1.59,2.95,8.71,21.36,True
897,897,3,216,47.7213399033,1.34,3.17,10.07,16.32,True
898,898,5,164,38.608081652399996,4.07,2.17,4.71,12.12,True
899,899,4,166,51.8042969552,1.91,1.98,3.94,11.07,True
900,900,5,160,81.6907056244,2.96,1.47,2.15,4.9,True
901,901,8,148,105.35723006,1.55,1.72,2.96,7.89,True
902,902,7,121,158.066776032,1.55,2.45,6.02,6.35,True
903,903,10,148,125.96271635299999,0.88,2.15,4.61,13.04,True
904,904,10,36,180.848240017,6.61,1.37,1.88,2.22,True
905,905,4,164,88.5995389719,0.68,3.51,12.29,28.61,True
906,906,7,166,258.701091275,0.82,2.22,4.94,8.6,True
907,907,4,225,110.59291225,0.38,6.03,36.37,172.52,True
908,908,8,148,117.32088255200001,1.66,1.67,2.77,7.01,True
909,909,6,36,265.269309745,2.35,1.92,3.69,10.78,True
910,910,8,148,115.63260302100001,3.71,1.53,2.33,6.3,True
911,911,8,225,150.983219749,1.68,1.51,2.29,4.29,True
912,912,4,225,86.16815787690003,0.33,4.06,16.51,25.37,True
913,913,7,139,178.59007244400001,2.21,1.86,3.46,8.27,True
914,914,7,82,189.71851932099997,1.35,2.73,7.44,11.06,True
915,915,8,215,169.427157825,1.92,2.46,6.07,6.38,True
916,916,4,47,68.3992278832,1.07,2.08,4.31,9.43,True
917,917,10,148,100.28834942299999,3.39,1.9,3.62,11.35,True
918,918,8,215,211.22125698,1.88,1.78,3.16,4.15,True
919,919,5,164,39.8323760732,3.13,1.82,3.3,6.06,True
920,920,8,148,113.148591937,7.02,1.36,1.86,5.95,True
921,921,8,148,104.25659822799999,1.59,2.02,4.08,7.17,True
922,922,10,161,232.146778386,3.34,1.69,2.87,19.98,True
923,923,8,148,103.135037648,1.83,1.76,3.08,5.56,True
924,924,4,166,158.815464381,1.7,2.47,6.12,13.36,True
925,925,8,217,226.02187528299999,1.95,2.72,7.38,23.39,True
926,926,8,194,185.059989221,2.35,2.38,5.67,15.48,True
927,927,9,164,164.367806089,4.29,1.69,2.84,41.75,True
928,928,8,15,264.985678359,3.05,1.9,3.62,10.2,True
929,929,5,221,119.075809281,0.37,3.99,15.9,34.28,True
930,930,4,44,55.887802434899996,2.42,1.49,2.21,5.27,True
931,931,8,15,181.926787805,2.2,1.96,3.84,12.09,True
932,932,5,221,64.904612951,2.21,2.23,4.98,15.23,True
933,933,8,148,123.05818390000002,4.95,1.4,1.95,6.62,True
934,934,5,221,92.1700424191,6.4,1.46,2.12,15.28,True
935,935,4,123,58.1500700741,0.4,2.27,5.14,5.14,False
936,936,6,194,194.906918266,0.45,4.98,24.78,30.09,True
937,937,7,221,212.33680962,1.67,2.24,5.01,11.42,True
938,938,7,123,104.174976479,0.57,2.32,5.39,18.06,True
939,939,4,166,70.38401701640001,3.21,1.77,3.15,8.1,True
940,940,8,63,158.307962917,0.66,3.25,10.57,19.18,True
941,941,8,63,222.317158241,5.15,1.59,2.52,12.25,True
942,942,10,148,136.009912749,2.7,1.82,3.3,8.06,True
943,943,10,194,340.35763896,0.65,1.86,3.48,9.64,True
944,944,5,71,168.57911100299998,0.79,2.66,7.09,12.08,True
945,945,9,225,251.964637628,2.08,1.79,3.21,12.73,True
946,946,8,148,101.76535139100001,5.14,1.42,2.01,5.96,True
947,947,5,221,75.4392421678,2.07,1.5,2.26,8.59,True
948,948,9,12,145.626514668,3.23,1.88,3.55,11.38,True
949,949,8,166,111.38346997200001,1.94,1.91,3.65,11.54,True
950,950,5,164,124.561649428,0.22,6.28,39.5,52.52,True
951,951,10,72,305.71344929599996,1.11,2.0,4.0,9.06,True
952,952,7,139,119.527262208,6.23,1.45,2.11,6.46,True
953,953,7,139,297.020976124,0.85,1.71,2.94,8.7,True
954,954,9,225,111.19804263799999,2.23,2.07,4.28,11.02,True
955,955,4,166,92.19046724190001,2.28,2.27,5.15,14.12,True
956,956,5,160,93.0260659574,2.57,1.9,3.59,11.11,True
957,957,8,194,304.35078255,1.36,2.53,6.42,13.34,True
958,958,5,71,140.575607305,0.93,2.46,6.05,10.71,True
959,959,5,164,144.701063515,0.79,3.26,10.65,17.54,True
960,960,9,225,295.593680785,2.21,1.65,2.73,7.16,True
961,961,8,225,144.548637928,4.61,1.46,2.13,6.38,True
962,962,8,166,123.600595313,4.9,1.39,1.95,6.54,True
963,963,9,162,137.140241939,1.93,2.11,4.45,17.16,True
964,964,8,194,100.45065644399999,0.58,2.48,6.13,11.44,True
965,965,5,221,105.524213835,0.8,2.96,8.74,50.66,True
966,966,9,225,305.071198753,0.97,1.89,3.59,15.25,True
967,967,8,148,131.33352914600002,3.85,1.5,2.26,5.75,True
968,968,5,164,131.61039277,0.68,3.62,13.08,24.56,True
969,969,5,164,165.556782139,0.85,3.26,10.66,17.37,True
970,970,10,59,186.48538974,3.07,1.64,2.68,17.31,True
971,971,6,129,171.983336276,4.31,1.83,3.36,7.73,True
972,972,4,156,73.2891367846,0.87,3.25,10.55,20.71,True
973,973,8,148,110.411667735,4.09,1.53,2.34,5.22,True
974,974,5,164,114.368586279,0.82,3.48,12.08,24.41,True
975,975,6,63,195.066458912,1.82,2.16,4.68,12.59,True
976,976,5,221,95.00608154700001,3.29,1.61,2.59,10.11,True
977,977,4,166,46.9570443648,0.81,2.87,8.22,14.28,True
978,978,7,166,275.752469286,0.7,2.32,5.38,8.91,True
979,979,10,160,137.491761837,2.2,1.77,3.15,8.57,True
980,980,7,121,149.273738952,1.89,2.46,6.04,9.5,True
981,981,3,216,51.1768230712,1.05,4.53,20.48,31.72,True
982,982,3,216,64.4224554231,0.3,4.33,18.75,21.77,True
983,983,10,164,86.17978620379999,3.71,1.94,3.78,9.84,True
984,984,9,225,165.02600910299998,3.3,1.47,2.16,5.91,True
985,985,8,148,93.59810183719999,7.54,1.37,1.88,6.05,True
986,986,10,43,259.940524457,3.65,1.48,2.18,3.46,True
987,987,6,129,138.812966256,2.27,2.43,5.9,46.77,True
988,988,8,194,267.05613319400004,0.15,3.15,9.94,15.21,True
989,989,4,12,39.0734117375,0.38,2.87,8.22,17.01,True
990,990,6,82,66.1970001005,7.26,1.61,2.59,4.91,True
991,991,5,139,112.843749189,2.03,2.55,6.5,22.08,True
992,992,6,59,109.16789407200001,0.56,2.93,8.57,59.43,True
993,993,7,97,254.206639635,0.53,2.95,8.72,13.48,True
994,994,9,225,159.662108583,6.99,1.37,1.88,5.57,True
995,995,3,160,52.5936141464,3.15,1.82,3.3,8.73,True
996,996,5,71,136.470599627,1.25,2.3,5.29,9.64,True
997,997,4,166,38.020151713800004,1.79,2.19,4.8,16.34,True
998,998,8,63,233.235439658,0.95,2.58,6.64,16.02,True
999,999,10,194,343.916002602,0.71,3.32,11.03,41.81,True
1000,1000,6,82,72.3230155813,4.26,1.75,3.06,5.8,True
1001,1001,5,221,173.60243625,0.41,1.86,3.46,23.09,True
1002,1002,7,82,165.964355413,1.57,2.58,6.65,12.24,True
1003,1003,8,166,231.250527124,1.25,2.81,7.9,14.59,True
1004,1004,6,129,214.776125194,1.3,2.44,5.94,13.45,True
1005,1005,9,164,254.777593365,0.41,8.04,64.62,79.7,True
1006,1006,3,216,53.1671022082,0.51,4.98,24.82,45.23,True
1007,1007,7,139,151.13152052200002,3.3,1.72,2.96,10.11,True
1008,1008,10,63,145.35508566299998,2.69,1.82,3.31,6.49,True
1009,1009,10,194,144.85175010700002,1.92,2.27,5.15,15.51,True
1010,1010,8,148,112.357788101,0.77,2.52,6.34,8.18,True
1011,1011,4,164,63.7299457353,0.65,3.2,10.24,17.6,True
1012,1012,4,166,48.7048289846,0.96,3.49,12.16,13.71,True
1013,1013,6,129,102.078233972,3.84,1.94,3.77,10.95,True
1014,1014,3,187,98.4395710757,0.35,4.91,24.12,29.0,True
1015,1015,8,122,177.685382695,0.96,2.68,7.2,10.49,True
1016,1016,9,189,248.961681097,0.81,3.0,9.02,19.25,True
1017,1017,8,122,202.532792999,0.38,3.05,9.33,13.08,True
1018,1018,9,189,341.99662325599996,0.24,3.91,15.27,24.3,True
1019,1019,6,129,179.17406466900002,2.82,2.11,4.44,10.65,True
1020,1020,10,36,205.88892883,0.95,2.6,6.77,12.58,True
1021,1021,4,166,56.879499598500004,0.24,2.35,5.52,8.98,True
1022,1022,8,140,189.51058019299998,2.15,2.36,5.58,14.66,True
1023,1023,8,122,245.83100238900002,2.44,2.48,6.14,8.38,True
1024,1024,8,148,151.9710861,2.62,1.48,2.18,6.62,True
1025,1025,6,164,139.372900594,0.2,4.03,16.21,31.22,True
1026,1026,8,194,125.897161466,2.65,2.21,4.88,11.73,True
1027,1027,9,225,146.521753257,3.27,1.48,2.18,6.62,True
1028,1028,10,63,293.075816445,0.65,2.93,8.58,13.1,True
1029,1029,3,216,61.2077909007,0.18,4.79,22.95,26.98,True
1030,1030,8,194,78.82775314220001,0.74,3.43,11.79,16.04,True
1031,1031,9,225,169.399006685,2.26,1.5,2.25,6.0,True
1032,1032,4,166,80.4253941195,1.81,2.37,5.6,21.47,True
1033,1033,9,162,104.870656905,1.93,2.05,4.21,11.72,True
1034,1034,9,164,187.042907765,7.23,1.49,2.22,9.4,True
1035,1035,9,225,404.333074826,0.65,2.19,4.8,9.61,True
1036,1036,9,162,95.7033353806,1.93,1.61,2.6,10.95,True
1037,1037,8,63,233.068563652,1.23,2.59,6.72,11.84,True
1038,1038,9,225,100.16103787,3.61,1.8,3.23,7.51,True
1039,1039,9,164,159.031109836,2.64,1.53,2.36,6.99,True
1040,1040,8,122,252.155065381,1.05,2.97,8.83,10.95,True
1041,1041,7,82,188.88545369,1.43,2.68,7.19,12.09,True
1042,1042,4,166,43.162275118100005,2.91,2.07,4.29,9.28,True
1043,1043,3,156,125.12318883299999,1.27,3.16,9.96,23.74,True
1044,1044,4,166,139.017819828,2.32,2.26,5.12,13.09,True
1045,1045,10,148,240.345505594,2.28,1.75,3.07,8.55,True
1046,1046,4,166,124.507538301,2.68,2.15,4.61,13.28,True
1047,1047,8,166,110.246828654,7.42,1.48,2.19,8.78,True
1048,1048,10,148,196.25159167599998,2.43,2.0,4.01,9.31,True
1049,1049,6,129,119.91428772200001,4.04,1.87,3.51,9.76,True
1050,1050,9,225,139.856762476,2.36,1.52,2.3,5.56,True
1051,1051,7,111,212.49312087799998,0.87,2.77,7.67,11.76,True
1052,1052,8,194,220.041363275,3.6,2.0,3.99,7.08,True
1053,1053,4,216,73.8823059248,0.14,14.58,212.61,232.6,True
1054,1054,5,221,177.269065066,0.21,2.53,6.41,22.44,True
1055,1055,6,186,227.725015206,0.26,3.53,12.47,15.55,True
