,Unnamed: 0,oqmdid,e_form expt,e_form mp,e_form oqmd
0,0,27633.0,-0.2809,-0.30212525,-0.30750919
1,1,10665.0,-0.2715,-0.27875396,-0.28691687
2,2,,-0.2301,,
3,3,10681.0,-0.2778,-0.33641916,-0.34309354
4,4,,-0.2218,,
5,5,10639.0,-0.1752,-0.26173778,-0.26489469
6,6,,-0.2,,
7,7,10361.0,-0.1399,-0.03966432,-0.24419368
8,8,,-0.229,,
9,9,10662.0,-0.2529,-0.24710848,-0.25770733
10,10,,-0.1834,,
11,11,10660.0,-0.2052,-0.25934894,-0.26962121
12,12,10690.0,-0.0323,-0.12296924,-0.12506091
13,13,10691.0,-0.0152,-0.10909721,-0.11036623
14,14,20652.0,-0.1113,-0.11973231,-0.11913138
15,15,,-0.5597,,
16,16,10532.0,-0.6509,-0.64821439,-0.65212275
17,17,,-0.5027,,
18,18,,-0.37,,
19,19,,-0.5877,,
20,20,27924.0,-0.5607,-0.59861675,-0.60450311
21,21,647439.0,-0.6509,-0.65817815,-0.66654722
22,22,,-0.5006,,
23,23,,-0.4902,,
24,24,,-0.3746,,
25,25,,-0.3928,,
26,26,10473.0,-0.6032,-0.63745526,-0.64536214
27,27,,-0.2674,,
28,28,,-0.3804,,
29,29,,-0.2933,,
30,30,,-0.2892,,
31,31,,-0.3171,,
32,32,,-0.3545,,
33,33,,-0.256,,
34,34,,-0.3348,,
35,35,,-0.4084,,
36,36,,-0.4270000000000001,,
37,37,,-0.4301,,
38,38,,-0.454,,
39,39,,-0.2933,,
40,40,,-0.3399,,
41,41,,-0.3669,,
42,42,,-0.4436,,
43,43,,-0.5058,,
44,44,,-0.3089,,
45,45,,-0.4612,,
46,46,,-0.4944,,
47,47,,-0.2301,,
48,48,,-0.2684,,
49,49,54708.0,-0.2747,-0.33204742,-0.33175568
50,50,,-0.4239,,
51,51,10512.0,-0.4001,-0.42826975,-0.44036077
52,52,,-0.4052,,
53,53,,-0.4788,,
54,54,,-0.2943,,
55,55,,-0.5752,,
56,56,,-0.5349,,
57,57,,-0.6426,,
58,58,,-0.6544,,
59,59,,-0.5794,,
60,60,,-0.6374,,
61,61,,-0.5816,,
62,62,,-0.597,,
63,63,,-0.5896,,
64,64,,-0.5618,,
65,65,,-0.5479999999999999,,
66,66,,-0.5348,,
67,67,,-0.5304,,
68,68,10411.0,-0.5367,-0.60278819,-0.61034217
69,69,,-0.479,,
70,70,,-0.4578,,
71,71,,-0.4382,,
72,72,,-0.6051,,
73,73,,-0.4353,,
74,74,,-0.4213,,
75,75,,-0.3716,,
76,76,,-0.6093,,
77,77,,-0.5539,,
78,78,,-0.486,,
79,79,,-0.3758,,
80,80,,-0.3238,,
81,81,,-0.4208,,
82,82,10411.0,-0.5535,-0.60278819,-0.61034217
83,83,94913.0,-0.6405,-0.65864811,-0.66944636
84,84,,-0.5815,,
85,85,,-0.5675,,
86,86,,-0.426,,
87,87,,-0.4033,,
88,88,,-0.3319,,
89,89,,-0.3106,,
90,90,,-0.5317,,
91,91,,-0.5068,,
92,92,,-0.4315,,
93,93,,-0.4059,,
94,94,,-0.3888,,
95,95,,-0.3029,,
96,96,,-0.3294,,
97,97,,-0.4294,,
98,98,,-0.0685,,
99,99,,-0.2953,,
100,100,,-0.7038,,
101,101,,-0.7472,,
102,102,,-0.6247,,
103,103,,-0.6389,,
104,104,,-0.6296,,
105,105,,-0.6321,,
106,106,,-0.6692,,
107,107,,-0.8191,,
108,108,,-0.9105,,
109,109,,-0.5166,,
110,110,,-0.4337,,
111,111,,-0.1538,,
112,112,,-0.1919,,
113,113,,-0.6777,,
114,114,,-0.7476,,
115,115,,-0.8079999999999999,,
116,116,,-0.9033,,
117,117,10550.0,-0.9457,-0.8822333000000001,-0.87597428
118,118,,-0.5922,,
119,119,,-0.6382,,
120,120,,-0.7154,,
121,121,,-0.7781,,
122,122,,-0.6177,,
123,123,,-0.6156,,
124,124,,-0.6229,,
125,125,,-0.6053,,
126,126,,-0.5882,,
127,127,,-0.5721,,
128,128,,-0.5599,,
129,129,21081.0,-0.5783,-0.62052541,-0.64117697
130,130,,-0.569,,
131,131,,-0.4218,,
132,132,,-0.4995,,
133,133,,-0.2545,,
134,134,,-0.3341,,
135,135,,-0.4102,,
136,136,509949.0,-0.5,,-0.33701128
137,137,,-0.3616,,
138,138,,-0.6227,,
139,139,,-0.6825,,
140,140,,-0.8476,,
141,141,10480.0,-0.8875,-0.9453517,-0.94632008
142,142,10480.0,-0.9618,-0.9453517,-0.94632008
143,143,,-0.5559,,
144,144,,-0.6187,,
145,145,,-0.6869,,
146,146,,-0.7747,,
147,147,10797.0,-0.7887,-0.80003426,-0.8037018
148,148,10822.0,-0.8157,-0.8561513000000001,-0.86178639
149,149,28181.0,-0.7245,,-0.82187696
150,150,,-0.513,,
151,151,,-0.5959,,
152,152,28133.0,-0.6509,,-0.78051986
153,153,,-0.569,,
154,154,10795.0,-0.6654,-0.76024071,-0.76304137
155,155,28204.0,-0.7483,,-0.79399349
156,156,,-0.511,,
157,157,,-0.7224,,
158,158,28192.0,-0.7276,,-0.8085836
159,159,10816.0,-0.476,-0.42368917,-0.43286958
160,160,28225.0,-0.4581,-0.42630756,-0.44766886
161,161,10815.0,-0.3253,-0.3503004,-0.40897919
162,162,28234.0,-0.5328,,-0.49745752
163,163,28235.0,-0.6322,-0.57450582,-0.57476874
164,164,,-0.4887,,
165,165,10833.0,-0.3117,-0.34064662,-0.344695
166,166,28169.0,-0.5676,,-0.47940044
167,167,28170.0,-0.6424,-0.55926991,-0.56096042
168,168,28171.0,-0.5911,-0.53970088,-0.54374941
169,169,10733.0,-0.4224,-0.44170843,-0.43916889
170,170,,-0.1015,,
171,171,,-0.1075,,
172,172,,-0.1009,,
173,173,,-0.1385,,
174,174,,-0.2131,,
175,175,19828.0,-0.314,-0.31832568,-0.2680098
176,176,,-0.2912,-0.34174988,
177,177,31172.0,-0.2892,-0.28556185,-0.03192737
178,178,18272.0,-0.6892,-0.72223566,-0.60159683
179,179,29167.0,-0.5721,-0.65070242,-0.22961403
180,180,27547.0,-0.7307,-0.6354721999999999,-0.56776512
181,181,29155.0,-0.8115,-0.67666873,-0.76634775
182,182,18665.0,-0.7566,-0.84301504,-0.72610748
183,183,29113.0,-0.7649,-0.77569556,-0.62518661
184,184,18268.0,-1.0758,-1.09083658,-1.0789242
185,185,18795.0,-0.939,-1.01138152,-0.99678888
186,186,19222.0,-0.2166,-0.11954031,-0.11315403
187,187,19222.0,-0.1047,-0.11954031,-0.11315403
188,188,29059.0,-0.2197,-0.15003585,-0.17359366
189,189,29059.0,-0.1534,-0.15003585,-0.17359366
190,190,18811.0,-0.428,-0.39000135,-0.4096884
191,191,31202.0,-0.371,-0.30849371,-0.32129482
192,192,29537.0,-0.371,-0.28187688,-0.28789901
193,193,29534.0,-0.2736,-0.25113077,-0.26078137
194,194,29360.0,-0.4084,-0.36745692,-0.38035091
195,195,88389.0,-0.4923,-0.39554595,-0.39532442
196,196,88389.0,-0.4436,-0.39554595,-0.39532442
197,197,,-0.1451,,
198,198,29783.0,-0.18,-0.25442908,-0.25688792
199,199,88926.0,-0.2161,-0.27157447,-0.27835424
200,200,,-0.1662,,
201,201,22909.0,-0.2021,-0.25999506,-0.263491
202,202,88957.0,-0.2004,-0.23550464,-0.2439541
203,203,29713.0,-0.1027,-0.12873991,-0.13245614
204,204,29715.0,-0.1675,-0.21782207,-0.22225439
205,205,29754.0,-0.1171,-0.12151383,-0.1256437
206,206,,-0.1503,,
207,207,,-0.1378,,
208,208,18310.0,-0.1752,-0.20811317,-0.20554552
209,209,,-0.0996,,
210,210,,-0.1458,,
211,211,,-0.1276,,
212,212,,-0.0938,,
213,213,,-0.1135,,
214,214,,-0.1415,,
215,215,,-0.131,,
216,216,,-0.1578,,
217,217,89117.0,-0.3648,-0.45827261,-0.46149673
218,218,29892.0,-0.284,-0.33433602,-0.3363989
219,219,,-0.2829,,
220,220,89140.0,-0.7929,-0.89557702,-0.87351625
221,221,29923.0,-0.6457,-0.75729068,-0.75177647
222,222,,-0.5887,,
223,223,,-0.8633,,
224,224,,-0.8975,,
225,225,,-0.7898,,
226,226,29881.0,-0.7245,-0.81256708,-0.81551265
227,227,29915.0,-1.1338,,-1.28752687
228,228,,-1.0167,,
229,229,,-0.8582,,
230,230,30015.0,-0.4363,-0.48549384,-0.49334426
231,231,9962.0,-0.3026,-0.33986862,-0.34341508
232,232,19323.0,-0.2715,-0.36478196,-0.3528259
233,233,30040.0,-0.9058,-0.9528684,-0.93567722
234,234,30042.0,-0.7234,-0.76770201,-0.7658654
235,235,89074.0,-0.9442,-0.93696182,-0.93152616
236,236,30026.0,-0.9805,,-0.96967227
237,237,18320.0,-0.9349,-0.91946738,-0.9140862
238,238,29997.0,-0.7866,-0.82361226,-0.82946363
239,239,30033.0,-1.2302,,-1.31429651
240,240,30034.0,-1.1173,-1.11267266,-1.1099039
241,241,30031.0,-0.9701,-1.0588538,-1.05419548
242,242,30000.0,-0.8592,-0.90571141,-0.88723354
243,243,31223.0,-0.3099,-0.39817732,-0.4264578
244,244,18493.0,-0.285,-0.31645859,-0.32547128
245,245,19322.0,-0.2249,,-0.27254295
246,246,89749.0,-0.7504,-0.79845049,-0.80485092
247,247,18849.0,-0.6778,-0.72410801,-0.73098246
248,248,30400.0,-0.8561,-0.87615604,-0.90098728
249,249,,-0.9172,,
250,250,18693.0,-0.826,-0.85188089,-0.86843066
251,251,30381.0,-0.71,,-0.79258353
252,252,30403.0,-1.1328,-1.22332553,-1.25292099
253,253,19392.0,-1.0364,-1.09387375,-1.09629062
254,254,,-0.4571,,
255,255,30515.0,-0.6146,-0.51942899,-0.51903074
256,256,,-0.5006,,
257,257,,-0.4954,-0.53959734,
258,258,30519.0,-1.1784,-1.1551287,-1.15022438
259,259,17381.0,-0.9183,-0.88831847,-0.88228811
260,260,,-0.9172,,
261,261,,-0.7203,,
262,262,307534.0,-0.6986,-0.62011466,-0.62936267
263,263,17386.0,-0.9929,-0.84404262,-0.86225973
264,264,,-1.0022,-0.9168302,
265,265,18379.0,-0.4322,-0.47223961,-0.47578984
266,266,,-0.3099,-0.33706329,
267,267,,-0.2778,,
268,268,89924.0,-0.9038,-0.92349809,-0.90454717
269,269,17475.0,-0.7296,-0.762437,-0.75878765
270,270,,-0.7607,,
271,271,30553.0,-0.9483,,-0.93871055
272,272,,-0.9763,,
273,273,17468.0,-0.9058,-0.91014537,-0.90423583
274,274,17458.0,-0.7711,-0.81827398,-0.82305063
275,275,30556.0,-1.2624,,-1.30171123
276,276,17471.0,-1.1048,-1.11254222,-1.10920807
277,277,17472.0,-0.9877,-1.04221636,-1.03721597
278,278,17457.0,-0.8364,-0.87271706,-0.85305838
279,279,17488.0,-0.6519,-0.72561905,-0.72714162
280,280,30613.0,-0.5151,,-0.5348565
281,281,17509.0,-0.7328,-0.66232216,-0.66759489
282,282,17519.0,-0.7317,-0.80297357,-0.58630438
283,283,17492.0,-0.8861,-0.9940064,-0.97229331
284,284,17493.0,-0.7359,-0.8276611999999999,-0.83185282
285,285,17536.0,-0.6829999999999999,-0.80468492,-0.78488145
286,286,17537.0,-0.6156,-0.79612315,-0.80149427
287,287,17541.0,-0.8882,-0.7304602,-0.76682189
288,288,116945.0,-0.8737,-0.74761197,-0.78383948
289,289,668142.0,-0.1358,,-0.19038848
290,290,30648.0,-0.257,,-0.33702567
291,291,17564.0,-0.2726,-0.28580203,-0.28991384
292,292,17577.0,-0.1068,-0.13222134,-0.11503042
293,293,31221.0,-0.5835,-0.75047637,-0.7408583000000001
294,294,17575.0,-0.5959,-0.70925247,-0.70088488
295,295,30656.0,-0.7898,-0.83987198,-0.83094462
296,296,17569.0,-0.7991,-0.8155392,-0.81537576
297,297,,-0.0933,,
298,298,17572.0,-0.9328,-1.08864628,-1.08129716
299,299,30659.0,-0.9545,-1.19302803,-1.1873856000000005
300,300,30659.0,-1.0333,-1.19302803,-1.1873856000000005
301,301,30692.0,-0.4902,,-0.52931072
302,302,17615.0,-0.3109,-0.34297382,-0.34533348
303,303,17626.0,-0.7058,-0.77552117,-0.77269213
304,304,,-0.6084,,
305,305,17621.0,-0.9442,-0.9775014,-0.97183242
306,306,17621.0,-0.9846,-0.9775014,-0.97183242
307,307,17622.0,-0.9193,-0.93985103,-0.9350624
308,308,30701.0,-0.939,,-1.3408569
309,309,30701.0,-1.2271,,-1.3408569
310,310,17624.0,-0.9245,-1.09541409,-1.09078775
311,311,,-1.0717,,
312,312,,-1.0198,,
313,313,647400.0,-0.483,-0.65285668,-0.65412165
314,314,30796.0,-0.2591,-0.31759139,-0.32541812
315,315,,-0.2715,-0.27940392,
316,316,17774.0,-0.1948,-0.1392589,-0.1218511
317,317,,-0.1783,,
318,318,30810.0,-0.6654,-0.68586954,-0.67523078
319,319,17771.0,-0.6208,-0.66563857,-0.6576357
320,320,30811.0,-0.4602,-0.50838989,-0.50505822
321,321,,-0.6208,,
322,322,30805.0,-0.8001,-0.81837344,-0.81555618
323,323,17765.0,-0.7597,-0.78640393,-0.78414478
324,324,17503.0,-0.7006,-0.69447488,-0.69973281
325,325,,-0.6187,-0.616531,
326,326,30808.0,-1.082,,-1.14886368
327,327,17768.0,-1.0147,-1.04798648,-1.0439796
328,328,17770.0,-0.57,-0.70115448,-0.70350947
329,329,,-0.0406,,
330,330,116608.0,-0.3749,-0.34371282,-0.3780194000000001
331,331,30838.0,-0.2912,-0.29216889,-0.29994979
332,332,17787.0,-0.2653,-0.26405656,-0.26530056
333,333,30859.0,-0.3773,-0.36764828,-0.37422219
334,334,17806.0,-0.284,-0.30177932,-0.30369402
335,335,17831.0,-0.3814,-0.44018856,-0.11587876
336,336,17834.0,-0.284,-0.32187828,-0.22247785
337,337,17842.0,-0.4809,-0.50330897,-0.50868034
338,338,17844.0,-0.3016,-0.3424406,-0.34492088
339,339,5776.0,-0.4374,-0.48423085,-0.49490854
340,340,116608.0,-0.3431,-0.34371282,-0.3780194000000001
341,341,2288.0,-0.4208,-0.42918024,-0.43017345
342,342,17864.0,-0.5234,-0.45603911,-0.45579793
343,343,103369.0,-0.3234,-0.32276983,-0.32468612
344,344,17850.0,-0.2249,-0.24632097,-0.23769544
345,345,647410.0,-0.2114,-0.36122189,-0.36419278
346,346,19318.0,-0.257,-0.30890026,-0.30353374
347,347,90586.0,-0.71,-0.71361444,-0.73613297
348,348,31204.0,-0.8167,-0.79545696,-0.79253344
349,349,,-0.8571,,
350,350,18690.0,-0.8540000000000001,-0.8606244000000001,-0.85599954
351,351,,-0.9038,,
352,352,,-0.8592,,
353,353,30947.0,-0.883,-0.92341571,-0.58771042
354,354,,-0.8861,,
355,355,,-0.8167,,
356,356,17980.0,-0.9597,-0.95361712,-0.9479927
357,357,17981.0,-0.8996,-0.9290976,-0.92451966
358,358,21469.0,-0.9836,,-0.91325416
359,359,,-0.9618,,
360,360,17986.0,-0.8188,-0.86590274,-0.85931583
361,361,21293.0,-0.6737,,-0.64955897
362,362,17964.0,-0.3741,-0.49012818,-0.48488672
363,363,17982.0,-0.7638,-0.53641653,-0.5302551
364,364,17982.0,-0.741,-0.53641653,-0.5302551
365,365,17970.0,-0.5348,-0.47762927,-0.48671641
366,366,,-0.5524,-0.54879321,
367,367,,-0.8747,,
368,368,9971.0,-0.6353,-0.65376425,-0.64896546
369,369,9971.0,-0.6851,-0.65376425,-0.64896546
370,370,18889.0,-0.1752,-0.1002159,-0.08165385
371,371,18888.0,-0.626,-0.64200098,-0.63329281
372,372,30953.0,-1.0717,,-1.11835627
373,373,18883.0,-0.9691,-1.02865162,-1.02437444
374,374,30979.0,-1.1266,,-1.19778358
375,375,17999.0,-1.0385,-1.0750635,-1.07204855
376,376,670146.0,-1.1991,,-0.94239172
377,377,18011.0,-1.0022,-1.10877126,-0.88454865
378,378,,-0.8872,,
379,379,,-1.2541,,
380,380,18020.0,-1.1649,-1.11064205,-1.10883487
381,381,,-0.9442,,
382,382,30992.0,-1.0779,,-1.26036657
383,383,18031.0,-0.9007,-0.98465417,-0.98113343
384,384,18028.0,-0.284,-0.45914973,-0.44208346
385,385,30989.0,-0.3856,-0.55702017,-0.53721562
386,386,18015.0,-0.826,-0.79131172,-0.79979012
387,387,,-0.94,-0.9285324,
388,388,30995.0,-0.995,,-1.08603694
389,389,30995.0,-1.0789,,-1.08603694
390,390,18058.0,-0.6789,-0.70122295,-0.69424156
391,391,,-0.6892,,
392,392,18067.0,-0.7493,-0.86392462,-0.51145901
393,393,18068.0,-0.6675,-0.74930235,-0.52306842
394,394,18076.0,-0.9214,-0.98561536,-0.96668025
395,395,18077.0,-0.7566,-0.77274405,-0.77044224
396,396,18083.0,-0.7887,-0.85827792,-0.84222032
397,397,18084.0,-0.6778,-0.74091214,-0.73874162
398,398,90794.0,-0.7866,-0.73091778,-0.75268252
399,399,,-0.8188,,
400,400,18078.0,-0.7224,-0.66664515,-0.67258111
401,401,18073.0,-0.741,-0.71770692,-0.74982654
402,402,755406.0,-0.7711,,-0.76142264
403,403,,-0.2446,,
404,404,,-0.3099,,
405,405,,-0.2829,,
406,406,116234.0,-0.7120000000000001,-0.66012382,-0.64287548
407,407,94574.0,-0.7979999999999999,-0.7733,-0.78846466
408,408,18098.0,-0.3213,-0.32529303,-0.32385064
409,409,17389.0,-0.9514,-0.8331390999999999,-0.81247741
410,410,,-0.1161,,
411,411,19393.0,-0.3368,-0.35023303,-0.36189395
412,412,17119.0,-0.2767,-0.26004219,-0.26502967
413,413,17795.0,-0.4633,-0.50720254,-0.51584033
414,414,17796.0,-0.4457,-0.52315748,-0.52449873
415,415,18090.0,-0.4612,-0.54169358,-0.53324862
416,416,18054.0,-0.9794,-1.0415801,-1.02687326
417,417,17512.0,-0.9297,-1.05110554,-1.03014618
418,418,18055.0,-0.5358,-0.61301078,-0.61530617
419,419,17944.0,-0.9255,-0.90841484,-0.90740356
420,420,17513.0,-0.6871,-0.74323264,-0.7488888000000001
421,421,17995.0,-1.0862,-1.22008164,-1.22878817
422,422,17997.0,-0.9805,-1.05328318,-1.04670448
423,423,,-0.9639,,
424,424,,-0.1182,,
425,425,,-0.1565,,
426,426,10507.0,-0.2311,-0.22816317,-0.23531136
427,427,18709.0,-0.142,-0.15861377,-0.18075574
428,428,,-0.6592,,
429,429,10552.0,-0.9048,-0.83438478,-0.82853899
430,430,10574.0,-0.3068,-0.26518005,-0.25623593
431,431,658981.0,-0.2062,-0.06988478,-0.25063347
432,432,,-0.2425,,
433,433,,-0.4146,-0.35436314,
434,434,54708.0,-0.2436,-0.33204742,-0.33175568
435,435,18706.0,-0.4135,-0.40458448,-0.40186183
436,436,94913.0,-0.6042,-0.65864811,-0.66944636
437,437,10562.0,-1.0385,-1.04806983,-1.0482982
438,438,10562.0,-1.0116,-1.04806983,-1.0482982
439,439,10576.0,-1.1017,-1.09471293,-1.09711632
440,440,18193.0,-0.6436,-0.6935834,-0.66275832
441,441,10539.0,-0.426,-0.45145086,-0.44950931
442,442,,-0.1897,-0.09141716,
443,443,10565.0,-1.0001,-0.99776218,-1.0001106
444,444,,-0.1752,,
445,445,,-0.3524,,
446,446,,-0.4944,,
447,447,19094.0,-0.454,-0.44346682,-0.44402344
448,448,10483.0,-0.5172,-0.49784908,-0.49709903
449,449,10492.0,-0.5452,-0.48386232,-0.48440793
450,450,10545.0,-0.4654,-0.56370358,-0.5618871
451,451,10612.0,-0.5224,-0.5314414000000001,-0.53390158
452,452,9987.0,-0.54,-0.53810863,-0.54013952
453,453,,-0.342,,
454,454,,-0.3576,,
455,455,18198.0,-0.5016,-0.48454051,-0.48795685
456,456,19074.0,-0.4208,-0.39534417,-0.39629425
457,457,18710.0,-0.4198,-0.42336587,-0.43058276
458,458,644858.0,-0.3099,-0.31732438,-0.31961342
459,459,18722.0,-0.3793,-0.39576492,-0.41231514
460,460,10604.0,-0.2881,-0.2886842,-0.28231944
461,461,,-0.3887,,
462,462,10605.0,-0.1461,-0.15354977,-0.15547335
463,463,5855.0,-0.2011,-0.24053737,-0.20127126
464,464,7798.0,-0.2342,-0.31252032,-0.31235674
465,465,67949.0,-0.3285,-0.39763521,-0.39815569
466,466,7800.0,-0.2342,-0.28994333,-0.29406372
467,467,,-0.2073,,
468,468,5858.0,-0.3607,-0.40155458,-0.41008351
469,469,5857.0,-0.3348,-0.37298173,-0.37596999
470,470,13802.0,-0.371,-0.49912716,-0.49958023
471,471,,-0.2975,,
472,472,5171.0,-0.2083,-0.2414927,-0.24335188
473,473,5171.0,-0.2145,-0.2414927,-0.24335188
474,474,,-0.3679,-0.38261772,
475,475,,-0.2301,,
476,476,,-0.2166,,
477,477,5847.0,-0.4125,-0.34044859,-0.33724790000000004
478,478,8332.0,-0.313,-0.56534511,-0.5618701
479,479,647372.0,-0.2829,-0.62338387,-0.62242526
480,480,8366.0,-0.2892,-0.5948309,-0.59305299
481,481,115218.0,-0.3089,-0.69191694,-0.68902248
482,482,8179.0,-0.2187,-0.28357077,-0.2887995
483,483,5806.0,-0.625,-0.69347592,-0.69505215
484,484,4449.0,-0.2228,-0.42981648,-0.42013953
485,485,8428.0,-1.0603,-0.84106919,-0.83846984
486,486,5807.0,-0.5524,-0.652593,-0.64900102
487,487,8471.0,-0.3545,-0.53102592,-0.30809373
488,488,5808.0,-1.1349,-1.05740636,-1.06683324
489,489,8473.0,-0.3171,-0.65282273,-0.65122261
490,490,109274.0,-0.7328,-0.74284597,-0.73208942
491,491,8475.0,-0.37,-0.56479997,-0.56358483
492,492,,-0.4467,,
493,493,,-0.4032,,
494,494,,-0.1182,,
495,495,,-0.2653,,
496,496,,-0.1814,,
497,497,4683.0,-0.5545,-0.62698238,-0.51932182
498,498,2155.0,-0.5255,-0.57170034,-0.56834399
499,499,19849.0,-0.5524,-0.5648665,-0.56388366
500,500,18748.0,-0.5503,-0.54672396,-0.54576316
501,501,5124.0,-0.5421,-0.59063889,-0.58949615
502,502,,-0.5928,-0.56401877,
503,503,,-0.5317,-0.48410568,
504,504,,-0.0922,,
505,505,,-0.1036,,
506,506,,-0.1461,,
507,507,,-0.0943,,
508,508,8050.0,-0.1202,-0.10295956,-0.11555772
509,509,,-0.4716,,
510,510,4155.0,-0.3296,-0.29194155,-0.29775347
511,511,,-0.4177,,
512,512,1949.0,-0.9628,-0.80734115,-0.80412494
513,513,13373.0,-0.2633,-0.1554227,-0.08301998
514,514,7901.0,-0.2964,-0.19310779,-0.19727318
515,515,4391.0,-0.2985,-0.19368365,-0.20063332
516,516,19369.0,-0.257,-0.16630952,-0.18553698
517,517,,-0.2964,,
518,518,5051.0,-0.2819,-0.16197667,-0.16385663
519,519,13888.0,-0.2767,-0.18638216,-0.19246326
520,520,53650.0,-0.3026,-0.11838131,-0.12456444
521,521,3666.0,-0.3047,-0.10019788,-0.10602352
522,522,19368.0,-0.2664,-0.14752258,-0.15356634
523,523,13374.0,-0.255,-0.18882349,0.02651546
524,524,,-0.3265,,
525,525,,-0.627,,
526,526,18278.0,-0.7369,-0.65310562,-0.71849747
527,527,29191.0,-0.5472,-0.54661531,-0.55564635
528,528,29254.0,-0.3047,-0.26603952,-0.26709825
529,529,5256.0,-0.3617,-0.46811329,-0.47477289
530,530,3604.0,-0.511,-0.61459397,-0.62430027
531,531,646168.0,-0.3928,-0.45288601,-0.46466624
532,532,,-0.2674,-0.36275147,
533,533,3602.0,-0.3545,-0.29522304,-0.2884598
534,534,3178.0,-0.3482,-0.31502719,-0.31060762
535,535,29544.0,-0.1223,-0.04884287,-0.05522517
536,536,3600.0,-0.2819,-0.34850978,-0.36159126
537,537,,-0.0632,,
538,538,,-0.5659,,
539,539,21014.0,-0.7141,-0.83304592,-0.8317414000000001
540,540,651409.0,-0.6633,-0.68672013,-0.68469964
541,541,665784.0,-0.6488,-0.49372392,-0.49122696
542,542,2939.0,-0.8799,-0.82215116,-0.8255610999999999
543,543,10339.0,-0.7328,-0.69769718,-0.7014001999999999
544,544,30160.0,-0.257,-0.23007081,-0.23789909
545,545,6697.0,-0.4001,-0.51035913,-0.51414325
546,546,30299.0,-0.172,-0.15113122,-0.15670685
547,547,18584.0,-0.6675,-0.64677807,-0.64203331
548,548,22484.0,-0.4042,-0.39903784,-0.4449591
549,549,17131.0,-0.5535,-0.46617369,-0.4660022
550,550,30301.0,-0.2747,-0.3216266,-0.3365402
551,551,,-0.6156,-0.52132614,
552,552,89558.0,-0.4654,-0.36500987,-0.37624769
553,553,23801.0,-0.7421,,-0.65903422
554,554,89616.0,-0.7587,-0.69359272,-0.68984355
555,555,17297.0,-0.3669,-0.32212428,-0.29821966
556,556,30366.0,-0.74,-0.66433596,-0.66682175
557,557,,-0.4249,,
558,558,30368.0,-0.7058,-0.6629153,-0.66099664
559,559,,-0.172,,
560,560,,-0.4654,,
561,561,19193.0,-0.5027,-0.49921012,-0.50422251
562,562,,-0.6115,,
563,563,12494.0,-0.7835,-0.78330897,-0.82500956
564,564,30419.0,-0.7048,,-0.65729056
565,565,647082.0,-0.7348,-0.82072508,-0.8201265999999999
566,566,647083.0,-0.8291,-0.8034005999999999,-0.80117558
567,567,,-0.6022,,
568,568,19859.0,-0.8385,-0.82723595,-0.82907496
569,569,30562.0,-0.7732,-0.69273225,-0.69430109
570,570,3182.0,-0.6612,-0.68431045,-0.69033796
571,571,3182.0,-0.6675,-0.68431045,-0.69033796
572,572,14081.0,-0.5887,,-0.66589192
573,573,2938.0,-0.7659,-0.74327757,-0.73829345
574,574,8508.0,-0.6384,-0.63776534,-0.63053424
575,575,16378.0,-0.6229,-0.60975188,-0.60340254
576,576,31331.0,-0.8115,-0.79471601,-0.79627164
577,577,31330.0,-0.7027,-0.70254819,-0.70342489
578,578,3603.0,-0.4084,-0.46536604,-0.46425079
579,579,,-0.3524,-0.34849914,
580,580,17715.0,-0.4964,-0.490212,-0.49665163
581,581,6653.0,-0.3959,-0.38982914,-0.39820548
582,582,,-0.5566,-0.54430792,
583,583,3572.0,-0.6695,-0.66596324,-0.67982951
584,584,,-0.6426,,
585,585,7934.0,-0.8157,-0.76401844,-0.76616419
586,586,27253.0,-0.6457,-0.58656729,-0.58972551
587,587,5883.0,-0.4394,-0.50192808,-0.5038064
588,588,4675.0,-0.5244,-0.55259568,-0.55906508
589,589,,-0.4674,,
590,590,83466.0,-0.3161,-0.45552864,-0.45174752
591,591,3181.0,-0.4146,-0.36805215,-0.36359973
592,592,669944.0,-0.6685,-0.69371833,-0.6909829000000001
593,593,669944.0,-0.6654,-0.69371833,-0.6909829000000001
594,594,8197.0,-0.6001,-0.61338369,-0.60600528
595,595,,-0.6374,,
596,596,7935.0,-0.8094,-0.74327973,-0.74525461
597,597,,-0.7006,,
598,598,2257.0,-0.6156,-0.67142261,-0.67066312
599,599,2257.0,-0.6177,-0.67142261,-0.67066312
600,600,14060.0,-0.6395,-0.72375884,-0.72264214
601,601,,-0.6561,,
602,602,10376.0,-0.1316,0.10865856,-0.09513163
603,603,18901.0,-0.7773,-0.82274837,-0.82411252
604,604,,-0.7856,,
605,605,8055.0,-0.6623,-0.72588414,-0.73085926
606,606,2149.0,-0.6291,-0.63734496,-0.6246689999999999
607,607,14277.0,-0.6022,-0.65174517,-0.63907988
608,608,,-0.6022,,
609,609,7936.0,-0.853,-0.83644904,-0.83784269
610,610,4475.0,-0.9317,-0.76833573,-0.76933428
611,611,4182.0,-0.4809,-0.4647244,-0.46975583
612,612,31250.0,-0.6954,,-0.61183675
613,613,3573.0,-0.3949,-0.61606373,-0.61647648
614,614,17347.0,-0.6322,-0.67495204,-0.26112869
615,615,,-0.7649,-0.76599174,
616,616,31067.0,-0.7887,,-0.70337537
617,617,31069.0,-0.6115,-0.58859846,-0.57183864
618,618,8194.0,-0.7431,-0.71907995,-0.72101896
619,619,8194.0,-0.8333,-0.71907995,-0.72101896
620,620,31218.0,-0.7431,-0.81774496,-0.81917994
621,621,,-0.8136,,
622,622,3883.0,-0.9525,-0.90321937,-0.90447382
623,623,31066.0,-0.826,,-0.79741521
624,624,4359.0,-0.8385,-0.8316249,-0.50097379
625,625,8102.0,-0.7524,-0.76805125,-0.79083582
626,626,31068.0,-0.8924,,-0.81673222
627,627,7939.0,-0.8364,-0.85029844,-0.8523987
628,628,3569.0,-0.9794,-0.93338872,-0.9340726
629,629,,-0.6871,,
630,630,8153.0,-0.4768,-0.47875561,-0.47784741
631,631,,-0.6374,,
632,632,1833.0,-0.5908,-0.55103089,-0.57236762
633,633,657436.0,-0.6726,-0.4725959,-0.47019623
634,634,,-0.3887,-0.48601618,
635,635,5147.0,-0.2829,-0.34341414,-0.3448632
636,636,670808.0,-0.6405,-0.52999675,-0.52655247
637,637,3570.0,-0.625,-0.65230484,-0.6533262
638,638,29103.0,-0.5089,-0.41688439,-0.48217938
639,639,11139.0,-0.5317,-0.47857438,-0.48202635
640,640,11111.0,-0.5338,-0.47555777,-0.47815617
641,641,11162.0,-0.5389,-0.46268878,-0.46591877
642,642,30377.0,-0.5027,-0.43358645,-0.44569283
643,643,11165.0,-0.5545,-0.4323234,-0.26806531
644,644,31227.0,-0.4985,-0.4179685,-0.41726646
645,645,30538.0,-0.5203,,-0.37241795
646,646,29991.0,-0.4944,,-0.37016066
647,647,11173.0,-0.4923,-0.36591188,-0.3670282
648,648,30575.0,-0.5421,,-0.35227743
649,649,,-0.2519,,
650,650,17159.0,-0.0788,-0.10879453,-0.10493702
651,651,,-0.2373,,
652,652,29766.0,-0.1119,-0.13770523,-0.14090041
653,653,27645.0,-0.0166,-0.06492099,-0.10027248
654,654,27647.0,-0.0238,-0.05569064,-0.10437079
655,655,27649.0,-0.2757,-0.32922003,-0.33455439
656,656,28211.0,-0.8644,-0.81646376,-0.81625514
657,657,28212.0,-0.5939,,-0.54758362
658,658,,-0.2622,,
659,659,28232.0,-0.8768,-0.85966874,-0.85953584
660,660,28231.0,-0.7162,,-0.713549
661,661,313826.0,-0.0819,,-0.04314195
662,662,18873.0,-0.2705,-0.14292699,-0.13666327
663,663,,-0.2342,,
664,664,17696.0,-0.0891,-0.271193,-0.28692448
665,665,643804.0,-0.1731,0.03197413,0.03389914
666,666,17531.0,-0.2912,-0.5207884,-0.52346627
667,667,,-0.1275,,
668,668,,-0.0643,,
669,669,,-0.0767,-0.14701269,
670,670,,-0.0881,,
671,671,17852.0,-0.341,-0.4360015,-0.44546416
672,672,19315.0,-0.2042,-0.39309886,-0.38791876
673,673,31151.0,-0.0674,-0.17098186,-0.18077774
674,674,17532.0,-0.3047,-0.49090709,-0.49317772
675,675,30268.0,-0.0176,,-0.06392285
676,676,18348.0,-0.0021,-0.06311649,-0.06298
677,677,30227.0,-0.0549,-0.12231512,-0.12212013
678,678,29408.0,-0.0684,-0.13615909,-0.15548255
679,679,29506.0,-0.0653,-0.21619792,-0.22813203
680,680,,-0.0653,-0.18944423,
681,681,30781.0,-0.1741,-0.28823706,-0.29802735
682,682,23033.0,-0.256,-0.26626757,-0.04598186
683,683,,-0.2529,,
684,684,17147.0,-0.2591,-0.27565436,-0.27657653
685,685,,-0.2798,,
686,686,,-0.2425,,
687,687,,-0.1907,,
688,688,,-0.1627,,
689,689,,-0.1793,,
690,690,,-0.1907,,
691,691,,-0.1959,,
692,692,,-0.1948,,
693,693,28223.0,-0.8965,-0.8814056999999998,-0.5498906
694,694,,-0.8644,,
695,695,10720.0,-0.9349,-0.87936308,-0.88506276
696,696,,-0.9618,,
697,697,10811.0,-0.8416,-0.86087666,-0.63931355
698,698,10716.0,-0.8063,-0.86878179,-0.86652412
699,699,10738.0,-0.8768,-0.8741941999999999,-0.87478831
700,700,10721.0,-0.8903,-0.87975395,-0.88130488
701,701,10687.0,-0.9494,-0.8855728999999999,-0.88724459
702,702,28185.0,-0.9442,-0.89031574,-0.89017268
703,703,28224.0,-0.6892,,-0.55416782
704,704,,-0.6664,,
705,705,10739.0,-0.6954,-0.72317647,-0.72445413
706,706,,-0.6851,,
707,707,28227.0,-0.7535,-0.72834168,-0.7269042
708,708,,-0.6001,,
709,709,,-0.1285,-0.17435732,
710,710,,-0.1731,,
711,711,29800.0,-0.142,-0.1468077,-0.14585006
712,712,,-0.3835,,
713,713,,-0.2498,,
714,714,,-0.1741,,
715,715,,-0.7908,,
716,716,,-0.7991,,
717,717,,-0.6198,,
718,718,10672.0,-0.3783,-0.32250589,0.00103123
719,719,10365.0,-0.3866,-0.32984297,-0.33555494
720,720,10623.0,-0.4654,-0.33953982,-0.34775013
721,721,10678.0,-0.4457,-0.34526791,-0.35077449
722,722,27628.0,-0.256,,-0.28436382
723,723,27623.0,-0.2259,,-0.28434503
724,724,,-0.2477,,
725,725,,-0.2353,,
726,726,,-0.2311,,
727,727,,-0.2591,,
728,728,10626.0,-0.2487,-0.3325519,-0.34165700000000004
729,729,10679.0,-0.2622,-0.33645216,-0.34547508
730,730,,-0.2622,,
731,731,27616.0,-0.2653,-0.34222325,-0.34837039
732,732,,-0.2135,,
733,733,,-0.2363,,
734,734,,-0.2601,,
735,735,,-0.2633,,
736,736,,-0.2094,,
737,737,,-0.7684,,
738,738,,-0.8019,,
739,739,,-0.8439,,
740,740,,-1.0331,,
741,741,,-0.7333,-0.69194752,
742,742,,-0.4586,,
743,743,,-0.1884,-0.09905215,
744,744,,-0.1078,,
745,745,,-0.2029,,
746,746,,-0.3222,,
747,747,,-0.2798,,
748,748,,-0.3109,,
749,749,,-0.3317,,
750,750,,-0.3524,,
751,751,,-0.3627,,
752,752,,-0.3731,,
753,753,55542.0,-0.7151,-0.50914396,-0.50734224
754,754,11131.0,-0.5908,-0.48537325,-0.48064328
755,755,5782.0,-0.5182,-0.38963342,-0.45171323
756,756,29534.0,,-0.25113077,-0.26078137
757,757,29537.0,,-0.28187688,-0.28789901
758,758,31202.0,,-0.30849371,-0.32129482
759,759,,,,
760,760,19423.0,,-0.41788011,-0.44919251
761,761,18688.0,,-0.28543016,-0.29783282
762,762,18811.0,,-0.39000135,-0.4096884
763,763,29519.0,,,-0.32565458
764,764,3230.0,,-0.27684474,-0.31275551
765,765,116608.0,,-0.34371282,-0.3780194000000001
766,766,5776.0,,-0.48423085,-0.49490854
767,767,18350.0,,-0.2832444000000001,-0.2798164
768,768,103369.0,,-0.32276983,-0.32468612
769,769,17864.0,,-0.45603911,-0.45579793
770,770,2288.0,,-0.42918024,-0.43017345
771,771,669588.0,,-0.32116925,-0.32486008
772,772,17970.0,,-0.47762927,-0.48671641
773,773,17974.0,,-0.61720347,-0.62559859
774,774,21292.0,,,-0.64280199
775,775,21293.0,,,-0.64955897
776,776,17990.0,,-0.48842171,-0.48801108
777,777,9972.0,,-0.58775328,-0.58504166
778,778,30951.0,,-0.76098711,-0.75783907
779,779,17991.0,,-0.82334471,-0.8178025
780,780,19424.0,,-0.34621853,-0.3497438
781,781,,,,
782,782,,,,
783,783,30515.0,,-0.51942899,-0.51903074
784,784,88683.0,,-0.34446509,-0.34184014
785,785,,-0.041,,
786,786,,-0.0438,,
787,787,,-0.0449,,
788,788,94482.0,-0.0455,-0.25172764,-0.25753188
789,789,94482.0,-0.0453,-0.25172764,-0.25753188
790,790,94482.0,-0.0455,-0.25172764,-0.25753188
791,791,94482.0,-0.0452,-0.25172764,-0.25753188
792,792,,-0.0444,,
793,793,17382.0,,-0.53118521,-0.52756749
794,794,307534.0,,-0.62011466,-0.62936267
795,795,,,,
796,796,17381.0,,-0.88831847,-0.88228811
797,797,683580.0,,,-0.27869893
798,798,116234.0,,-0.66012382,-0.64287548
799,799,31033.0,,-0.37699088,-0.37261451
800,800,10833.0,,-0.34064662,-0.344695
801,801,18742.0,,-0.41852153,-0.41759104
802,802,,,,
803,803,,,,
804,804,28235.0,,-0.57450582,-0.57476874
805,805,28234.0,,,-0.49745752
806,806,31356.0,,-0.42172582,-0.41869664
807,807,,-0.2123,,
808,808,14987.0,-0.3716,-0.43019911,-0.4330145
809,809,,-0.255,,
810,810,,-0.2398,-0.22249812,
811,811,,-0.4319,-0.48601618,
812,812,18093.0,,-0.17968633,-0.22988746
813,813,647455.0,,-0.20901573,-0.27008554
814,814,5838.0,,-0.55339038,-0.54075562
815,815,74704.0,,-0.63762195,-0.6368074
816,816,16443.0,,-0.615632,-0.60255945
817,817,,,,
818,818,10511.0,,-0.28263381,-0.29648968
819,819,18710.0,,-0.42336587,-0.43058276
820,820,90586.0,,-0.71361444,-0.73613297
821,821,17380.0,,-0.70975701,-0.70811812
822,822,,,,
823,823,,,,
824,824,18722.0,,-0.39576492,-0.41231514
825,825,18722.0,,-0.39576492,-0.41231514
826,826,18487.0,,-0.42977359,-0.44963193
827,827,18487.0,,-0.42977359,-0.44963193
828,828,18721.0,,-0.40280557,-0.43603073
829,829,18721.0,,-0.40280557,-0.43603073
830,830,,,,
831,831,,,,
832,832,,,,
833,833,,,,
834,834,17811.0,,-0.25487862,-0.31329683
835,835,17810.0,,-0.19098214,-0.22263402
836,836,,,,
837,837,17810.0,,-0.19098214,-0.22263402
838,838,17812.0,,-0.22376278,-0.28860227
839,839,31054.0,-0.7276,-0.68496888,-0.71993662
840,840,,-0.4498,,
841,841,18133.0,-0.2249,-0.06768964,-0.07946155
842,842,31089.0,-0.7545,-0.76823437,-0.80510922
843,843,94311.0,-0.7379,-0.56603354,-0.5993576999999999
844,844,17754.0,-0.1575,-0.14884203,-0.19526682
845,845,647455.0,-0.1938,-0.20901573,-0.27008554
846,846,18060.0,-0.4363,-0.39452096,-0.46589572
847,847,17954.0,-0.5991,-0.52282047,-0.53933084
848,848,17391.0,-0.5099,-0.37901034,-0.41516328
849,849,13860.0,-0.1555,-0.25279987,-0.31193171
850,850,19398.0,-0.1337,-0.28526758,-0.351585
851,851,7829.0,-0.6094,-0.58626824,-0.62787003
852,852,92492.0,-0.7804,-0.67825908,-0.7158068000000001
853,853,647405.0,-0.768,-0.69045193,-0.72797909
854,854,31076.0,-0.8074,,-0.74505748
855,855,30420.0,-0.8136,,-0.75843331
856,856,31084.0,-0.7576,,-0.34830875
857,857,31219.0,-0.7784,-0.72459532,-0.75720558
858,858,17478.0,-0.7618,-0.71602343,-0.75273452
859,859,647468.0,-0.7493,-0.70634021,-0.74499058
860,860,31088.0,-0.7545,,-0.73109966
861,861,30711.0,-0.7784,,-0.70397538
862,862,30711.0,-0.7628,,-0.70397538
863,863,647319.0,-0.968,-0.84441926,-0.84486917
864,864,13726.0,-0.1627,0.01164082,0.01146355
865,865,10313.0,-0.9307,-0.83198247,-0.83402587
866,866,13725.0,-0.8405,-0.79858593,-0.79984176
867,867,655868.0,-0.7172,-0.46914122,-0.48565297
868,868,,-0.1731,,
869,869,683580.0,-0.2954,,-0.27869893
870,870,646171.0,-0.5897,-0.55039662,-0.55538291
871,871,13801.0,-0.4819,-0.46246676,-0.46030866
872,872,646837.0,-0.5421,-0.54497816,-0.54239792
873,873,8070.0,-0.7027,,-0.69572926
874,874,30438.0,-0.7732,-0.69955296,-0.69728076
875,875,48717.0,-0.4353,-0.36231627,-0.36229547
876,876,8193.0,-0.0383,-0.08637972,-0.0823748
877,877,646856.0,-0.3431,-0.31015357,-0.31695899
878,878,646856.0,-0.3368,-0.31015357,-0.31695899
879,879,2258.0,-0.4705,-0.47655987,-0.47509124
880,880,13687.0,-0.3845,-0.35448466,-0.3551848
881,881,,-0.0425,,
882,882,,-0.7815,,
883,883,662552.0,-0.7607,-0.59199312,-0.65986646
884,884,,-0.7939,,
885,885,20668.0,-0.7296,-0.68400837,-0.68533545
886,886,,-0.8468,,
887,887,647275.0,-0.7473,-0.70498837,-0.70618325
888,888,,-0.8312,,
889,889,8025.0,-0.8499,,-0.77906924
890,890,30497.0,-0.9411,,-0.74262386
891,891,10064.0,-0.8468,-0.79227955,-0.37857456
892,892,29859.0,-0.9577,,-0.79716707
893,893,30444.0,-0.9514,,-0.8021457
894,894,18316.0,-0.9908,-0.80121533,-0.80431566
895,895,30501.0,-0.9463,,-0.80150275
896,896,30459.0,-0.9649,,-0.79262795
897,897,17503.0,-0.7006,-0.69447488,-0.69973281
898,898,,-0.4809,-0.43663624,
899,899,10612.0,-0.5545,-0.5314414000000001,-0.53390158
900,900,,-0.4861,-0.35436314,
901,901,,-0.625,,
902,902,10540.0,-0.3835,-0.34999804,-0.351949
903,903,,-0.4768,,
904,904,10541.0,-0.4975,-0.48538706,-0.48600004
905,905,18716.0,-0.4508,-0.45116262,-0.45477582
906,906,647422.0,-0.4768,-0.41285323,-0.41003104
907,907,10483.0,-0.5234,-0.49784908,-0.49709903
908,908,10484.0,-0.456,-0.4468069000000001,-0.44815358
909,909,,-0.4249,,
910,910,10617.0,-0.4094,-0.34637732,-0.35140065
911,911,10618.0,-0.3368,-0.17169078,-0.17298079
912,912,,-0.3938,,
913,913,658970.0,-0.5078,-0.39960339,-0.40410721
914,914,10582.0,-0.57,-0.50959215,-0.51399839
915,915,,-0.4975,-0.44082113,
916,916,10452.0,-0.5089,-0.50800421,-0.51084323
917,917,,-0.4094,,
918,918,10402.0,-0.5068,-0.45683008,-0.47386387
919,919,18919.0,-0.17,-0.15424701,-0.16062138
920,920,10468.0,-0.5327,-0.52226962,-0.52271679
921,921,,-0.4084,,
922,922,,-0.3596,,
923,923,,-0.2529,,
924,924,,-0.172,,
925,925,,-0.1244,,
926,926,,-0.115,,
927,927,,-0.0881,,
928,928,,-0.0902,,
929,929,,-0.1378,,
930,930,20722.0,-0.1803,-0.20161828,-0.21227463
931,931,,-0.1441,,
932,932,113163.0,-0.1565,-0.20561058,-0.21463602
933,933,,-0.1948,,
934,934,,-0.0725,,
935,935,,-0.0466,,
936,936,,-0.086,,
937,937,31242.0,-0.1213,-0.16629482,-0.16700065
938,938,,-0.0653,,
939,939,,-0.2601,-0.33433602,
940,940,19331.0,-0.3379,-0.45253956,-0.45261573
941,941,89117.0,-0.3462,-0.45827261,-0.46149673
942,942,29890.0,-0.2301,,-0.24881051
943,943,,-0.1337,,
944,944,,-0.2094,,
945,945,,-0.3244,,
946,946,30015.0,-0.3171,-0.48549384,-0.49334426
947,947,,-0.1772,,
948,948,,-0.2394,,
949,949,18494.0,-0.3317,-0.40707405,-0.41479822
950,950,31223.0,-0.2674,-0.39817732,-0.4264578
951,951,,-0.1441,,
952,952,10523.0,-0.4011,-0.46326458,-0.4683723
953,953,,-0.4115,,
954,954,10534.0,-0.5203,-0.59657081,-0.6063670999999999
955,955,,-0.257,,
956,956,30279.0,-0.7182,-0.55812311,-0.56785364
957,957,30304.0,-0.3721,-0.33300579,-0.34667213
958,958,647474.0,-0.3596,-0.39977053,-0.43095053
959,959,647910.0,-0.3078,-0.17266856,-0.20790812
960,960,,-0.1524,,
961,961,,-0.0166,,
962,962,18663.0,-0.0311,0.03668239,0.04087623
963,963,18642.0,-0.0321,0.01621323,0.02019311
964,964,18836.0,-0.0187,-0.07146536,-0.03296878
965,965,31298.0,-0.0269,-0.10130516,-0.09891662
966,966,20826.0,-0.0197,-0.12142022,-0.11960373
967,967,17236.0,-0.0228,-0.14341286,-0.13997887
968,968,30221.0,-0.0373,-0.17493036,-0.17014908
969,969,,-0.141,,
970,970,,-0.1078,,
971,971,18688.0,-0.2819,-0.28543016,-0.29783282
972,972,19423.0,-0.2332,-0.41788011,-0.44919251
973,973,,-0.3545,,
974,974,104100.0,-0.211,-0.12607536,-0.1153915
975,975,,-0.2332,,
976,976,17097.0,-0.2674,-0.22535881,-0.23947064
977,977,647048.0,-0.398,-0.3497696,-0.36174807
978,978,29249.0,-0.1202,-0.15857999,-0.17199427
979,979,647071.0,-0.4394,-0.4354005,-0.44920504
980,980,647056.0,-0.3275,-0.24303171,-0.25696368
981,981,29396.0,-0.1617,-0.10441762,-0.13898515
982,982,27707.0,-0.57,-0.61306221,-0.63709835
983,983,29293.0,-0.5617,-0.51703112,-0.54134649
984,984,647094.0,-0.6364,-0.65953515,-0.68559285
985,985,647063.0,-0.6146,-0.49619322,-0.52142632
986,986,18296.0,-0.398,-0.36833086,-0.37173531
987,987,29296.0,-0.2943,-0.302636,-0.30455297
988,988,10435.0,-0.2747,-0.12779898,-0.12939585
989,989,19462.0,-0.1803,0.04125642,0.00643917
990,990,,-0.2425,,
991,991,,-0.1461,,
992,992,,-0.4695,,
993,993,,-0.0922,,
994,994,31335.0,-0.2653,-0.32760082,-0.3390292
995,995,,-0.1513,,
996,996,472691.0,-0.2259,,0.11432415
997,997,472554.0,-0.1202,,-0.08439467
998,998,22373.0,-0.2871,-0.31383058,-0.30950568
999,999,646824.0,-0.2239,-0.09505111,-0.10712478
1000,1000,,-0.1296,,
1001,1001,29699.0,-0.1948,0.06969568,0.06588514
1002,1002,,-0.1762,,
1003,1003,,-0.1337,,
1004,1004,,-0.3876,,
1005,1005,,-0.1182,,
1006,1006,525371.0,-0.058,-0.06796609,-0.07357737
1007,1007,,-0.1513,,
1008,1008,,-0.2767,,
1009,1009,,-0.3109,,
1010,1010,20349.0,-0.1182,-0.00660202,-0.17154466
1011,1011,676576.0,-0.2166,,0.04352649
1012,1012,17257.0,-0.2218,-0.22451226,-0.22432807
1013,1013,,-0.2176,,
1014,1014,10120.0,-0.1596,-0.1827522,-0.22961262
1015,1015,10801.0,-0.1472,-0.12815058,-0.19073514
1016,1016,19456.0,-0.0819,-0.0691933,-0.14436161
1017,1017,10803.0,-0.0601,-0.04715316,-0.06419591
1018,1018,,-0.0135,,
1019,1019,30238.0,-0.0964,-0.08104349,-0.08061884
1020,1020,110129.0,,-0.23952203,-0.24057406
1021,1021,7825.0,,0.08097756,-0.20058362
1022,1022,,-1.0733,,
1023,1023,,,-0.01687109,
1024,1024,,,-0.01687109,
1025,1025,689212.0,-0.4519,,-0.23996133
1026,1026,,-0.3441,,
1027,1027,,-0.1461,,
1028,1028,,-0.2881,,
1029,1029,,-0.3161,,
1030,1030,31357.0,-0.3151,-0.24844258,-0.25311439
1031,1031,,-0.3047,,
1032,1032,7559.0,-0.2653,-0.24244816,-0.23955457
1033,1033,,-0.2529,-0.1959975,
1034,1034,94913.0,-0.6871,-0.65864811,-0.66944636
1035,1035,17890.0,-0.4198,-0.43251692,-0.43864812
1036,1036,509949.0,-0.4218,,-0.33701128
1037,1037,,-0.5897,,
1038,1038,,,,
1039,1039,21081.0,-0.7473,-0.62052541,-0.64117697
1040,1040,,-0.256,,
1041,1041,17718.0,-0.0601,-0.12738089,-0.13765654
1042,1042,,-0.0922,,
1043,1043,,-0.0497,,
1044,1044,17364.0,-0.2104,-0.26402934,-0.25512470000000004
1045,1045,17365.0,-0.0663,-0.16067013,-0.1700668
1046,1046,,-0.2239,,
1047,1047,18066.0,-0.1451,-0.61434864,-0.61292525
1048,1048,19107.0,-0.1078,-0.13790279,-0.14415719
1049,1049,18874.0,-0.0497,-0.1906269,-0.19700494
1050,1050,90200.0,-0.4685,-0.18880831,-0.19334822
1051,1051,,-0.0954,,
1052,1052,19153.0,-0.1503,-0.22563882,-0.22469722
1053,1053,,-0.1368,,
1054,1054,29575.0,-0.0912,-0.25815540000000003,-0.25473662
1055,1055,668583.0,-0.5555,-0.35329579,-0.35251563
1056,1056,,-0.1855,-0.31842792,
1057,1057,,-0.2187,-0.72230996,
1058,1058,,-0.029,0.16239360000000005,
1059,1059,,-0.0031,,
1060,1060,,-0.0383,,
1061,1061,,-0.1078,,
1062,1062,,-0.057,,
1063,1063,29839.0,-0.0166,-0.08229063,-0.07837486
1064,1064,,-0.0218,,
1065,1065,,-0.0549,,
1066,1066,30235.0,-0.1658,-0.11839909,-0.10785679
1067,1067,110129.0,-0.2384,-0.23952203,-0.24057406
1068,1068,7825.0,-0.2145,0.08097756,-0.20058362
1069,1069,17670.0,-0.2581,-0.03866552,-0.01265056
1070,1070,116608.0,-0.3389,-0.34371282,-0.3780194000000001
1071,1071,,-0.625,,
1072,1072,,-0.0974,-0.10506817,
1073,1073,,-0.0705,,
1074,1074,31347.0,-0.1088,-0.00869899,0.10190198
1075,1075,29447.0,-0.0705,,-0.05120681
1076,1076,18557.0,-0.1316,-0.02884124,0.07583558
1077,1077,29416.0,-0.0684,-0.04709472,0.12501809
1078,1078,,-0.1264,-0.05964595,
1079,1079,,-0.0746,,
1080,1080,18800.0,-0.1036,,0.01275074
1081,1081,31309.0,-0.1524,-0.09841932,0.11207467
1082,1082,,-0.0798,,
1083,1083,,-0.084,,
1084,1084,31229.0,-0.1814,-0.18762872,-0.20234444
1085,1085,113163.0,-0.2042,-0.20561058,-0.21463602
1086,1086,29523.0,-0.2373,,-0.2299119
1087,1087,29389.0,-0.2384,,-0.24771716
1088,1088,10385.0,-0.626,-0.50109168,-0.50464884
1089,1089,526506.0,-0.3109,,-0.05831597
1090,1090,,-0.1669,,
1091,1091,,-0.5721,,
1092,1092,10474.0,-0.8457,-0.8315606,-0.82956983
1093,1093,468834.0,-0.8281,,-0.74053448
1094,1094,467796.0,-0.7918,-0.69834147,-0.69394758
1095,1095,463005.0,-0.8043,,-0.72693835
1096,1096,,-0.9027,,
1097,1097,,-0.5649,,
1098,1098,,-0.4249,,
1099,1099,30746.0,-0.5659,-0.4152267,-0.43623346
1100,1100,,-0.8436,,
1101,1101,463385.0,-0.6799,-0.66035607,-0.66685186
1102,1102,463323.0,-0.4249,-0.5749228,-0.58036463
1103,1103,464113.0,-0.8146,-0.6071031,-0.63046599
1104,1104,10557.0,-0.8841,-0.80610144,-0.80304897
1105,1105,463371.0,-0.7898,-0.7250791999999999,-0.7232613
1106,1106,463998.0,-0.882,-0.70439622,-0.69578426
1107,1107,463248.0,-0.9556,-0.73463303,-0.75081076
1108,1108,,-0.5814,,
1109,1109,,-0.2767,,
1110,1110,,-0.2954,,
1111,1111,503820.0,-0.2042,-0.15887265,-0.15820987
1112,1112,,-0.7338,,
1113,1113,502278.0,-0.2581,-0.64140667,-0.65579414
1114,1114,,-0.3348,,
1115,1115,502362.0,-0.2622,-0.25646363,-0.25392933
1116,1116,502597.0,-0.4768,-0.46129678,-0.46449838
1117,1117,503606.0,-0.3078,-0.26656891,-0.26434723
1118,1118,503527.0,-0.2114,-0.11616176,-0.13254978
1119,1119,,-0.6498,,
1120,1120,502620.0,-0.9836,-0.89107675,-0.9041485
1121,1121,503536.0,-0.8198,-0.69907969,-0.71557854
1122,1122,503388.0,-0.6281,-0.58413435,-0.6117019
1123,1123,,-0.3203,,
1124,1124,502753.0,-0.5794,-0.56948287,-0.56545621
1125,1125,503010.0,-0.3327,-0.35868372,-0.33464862
1126,1126,504149.0,-0.2187,,-0.190743
1127,1127,,-0.6685,,
1128,1128,,-0.6353,-0.47463249,
1129,1129,,-0.172,,
1130,1130,30931.0,-0.6716,,-0.59163632
1131,1131,,-0.5244,-0.14045965,
1132,1132,17740.0,-0.1078,0.13181374,0.11097907
1133,1133,,-0.171,-0.09252528,
1134,1134,7834.0,-0.3068,-0.30894702,-0.29965135
1135,1135,669812.0,-0.3596,0.02424395,0.07791212
1136,1136,17162.0,-0.3016,-0.35656496,-0.38480311
1137,1137,,-0.5027,,
1138,1138,,-0.3223,,
1139,1139,,-0.2995,-0.30551500000000004,
1140,1140,,-0.7504,,
1141,1141,,-0.5731,,
1142,1142,,-0.3659,,
1143,1143,647271.0,-0.57,-0.44292375,-0.44947884
1144,1144,17688.0,-0.4156,-0.44010532,-0.46709352
1145,1145,,-1.0116,,
1146,1146,,-0.8188,,
1147,1147,,-0.7742,,
1148,1148,18063.0,-0.4643,-0.41636787,-0.43863856
1149,1149,17275.0,-0.2228,-0.28814787,-0.28700053
1150,1150,17820.0,-0.2508,-0.1140145,-0.14172739999999998
1151,1151,17233.0,-0.0383,0.04401775,-0.01862392
1152,1152,,-0.2487,,
1153,1153,,-0.3203,,
1154,1154,,-0.2425,,
1155,1155,,-0.0943,,
1156,1156,,-0.3835,,
1157,1157,,-0.1803,0.07886879,
1158,1158,,-0.2757,,
1159,1159,,-0.285,,
1160,1160,,-0.2757,,
1161,1161,,-0.2176,,
1162,1162,,-0.2083,,
1163,1163,17273.0,-0.4405,-0.53975432,-0.56136537
1164,1164,55528.0,-0.2954,-0.34461536,-0.36462902
1165,1165,17816.0,-0.485,-0.43329163,-0.47901202
1166,1166,458527.0,-0.6716,-0.57404936,-0.5817824
1167,1167,457980.0,-0.2218,-0.33127356,-0.34589253
1168,1168,,-0.484,,
1169,1169,,-0.2322,,
1170,1170,647441.0,-0.5016,-0.0448774,-0.07865257
1171,1171,860363.0,-0.4415,0.31134766,-0.37599542
1172,1172,684862.0,-0.4239,,0.06719219
1173,1173,17497.0,-0.3047,0.29446035,0.2571392
1174,1174,24958.0,-0.9235,-0.73836035,-0.77341546
1175,1175,667584.0,-0.6488,-0.63230214,0.13071924
1176,1176,115027.0,-0.5452,-0.52801859,-0.58058168
1177,1177,676556.0,-0.7214,-0.68398515,-0.71904526
1178,1178,18376.0,-0.7089,-0.72360596,-0.7517316999999999
1179,1179,,-0.8975,,
1180,1180,566182.0,-1.024,-0.27783584,-1.01509825
1181,1181,17256.0,-0.6084,-0.45781977,-0.4582049
1182,1182,17683.0,-0.5783,-0.33896264,-0.36926039
1183,1183,18005.0,-0.9701,-0.83028347,-0.87088914
1184,1184,566429.0,-1.0872,-1.02254305,-1.05425069
1185,1185,,-0.1969,,
1186,1186,,-0.1855,,
1187,1187,,-0.2259,,
1188,1188,,-0.2094,,
1189,1189,,-0.2197,,
1190,1190,,-0.2384,,
1191,1191,,-0.2581,,
1192,1192,,-0.4353,,
1193,1193,,-0.3451,,
1194,1194,,-0.3451,,
1195,1195,,-0.5369,,
1196,1196,,-0.4871,,
1197,1197,,-0.4394,,
1198,1198,,-0.3887,,
1199,1199,,-0.3192,,
1200,1200,,-0.2985,,
1201,1201,,-0.2985,,
1202,1202,,-0.2353,,
1203,1203,,-0.2643,,
1204,1204,,-0.2104,,
1205,1205,,-0.2674,,
1206,1206,,-0.2684,,
1207,1207,,-0.2954,,
1208,1208,,-0.3337,,
1209,1209,,-0.3296,,
1210,1210,,-0.284,,
1211,1211,,-0.2964,,
1212,1212,,-0.3285,,
1213,1213,,-0.2415,,
1214,1214,,-0.2612,,
1215,1215,,-0.2757,,
1216,1216,,-0.1814,,
1217,1217,,-0.1057,,
1218,1218,,-0.2384,,
1219,1219,,-0.2881,,
1220,1220,,-0.2747,,
1221,1221,,-0.2633,,
1222,1222,,-0.2881,,
1223,1223,,-0.2747,,
1224,1224,,-0.2757,,
1225,1225,,-0.2218,,
1226,1226,,-0.2829,,
1227,1227,,-0.2498,,
1228,1228,,-0.3389,,
1229,1229,,-0.2446,,
1230,1230,,-0.2477,,
1231,1231,,-0.2995,,
1232,1232,,-0.3078,,
1233,1233,,-0.2892,,
1234,1234,690179.0,-0.7835,,-0.5320109000000001
1235,1235,,-0.8001,,
1236,1236,30804.0,-0.7773,,-0.54425795
1237,1237,,-0.7929,,
1238,1238,30399.0,-0.7979999999999999,,-0.55242522
1239,1239,30923.0,-0.7379,,-0.13671797
1240,1240,29904.0,-0.7887,-0.54462748,-0.54011757
1241,1241,17466.0,-0.7452,-0.53146096,-0.53073424
1242,1242,30023.0,-0.7794,,-0.5183237
1243,1243,30928.0,-0.7939,,-0.49914195
1244,1244,30697.0,-0.7752,,-0.46361792
1245,1245,22905.0,-0.4156,-0.34836755,-0.35750635
1246,1246,,-0.1223,,
1247,1247,19462.0,-0.1461,0.04125642,0.00643917
1248,1248,,-0.1213,,
1249,1249,,-0.1679,,
1250,1250,,-0.1897,,
1251,1251,,-0.2239,,
1252,1252,,-0.2415,,
1253,1253,,-0.229,,
1254,1254,,-0.2705,,
1255,1255,,-0.2995,,
1256,1256,,-0.1886,,
1257,1257,,-0.1679,,
1258,1258,647200.0,-0.1613,-0.12579344,-0.12767187
1259,1259,7790.0,-0.3823,-0.06049156,-0.06497736
1260,1260,2012.0,-0.2145,-0.17935152,-0.1861232
1261,1261,2012.0,,-0.17935152,-0.1861232
1262,1262,10488.0,-0.198,-0.18145293,-0.19199537
1263,1263,,-0.1565,-0.15599208,
1264,1264,90153.0,-0.1917,-0.10785642,-0.1044123
1265,1265,17651.0,-0.1658,-0.09464138,-0.09422897
1266,1266,17652.0,-0.1244,-0.110229,-0.10948037
1267,1267,,-0.0881,,
1268,1268,,-0.057,,
1269,1269,17342.0,,-0.29182240000000004,-0.29969984
1270,1270,,,,
1271,1271,,,,
1272,1272,646855.0,,-0.30645184,-0.31421743
1273,1273,,-0.3131,,
1274,1274,19373.0,-0.0301,-0.03087492,-0.04063231
1275,1275,30227.0,-0.141,-0.12231512,-0.12212013
