,Unnamed: 0,gfa
0,0,0
1,1,0
2,2,0
3,3,0
4,4,0
5,5,0
6,6,0
7,7,0
8,8,0
9,9,1
10,10,0
11,11,0
12,12,0
13,13,1
14,14,1
15,15,1
16,16,1
17,17,1
18,18,1
19,19,0
20,20,1
21,21,1
22,22,1
23,23,1
24,24,0
25,25,0
26,26,1
27,27,0
28,28,1
29,29,1
30,30,1
31,31,0
32,32,1
33,33,0
34,34,1
35,35,1
36,36,0
37,37,1
38,38,0
39,39,0
40,40,1
41,41,0
42,42,1
43,43,0
44,44,0
45,45,1
46,46,1
47,47,0
48,48,0
49,49,0
50,50,1
51,51,1
52,52,0
53,53,0
54,54,0
55,55,1
56,56,0
57,57,1
58,58,1
59,59,1
60,60,1
61,61,1
62,62,0
63,63,0
64,64,0
65,65,0
66,66,0
67,67,1
68,68,1
69,69,1
70,70,0
71,71,1
72,72,1
73,73,1
74,74,0
75,75,0
76,76,0
77,77,0
78,78,1
79,79,0
80,80,1
81,81,0
82,82,1
83,83,0
84,84,0
85,85,1
86,86,1
87,87,0
88,88,1
89,89,1
90,90,1
91,91,1
92,92,1
93,93,1
94,94,0
95,95,0
96,96,0
97,97,0
98,98,1
99,99,1
100,100,0
101,101,1
102,102,1
103,103,1
104,104,1
105,105,0
106,106,1
107,107,0
108,108,1
109,109,1
110,110,1
111,111,1
112,112,1
113,113,1
114,114,0
115,115,0
116,116,1
117,117,1
118,118,1
119,119,1
120,120,0
121,121,0
122,122,1
123,123,0
124,124,0
125,125,1
126,126,1
127,127,1
128,128,1
129,129,0
130,130,1
131,131,0
132,132,1
133,133,1
134,134,1
135,135,1
136,136,0
137,137,0
138,138,0
139,139,1
140,140,0
141,141,1
142,142,1
143,143,0
144,144,1
145,145,1
146,146,1
147,147,0
148,148,0
149,149,1
150,150,0
151,151,0
152,152,0
153,153,1
154,154,1
155,155,1
156,156,0
157,157,0
158,158,0
159,159,0
160,160,0
161,161,1
162,162,0
163,163,0
164,164,1
165,165,1
166,166,1
167,167,0
168,168,0
169,169,0
170,170,0
171,171,0
172,172,0
173,173,0
174,174,0
175,175,0
176,176,0
177,177,1
178,178,1
179,179,1
180,180,0
181,181,0
182,182,0
183,183,0
184,184,0
185,185,1
186,186,1
187,187,0
188,188,0
189,189,1
190,190,0
191,191,1
192,192,0
193,193,1
194,194,1
195,195,1
196,196,1
197,197,1
198,198,1
199,199,1
200,200,1
201,201,1
202,202,1
203,203,0
204,204,1
205,205,0
206,206,1
207,207,1
208,208,1
209,209,1
210,210,1
211,211,1
212,212,1
213,213,1
214,214,1
215,215,1
216,216,0
217,217,0
218,218,0
219,219,0
220,220,1
221,221,1
222,222,0
223,223,1
224,224,1
225,225,1
226,226,1
227,227,0
228,228,1
229,229,1
230,230,1
231,231,1
232,232,1
233,233,1
234,234,1
235,235,0
236,236,0
237,237,1
238,238,1
239,239,1
240,240,0
241,241,0
242,242,1
243,243,0
244,244,1
245,245,1
246,246,1
247,247,0
248,248,0
249,249,0
250,250,0
251,251,0
252,252,1
253,253,1
254,254,1
255,255,1
256,256,0
257,257,0
258,258,0
259,259,0
260,260,0
261,261,0
262,262,0
263,263,1
264,264,0
265,265,1
266,266,1
267,267,1
268,268,1
269,269,1
270,270,1
271,271,1
272,272,1
273,273,1
274,274,0
275,275,1
276,276,0
277,277,1
278,278,1
279,279,1
280,280,1
281,281,1
282,282,0
283,283,0
284,284,0
285,285,1
286,286,1
287,287,1
288,288,1
289,289,0
290,290,0
291,291,0
292,292,0
293,293,0
294,294,1
295,295,0
296,296,0
297,297,0
298,298,0
299,299,1
300,300,0
301,301,0
302,302,0
303,303,0
304,304,0
305,305,0
306,306,1
307,307,1
308,308,1
309,309,1
310,310,1
311,311,1
312,312,1
313,313,0
314,314,1
315,315,0
316,316,1
317,317,0
318,318,0
319,319,0
320,320,0
321,321,1
322,322,0
323,323,0
324,324,0
325,325,1
326,326,0
327,327,0
328,328,0
329,329,1
330,330,1
331,331,1
332,332,1
333,333,1
334,334,1
335,335,1
336,336,1
337,337,1
338,338,1
339,339,1
340,340,1
341,341,0
342,342,0
343,343,0
344,344,0
345,345,1
346,346,1
347,347,1
348,348,0
349,349,0
350,350,1
351,351,1
352,352,1
353,353,1
354,354,1
355,355,1
356,356,1
357,357,1
358,358,1
359,359,1
360,360,1
361,361,1
362,362,0
363,363,1
364,364,1
365,365,0
366,366,1
367,367,0
368,368,0
369,369,0
370,370,1
371,371,1
372,372,0
373,373,1
374,374,1
375,375,0
376,376,0
377,377,0
378,378,1
379,379,0
380,380,1
381,381,1
382,382,1
383,383,1
384,384,1
385,385,1
386,386,1
387,387,1
388,388,1
389,389,1
390,390,1
391,391,1
392,392,0
393,393,0
394,394,0
395,395,0
396,396,1
397,397,0
398,398,1
399,399,0
400,400,0
401,401,1
402,402,1
403,403,1
404,404,0
405,405,0
406,406,0
407,407,0
408,408,0
409,409,0
410,410,0
411,411,0
412,412,1
413,413,1
414,414,1
415,415,1
416,416,1
417,417,1
418,418,1
419,419,1
420,420,1
421,421,1
422,422,1
423,423,1
424,424,1
425,425,1
426,426,0
427,427,0
428,428,1
429,429,1
430,430,1
431,431,1
432,432,1
433,433,1
434,434,1
435,435,1
436,436,1
437,437,1
438,438,0
439,439,0
440,440,0
441,441,0
442,442,1
443,443,1
444,444,1
445,445,1
446,446,1
447,447,1
448,448,1
449,449,1
450,450,1
451,451,1
452,452,1
453,453,1
454,454,1
455,455,1
456,456,0
457,457,0
458,458,0
459,459,1
460,460,1
461,461,0
462,462,1
463,463,1
464,464,1
465,465,1
466,466,1
467,467,1
468,468,1
469,469,1
470,470,1
471,471,1
472,472,1
473,473,1
474,474,1
475,475,1
476,476,0
477,477,1
478,478,1
479,479,1
480,480,1
481,481,1
482,482,1
483,483,1
484,484,0
485,485,1
486,486,1
487,487,0
488,488,1
489,489,1
490,490,0
491,491,0
492,492,1
493,493,0
494,494,0
495,495,1
496,496,1
497,497,0
498,498,1
499,499,1
500,500,1
501,501,1
502,502,1
503,503,1
504,504,1
505,505,1
506,506,1
507,507,1
508,508,1
509,509,1
510,510,1
511,511,1
512,512,1
513,513,1
514,514,0
515,515,0
516,516,0
517,517,1
518,518,1
519,519,0
520,520,1
521,521,1
522,522,1
523,523,1
524,524,1
525,525,1
526,526,1
527,527,1
528,528,1
529,529,0
530,530,1
531,531,0
532,532,0
533,533,0
534,534,1
535,535,1
536,536,1
537,537,1
538,538,1
539,539,1
540,540,1
541,541,1
542,542,1
543,543,1
544,544,1
545,545,0
546,546,0
547,547,0
548,548,0
549,549,0
550,550,0
551,551,0
552,552,1
553,553,1
554,554,1
555,555,1
556,556,1
557,557,1
558,558,1
559,559,1
560,560,1
561,561,1
562,562,1
563,563,1
564,564,1
565,565,1
566,566,1
567,567,1
568,568,0
569,569,0
570,570,1
571,571,0
572,572,1
573,573,1
574,574,1
575,575,1
576,576,1
577,577,0
578,578,1
579,579,0
580,580,0
581,581,0
582,582,0
583,583,1
584,584,1
585,585,1
586,586,1
587,587,1
588,588,0
589,589,1
590,590,1
591,591,1
592,592,1
593,593,1
594,594,1
595,595,1
596,596,1
597,597,0
598,598,1
599,599,1
600,600,1
601,601,1
602,602,0
603,603,0
604,604,1
605,605,1
606,606,0
607,607,1
608,608,1
609,609,0
610,610,1
611,611,1
612,612,1
613,613,1
614,614,1
615,615,1
616,616,1
617,617,1
618,618,1
619,619,1
620,620,1
621,621,1
622,622,1
623,623,1
624,624,1
625,625,0
626,626,1
627,627,1
628,628,1
629,629,1
630,630,1
631,631,1
632,632,1
633,633,1
634,634,1
635,635,1
636,636,1
637,637,1
638,638,1
639,639,1
640,640,1
641,641,1
642,642,1
643,643,1
644,644,1
645,645,1
646,646,1
647,647,0
648,648,1
649,649,1
650,650,0
651,651,0
652,652,1
653,653,1
654,654,1
655,655,1
656,656,1
657,657,0
658,658,1
659,659,1
660,660,1
661,661,0
662,662,0
663,663,0
664,664,1
665,665,0
666,666,0
667,667,0
668,668,1
669,669,1
670,670,1
671,671,1
672,672,1
673,673,1
674,674,1
675,675,1
676,676,1
677,677,1
678,678,1
679,679,0
680,680,1
681,681,0
682,682,1
683,683,1
684,684,0
685,685,1
686,686,0
687,687,1
688,688,1
689,689,0
690,690,0
691,691,1
692,692,0
693,693,0
694,694,0
695,695,1
696,696,1
697,697,1
698,698,1
699,699,1
700,700,1
701,701,1
702,702,1
703,703,1
704,704,1
705,705,1
706,706,1
707,707,0
708,708,0
709,709,0
710,710,0
711,711,0
712,712,0
713,713,1
714,714,1
715,715,1
716,716,1
717,717,1
718,718,1
719,719,1
720,720,1
721,721,1
722,722,1
723,723,0
724,724,0
725,725,0
726,726,1
727,727,1
728,728,1
729,729,1
730,730,1
731,731,1
732,732,1
733,733,1
734,734,1
735,735,1
736,736,1
737,737,1
738,738,1
739,739,1
740,740,1
741,741,0
742,742,1
743,743,1
744,744,0
745,745,0
746,746,1
747,747,0
748,748,1
749,749,1
750,750,1
751,751,1
752,752,1
753,753,1
754,754,1
755,755,1
756,756,1
757,757,1
758,758,1
759,759,1
760,760,1
761,761,0
762,762,1
763,763,1
764,764,0
765,765,0
766,766,0
767,767,1
768,768,1
769,769,1
770,770,1
771,771,1
772,772,0
773,773,1
774,774,1
775,775,1
776,776,1
777,777,1
778,778,1
779,779,1
780,780,1
781,781,1
782,782,0
783,783,0
784,784,0
785,785,0
786,786,0
787,787,0
788,788,0
789,789,0
790,790,0
791,791,1
792,792,0
793,793,1
794,794,0
795,795,0
796,796,1
797,797,1
798,798,1
799,799,1
800,800,1
801,801,1
802,802,1
803,803,1
804,804,1
805,805,1
806,806,1
807,807,1
808,808,0
809,809,0
810,810,0
811,811,0
812,812,0
813,813,0
814,814,1
815,815,0
816,816,1
817,817,0
818,818,0
819,819,0
820,820,1
821,821,1
822,822,1
823,823,1
824,824,0
825,825,1
826,826,0
827,827,1
828,828,1
829,829,1
830,830,1
831,831,1
832,832,0
833,833,0
834,834,0
835,835,0
836,836,0
837,837,0
838,838,0
839,839,0
840,840,1
841,841,0
842,842,1
843,843,1
844,844,1
845,845,1
846,846,1
847,847,1
848,848,0
849,849,1
850,850,1
851,851,1
852,852,1
853,853,1
854,854,1
855,855,1
856,856,0
857,857,1
858,858,0
859,859,1
860,860,1
861,861,1
862,862,0
863,863,1
864,864,0
865,865,0
866,866,0
867,867,1
868,868,1
869,869,1
870,870,1
871,871,1
872,872,1
873,873,1
874,874,1
875,875,1
876,876,1
877,877,1
878,878,1
879,879,1
880,880,1
881,881,1
882,882,0
883,883,0
884,884,0
885,885,0
886,886,0
887,887,0
888,888,0
889,889,1
890,890,1
891,891,1
892,892,1
893,893,0
894,894,0
895,895,0
896,896,0
897,897,0
898,898,0
899,899,0
900,900,0
901,901,1
902,902,0
903,903,1
904,904,0
905,905,0
906,906,1
907,907,0
908,908,0
909,909,0
910,910,1
911,911,0
912,912,0
913,913,0
914,914,1
915,915,1
916,916,1
917,917,1
918,918,1
919,919,1
920,920,1
921,921,1
922,922,1
923,923,0
924,924,0
925,925,0
926,926,0
927,927,1
928,928,1
929,929,0
930,930,0
931,931,0
932,932,1
933,933,1
934,934,0
935,935,0
936,936,1
937,937,1
938,938,1
939,939,1
940,940,1
941,941,1
942,942,1
943,943,0
944,944,0
945,945,1
946,946,1
947,947,1
948,948,1
949,949,1
950,950,1
951,951,1
952,952,1
953,953,1
954,954,1
955,955,1
956,956,1
957,957,1
958,958,0
959,959,1
960,960,1
961,961,0
962,962,1
963,963,1
964,964,0
965,965,0
966,966,0
967,967,0
968,968,0
969,969,1
970,970,1
971,971,1
972,972,0
973,973,1
974,974,1
975,975,1
976,976,1
977,977,0
978,978,0
979,979,1
980,980,1
981,981,1
982,982,0
983,983,0
984,984,0
985,985,1
986,986,1
987,987,1
988,988,1
989,989,0
990,990,1
991,991,1
992,992,1
993,993,1
994,994,0
995,995,0
996,996,0
997,997,1
998,998,1
999,999,1
1000,1000,1
1001,1001,1
1002,1002,1
1003,1003,1
1004,1004,1
1005,1005,1
1006,1006,1
1007,1007,1
1008,1008,1
1009,1009,1
1010,1010,1
1011,1011,1
1012,1012,0
1013,1013,1
1014,1014,1
1015,1015,0
1016,1016,1
1017,1017,1
1018,1018,1
1019,1019,1
1020,1020,1
1021,1021,1
1022,1022,1
1023,1023,1
1024,1024,1
1025,1025,1
1026,1026,1
1027,1027,1
1028,1028,1
1029,1029,1
1030,1030,1
1031,1031,1
1032,1032,1
1033,1033,1
1034,1034,1
1035,1035,1
1036,1036,1
1037,1037,0
1038,1038,1
1039,1039,1
1040,1040,1
1041,1041,1
1042,1042,0
1043,1043,0
1044,1044,0
1045,1045,1
1046,1046,1
1047,1047,1
1048,1048,1
1049,1049,1
1050,1050,1
1051,1051,1
1052,1052,1
1053,1053,1
1054,1054,0
1055,1055,1
1056,1056,1
1057,1057,1
1058,1058,1
1059,1059,1
1060,1060,1
1061,1061,0
1062,1062,0
1063,1063,0
1064,1064,0
1065,1065,1
1066,1066,1
1067,1067,1
1068,1068,0
1069,1069,0
1070,1070,0
1071,1071,0
1072,1072,0
1073,1073,0
1074,1074,0
1075,1075,0
1076,1076,0
1077,1077,0
1078,1078,1
1079,1079,0
1080,1080,0
1081,1081,0
1082,1082,0
1083,1083,0
1084,1084,0
1085,1085,1
1086,1086,1
1087,1087,1
1088,1088,1
1089,1089,0
1090,1090,0
1091,1091,1
1092,1092,1
1093,1093,0
1094,1094,0
1095,1095,1
1096,1096,1
1097,1097,0
1098,1098,1
1099,1099,1
1100,1100,0
1101,1101,0
1102,1102,0
1103,1103,1
1104,1104,1
1105,1105,1
1106,1106,1
1107,1107,1
1108,1108,1
1109,1109,1
1110,1110,1
1111,1111,0
1112,1112,1
1113,1113,0
1114,1114,0
1115,1115,0
1116,1116,0
1117,1117,0
1118,1118,1
1119,1119,1
1120,1120,1
1121,1121,1
1122,1122,1
1123,1123,1
1124,1124,0
1125,1125,0
1126,1126,1
1127,1127,1
1128,1128,1
1129,1129,1
1130,1130,1
1131,1131,0
1132,1132,0
1133,1133,1
1134,1134,1
1135,1135,1
1136,1136,0
1137,1137,1
1138,1138,0
1139,1139,0
1140,1140,1
1141,1141,1
1142,1142,0
1143,1143,0
1144,1144,0
1145,1145,0
1146,1146,0
1147,1147,1
1148,1148,0
1149,1149,1
1150,1150,0
1151,1151,1
1152,1152,1
1153,1153,1
1154,1154,0
1155,1155,0
1156,1156,1
1157,1157,0
1158,1158,0
1159,1159,1
1160,1160,0
1161,1161,1
1162,1162,1
1163,1163,0
1164,1164,0
1165,1165,1
1166,1166,1
1167,1167,0
1168,1168,1
1169,1169,1
1170,1170,0
1171,1171,1
1172,1172,1
1173,1173,0
1174,1174,1
1175,1175,1
1176,1176,1
1177,1177,1
1178,1178,1
1179,1179,1
1180,1180,0
1181,1181,1
1182,1182,1
1183,1183,1
1184,1184,1
1185,1185,1
1186,1186,1
1187,1187,1
1188,1188,1
1189,1189,1
1190,1190,0
1191,1191,1
1192,1192,0
1193,1193,1
1194,1194,0
1195,1195,1
1196,1196,0
1197,1197,1
1198,1198,0
1199,1199,1
1200,1200,1
1201,1201,1
1202,1202,1
1203,1203,0
1204,1204,1
1205,1205,1
1206,1206,1
1207,1207,0
1208,1208,1
1209,1209,1
1210,1210,1
1211,1211,1
1212,1212,1
1213,1213,1
1214,1214,0
1215,1215,0
1216,1216,0
1217,1217,1
1218,1218,1
1219,1219,0
1220,1220,1
1221,1221,1
1222,1222,1
1223,1223,0
1224,1224,1
1225,1225,1
1226,1226,1
1227,1227,0
1228,1228,0
1229,1229,0
1230,1230,1
1231,1231,0
1232,1232,0
1233,1233,1
1234,1234,0
1235,1235,0
1236,1236,0
1237,1237,0
1238,1238,0
1239,1239,0
1240,1240,0
1241,1241,0
1242,1242,0
1243,1243,0
1244,1244,0
1245,1245,0
1246,1246,1
1247,1247,0
1248,1248,0
1249,1249,1
1250,1250,1
1251,1251,1
1252,1252,1
1253,1253,1
1254,1254,1
1255,1255,0
1256,1256,0
1257,1257,0
1258,1258,0
1259,1259,0
1260,1260,0
1261,1261,0
1262,1262,1
1263,1263,0
1264,1264,0
1265,1265,1
1266,1266,1
1267,1267,1
1268,1268,1
1269,1269,0
1270,1270,1
1271,1271,0
1272,1272,0
1273,1273,1
1274,1274,1
1275,1275,1
1276,1276,1
1277,1277,0
1278,1278,1
1279,1279,1
1280,1280,1
1281,1281,1
1282,1282,1
1283,1283,1
1284,1284,0
1285,1285,0
1286,1286,0
1287,1287,1
1288,1288,1
1289,1289,1
1290,1290,1
1291,1291,1
1292,1292,1
1293,1293,0
1294,1294,0
1295,1295,1
1296,1296,1
1297,1297,1
1298,1298,0
1299,1299,1
1300,1300,1
1301,1301,1
1302,1302,0
1303,1303,1
1304,1304,1
1305,1305,0
1306,1306,1
1307,1307,1
1308,1308,0
1309,1309,1
1310,1310,0
1311,1311,1
1312,1312,0
1313,1313,0
1314,1314,0
1315,1315,0
1316,1316,0
1317,1317,0
1318,1318,0
1319,1319,1
1320,1320,1
1321,1321,0
1322,1322,0
1323,1323,0
1324,1324,0
1325,1325,0
1326,1326,1
1327,1327,1
1328,1328,0
1329,1329,1
1330,1330,1
1331,1331,0
1332,1332,0
1333,1333,0
1334,1334,1
1335,1335,1
1336,1336,0
1337,1337,1
1338,1338,1
1339,1339,1
1340,1340,1
1341,1341,1
1342,1342,0
1343,1343,0
1344,1344,1
1345,1345,1
1346,1346,1
1347,1347,1
1348,1348,0
1349,1349,0
1350,1350,0
1351,1351,0
1352,1352,0
1353,1353,0
1354,1354,1
1355,1355,1
1356,1356,0
1357,1357,0
1358,1358,0
1359,1359,0
1360,1360,1
1361,1361,0
1362,1362,0
1363,1363,1
1364,1364,0
1365,1365,1
1366,1366,1
1367,1367,1
1368,1368,1
1369,1369,1
1370,1370,1
1371,1371,1
1372,1372,1
1373,1373,1
1374,1374,1
1375,1375,1
1376,1376,0
1377,1377,1
1378,1378,0
1379,1379,1
1380,1380,1
1381,1381,0
1382,1382,1
1383,1383,1
1384,1384,0
1385,1385,0
1386,1386,0
1387,1387,0
1388,1388,0
1389,1389,0
1390,1390,0
1391,1391,1
1392,1392,1
1393,1393,1
1394,1394,0
1395,1395,0
1396,1396,0
1397,1397,0
1398,1398,0
1399,1399,0
1400,1400,1
1401,1401,1
1402,1402,0
1403,1403,0
1404,1404,1
1405,1405,1
1406,1406,1
1407,1407,0
1408,1408,1
1409,1409,1
1410,1410,0
1411,1411,0
1412,1412,1
1413,1413,0
1414,1414,0
1415,1415,0
1416,1416,1
1417,1417,1
1418,1418,1
1419,1419,0
1420,1420,1
1421,1421,1
1422,1422,1
1423,1423,1
1424,1424,1
1425,1425,1
1426,1426,0
1427,1427,1
1428,1428,1
1429,1429,1
1430,1430,0
1431,1431,1
1432,1432,0
1433,1433,1
1434,1434,0
1435,1435,1
1436,1436,1
1437,1437,1
1438,1438,1
1439,1439,1
1440,1440,1
1441,1441,1
1442,1442,0
1443,1443,1
1444,1444,0
1445,1445,0
1446,1446,0
1447,1447,1
1448,1448,1
1449,1449,1
1450,1450,1
1451,1451,1
1452,1452,0
1453,1453,0
1454,1454,1
1455,1455,1
1456,1456,1
1457,1457,1
1458,1458,1
1459,1459,0
1460,1460,0
1461,1461,0
1462,1462,1
1463,1463,1
1464,1464,1
1465,1465,1
1466,1466,0
1467,1467,0
1468,1468,1
1469,1469,1
1470,1470,1
1471,1471,1
1472,1472,0
1473,1473,1
1474,1474,1
1475,1475,1
1476,1476,1
1477,1477,0
1478,1478,1
1479,1479,0
1480,1480,1
1481,1481,0
1482,1482,0
1483,1483,0
1484,1484,0
1485,1485,0
1486,1486,0
1487,1487,0
1488,1488,0
1489,1489,0
1490,1490,0
1491,1491,0
1492,1492,1
1493,1493,1
1494,1494,1
1495,1495,1
1496,1496,0
1497,1497,0
1498,1498,0
1499,1499,0
1500,1500,0
1501,1501,1
1502,1502,1
1503,1503,1
1504,1504,1
1505,1505,1
1506,1506,1
1507,1507,1
1508,1508,1
1509,1509,1
1510,1510,1
1511,1511,1
1512,1512,1
1513,1513,1
1514,1514,1
1515,1515,1
1516,1516,1
1517,1517,1
1518,1518,0
1519,1519,1
1520,1520,1
1521,1521,1
1522,1522,1
1523,1523,1
1524,1524,1
1525,1525,1
1526,1526,0
1527,1527,0
1528,1528,1
1529,1529,1
1530,1530,1
1531,1531,0
1532,1532,0
1533,1533,1
1534,1534,1
1535,1535,0
1536,1536,0
1537,1537,0
1538,1538,0
1539,1539,0
1540,1540,0
1541,1541,0
1542,1542,1
1543,1543,1
1544,1544,1
1545,1545,0
1546,1546,0
1547,1547,0
1548,1548,0
1549,1549,0
1550,1550,1
1551,1551,0
1552,1552,1
1553,1553,1
1554,1554,1
1555,1555,1
1556,1556,1
1557,1557,1
1558,1558,1
1559,1559,1
1560,1560,1
1561,1561,1
1562,1562,0
1563,1563,0
1564,1564,0
1565,1565,1
1566,1566,1
1567,1567,1
1568,1568,1
1569,1569,1
1570,1570,1
1571,1571,1
1572,1572,1
1573,1573,1
1574,1574,1
1575,1575,1
1576,1576,1
1577,1577,1
1578,1578,1
1579,1579,1
1580,1580,1
1581,1581,1
1582,1582,1
1583,1583,1
1584,1584,1
1585,1585,1
1586,1586,0
1587,1587,0
1588,1588,0
1589,1589,1
1590,1590,0
1591,1591,0
1592,1592,0
1593,1593,0
1594,1594,0
1595,1595,0
1596,1596,0
1597,1597,0
1598,1598,0
1599,1599,0
1600,1600,0
1601,1601,0
1602,1602,0
1603,1603,0
1604,1604,0
1605,1605,0
1606,1606,0
1607,1607,0
1608,1608,1
1609,1609,1
1610,1610,0
1611,1611,0
1612,1612,0
1613,1613,0
1614,1614,0
1615,1615,1
1616,1616,1
1617,1617,0
1618,1618,0
1619,1619,0
1620,1620,0
1621,1621,1
1622,1622,1
1623,1623,1
1624,1624,1
1625,1625,1
1626,1626,1
1627,1627,1
1628,1628,1
1629,1629,1
1630,1630,1
1631,1631,1
1632,1632,1
1633,1633,1
1634,1634,0
1635,1635,0
1636,1636,0
1637,1637,1
1638,1638,1
1639,1639,1
1640,1640,1
1641,1641,1
1642,1642,1
1643,1643,0
1644,1644,1
1645,1645,0
1646,1646,0
1647,1647,0
1648,1648,0
1649,1649,0
1650,1650,0
1651,1651,1
1652,1652,0
1653,1653,1
1654,1654,1
1655,1655,1
1656,1656,0
1657,1657,1
1658,1658,1
1659,1659,0
1660,1660,1
1661,1661,1
1662,1662,1
1663,1663,1
1664,1664,0
1665,1665,0
1666,1666,0
1667,1667,0
1668,1668,0
1669,1669,0
1670,1670,1
1671,1671,1
1672,1672,1
1673,1673,0
1674,1674,0
1675,1675,0
1676,1676,1
1677,1677,1
1678,1678,1
1679,1679,0
1680,1680,1
1681,1681,1
1682,1682,1
1683,1683,1
1684,1684,1
1685,1685,1
1686,1686,1
1687,1687,1
1688,1688,1
1689,1689,1
1690,1690,1
1691,1691,1
1692,1692,1
1693,1693,0
1694,1694,1
1695,1695,1
1696,1696,1
1697,1697,1
1698,1698,1
1699,1699,1
1700,1700,0
1701,1701,1
1702,1702,0
1703,1703,0
1704,1704,0
1705,1705,0
1706,1706,1
1707,1707,0
1708,1708,1
1709,1709,0
1710,1710,1
1711,1711,0
1712,1712,1
1713,1713,0
1714,1714,0
1715,1715,0
1716,1716,0
1717,1717,0
1718,1718,0
1719,1719,0
1720,1720,0
1721,1721,0
1722,1722,0
1723,1723,0
1724,1724,0
1725,1725,0
1726,1726,0
1727,1727,0
1728,1728,0
1729,1729,1
1730,1730,1
1731,1731,0
1732,1732,0
1733,1733,0
1734,1734,0
1735,1735,0
1736,1736,0
1737,1737,0
1738,1738,0
1739,1739,0
1740,1740,0
1741,1741,0
1742,1742,0
1743,1743,0
1744,1744,0
1745,1745,1
1746,1746,0
1747,1747,1
1748,1748,0
1749,1749,0
1750,1750,0
1751,1751,0
1752,1752,1
1753,1753,1
1754,1754,1
1755,1755,1
1756,1756,1
1757,1757,0
1758,1758,1
1759,1759,1
1760,1760,0
1761,1761,0
1762,1762,0
1763,1763,1
1764,1764,1
1765,1765,1
1766,1766,1
1767,1767,1
1768,1768,1
1769,1769,1
1770,1770,1
1771,1771,1
1772,1772,1
1773,1773,1
1774,1774,1
1775,1775,1
1776,1776,1
1777,1777,1
1778,1778,1
1779,1779,1
1780,1780,1
1781,1781,1
1782,1782,1
1783,1783,0
1784,1784,0
1785,1785,0
1786,1786,0
1787,1787,0
1788,1788,0
1789,1789,1
1790,1790,0
1791,1791,0
1792,1792,0
1793,1793,0
1794,1794,0
1795,1795,0
1796,1796,0
1797,1797,0
1798,1798,0
1799,1799,0
1800,1800,0
1801,1801,0
1802,1802,0
1803,1803,0
1804,1804,0
1805,1805,1
1806,1806,0
1807,1807,0
1808,1808,0
1809,1809,0
1810,1810,1
1811,1811,0
1812,1812,1
1813,1813,1
1814,1814,1
1815,1815,0
1816,1816,0
1817,1817,0
1818,1818,1
1819,1819,1
1820,1820,1
1821,1821,1
1822,1822,1
1823,1823,1
1824,1824,1
1825,1825,1
1826,1826,1
1827,1827,1
1828,1828,1
1829,1829,1
1830,1830,1
1831,1831,1
1832,1832,1
1833,1833,1
1834,1834,0
1835,1835,1
1836,1836,0
1837,1837,1
1838,1838,0
1839,1839,0
1840,1840,1
1841,1841,0
1842,1842,0
1843,1843,1
1844,1844,1
1845,1845,1
1846,1846,0
1847,1847,1
1848,1848,1
1849,1849,1
1850,1850,1
1851,1851,1
1852,1852,1
1853,1853,0
1854,1854,0
1855,1855,1
1856,1856,1
1857,1857,0
1858,1858,0
1859,1859,1
1860,1860,1
1861,1861,1
1862,1862,1
1863,1863,1
1864,1864,1
1865,1865,1
1866,1866,1
1867,1867,1
1868,1868,1
1869,1869,1
1870,1870,0
1871,1871,1
1872,1872,0
1873,1873,0
1874,1874,1
1875,1875,0
1876,1876,0
1877,1877,0
1878,1878,0
1879,1879,0
1880,1880,0
1881,1881,0
1882,1882,0
1883,1883,0
1884,1884,0
1885,1885,0
1886,1886,0
1887,1887,0
1888,1888,0
1889,1889,0
1890,1890,0
1891,1891,0
1892,1892,0
1893,1893,0
1894,1894,0
1895,1895,1
1896,1896,1
1897,1897,1
1898,1898,0
1899,1899,0
1900,1900,0
1901,1901,0
1902,1902,0
1903,1903,0
1904,1904,0
1905,1905,0
1906,1906,0
1907,1907,1
1908,1908,1
1909,1909,1
1910,1910,0
1911,1911,1
1912,1912,0
1913,1913,0
1914,1914,0
1915,1915,0
1916,1916,0
1917,1917,1
1918,1918,0
1919,1919,1
1920,1920,1
1921,1921,1
1922,1922,1
1923,1923,1
1924,1924,1
1925,1925,1
1926,1926,0
1927,1927,1
1928,1928,0
1929,1929,0
1930,1930,1
1931,1931,1
1932,1932,0
1933,1933,1
1934,1934,1
1935,1935,1
1936,1936,1
1937,1937,1
1938,1938,1
1939,1939,1
1940,1940,1
1941,1941,1
1942,1942,1
1943,1943,1
1944,1944,1
1945,1945,1
1946,1946,1
1947,1947,1
1948,1948,0
1949,1949,0
1950,1950,0
1951,1951,0
1952,1952,0
1953,1953,0
1954,1954,1
1955,1955,1
1956,1956,1
1957,1957,0
1958,1958,0
1959,1959,0
1960,1960,0
1961,1961,1
1962,1962,1
1963,1963,1
1964,1964,1
1965,1965,1
1966,1966,1
1967,1967,1
1968,1968,1
1969,1969,1
1970,1970,0
1971,1971,0
1972,1972,0
1973,1973,0
1974,1974,0
1975,1975,0
1976,1976,0
1977,1977,0
1978,1978,0
1979,1979,0
1980,1980,0
1981,1981,0
1982,1982,0
1983,1983,0
1984,1984,0
1985,1985,0
1986,1986,0
1987,1987,0
1988,1988,0
1989,1989,0
1990,1990,0
1991,1991,0
1992,1992,1
1993,1993,1
1994,1994,0
1995,1995,0
1996,1996,0
1997,1997,0
1998,1998,0
1999,1999,0
2000,2000,0
2001,2001,0
2002,2002,1
2003,2003,1
2004,2004,0
2005,2005,1
2006,2006,0
2007,2007,0
2008,2008,1
2009,2009,1
2010,2010,1
2011,2011,1
2012,2012,1
2013,2013,1
2014,2014,1
2015,2015,1
2016,2016,0
2017,2017,0
2018,2018,0
2019,2019,0
2020,2020,0
2021,2021,0
2022,2022,0
2023,2023,0
2024,2024,0
2025,2025,0
2026,2026,0
2027,2027,0
2028,2028,0
2029,2029,0
2030,2030,0
2031,2031,0
2032,2032,0
2033,2033,0
2034,2034,0
2035,2035,0
2036,2036,0
2037,2037,0
2038,2038,0
2039,2039,0
2040,2040,0
2041,2041,0
2042,2042,0
2043,2043,0
2044,2044,0
2045,2045,0
2046,2046,0
2047,2047,0
2048,2048,0
2049,2049,0
2050,2050,0
2051,2051,0
2052,2052,0
2053,2053,0
2054,2054,0
2055,2055,0
2056,2056,0
2057,2057,0
2058,2058,0
2059,2059,0
2060,2060,0
2061,2061,0
2062,2062,0
2063,2063,0
2064,2064,0
2065,2065,0
2066,2066,0
2067,2067,0
2068,2068,0
2069,2069,0
2070,2070,0
2071,2071,0
2072,2072,0
2073,2073,0
2074,2074,0
2075,2075,0
2076,2076,0
2077,2077,0
2078,2078,0
2079,2079,0
2080,2080,0
2081,2081,0
2082,2082,0
2083,2083,0
2084,2084,0
2085,2085,0
2086,2086,0
2087,2087,0
2088,2088,0
2089,2089,0
2090,2090,0
2091,2091,0
2092,2092,1
2093,2093,0
2094,2094,0
2095,2095,1
2096,2096,1
2097,2097,1
2098,2098,1
2099,2099,1
2100,2100,1
2101,2101,1
2102,2102,1
2103,2103,1
2104,2104,1
2105,2105,1
2106,2106,1
2107,2107,1
2108,2108,1
2109,2109,1
2110,2110,1
2111,2111,1
2112,2112,1
2113,2113,0
2114,2114,1
2115,2115,1
2116,2116,1
2117,2117,1
2118,2118,1
2119,2119,1
2120,2120,1
2121,2121,1
2122,2122,1
2123,2123,1
2124,2124,1
2125,2125,1
2126,2126,1
2127,2127,1
2128,2128,1
2129,2129,1
2130,2130,1
2131,2131,1
2132,2132,1
2133,2133,1
2134,2134,1
2135,2135,1
2136,2136,1
2137,2137,1
2138,2138,1
2139,2139,1
2140,2140,1
2141,2141,1
2142,2142,1
2143,2143,1
2144,2144,1
2145,2145,1
2146,2146,1
2147,2147,1
2148,2148,1
2149,2149,1
2150,2150,1
2151,2151,1
2152,2152,1
2153,2153,1
2154,2154,1
2155,2155,0
2156,2156,0
2157,2157,0
2158,2158,0
2159,2159,1
2160,2160,1
2161,2161,1
2162,2162,1
2163,2163,1
2164,2164,1
2165,2165,1
2166,2166,1
2167,2167,1
2168,2168,1
2169,2169,1
2170,2170,1
2171,2171,1
2172,2172,1
2173,2173,1
2174,2174,1
2175,2175,1
2176,2176,1
2177,2177,0
2178,2178,1
2179,2179,1
2180,2180,1
2181,2181,1
2182,2182,1
2183,2183,1
2184,2184,1
2185,2185,0
2186,2186,1
2187,2187,1
2188,2188,1
2189,2189,1
2190,2190,1
2191,2191,1
2192,2192,0
2193,2193,1
2194,2194,1
2195,2195,0
2196,2196,0
2197,2197,0
2198,2198,1
2199,2199,0
2200,2200,1
2201,2201,0
2202,2202,1
2203,2203,1
2204,2204,0
2205,2205,1
2206,2206,1
2207,2207,1
2208,2208,1
2209,2209,0
2210,2210,1
2211,2211,0
2212,2212,0
2213,2213,0
2214,2214,0
2215,2215,0
2216,2216,0
2217,2217,0
2218,2218,0
2219,2219,0
2220,2220,1
2221,2221,1
2222,2222,0
2223,2223,0
2224,2224,0
2225,2225,0
2226,2226,0
2227,2227,1
2228,2228,1
2229,2229,1
2230,2230,0
2231,2231,0
2232,2232,1
2233,2233,1
2234,2234,1
2235,2235,0
2236,2236,0
2237,2237,1
2238,2238,0
2239,2239,1
2240,2240,1
2241,2241,0
2242,2242,1
2243,2243,1
2244,2244,1
2245,2245,0
2246,2246,1
2247,2247,1
2248,2248,0
2249,2249,1
2250,2250,0
2251,2251,1
2252,2252,1
2253,2253,1
2254,2254,1
2255,2255,1
2256,2256,1
2257,2257,1
2258,2258,0
2259,2259,1
2260,2260,1
2261,2261,1
2262,2262,1
2263,2263,0
2264,2264,1
2265,2265,1
2266,2266,1
2267,2267,1
2268,2268,0
2269,2269,1
2270,2270,1
2271,2271,0
2272,2272,1
2273,2273,1
2274,2274,0
2275,2275,0
2276,2276,1
2277,2277,1
2278,2278,0
2279,2279,1
2280,2280,0
2281,2281,1
2282,2282,0
2283,2283,0
2284,2284,0
2285,2285,0
2286,2286,1
2287,2287,1
2288,2288,1
2289,2289,0
2290,2290,0
2291,2291,0
2292,2292,1
2293,2293,1
2294,2294,0
2295,2295,1
2296,2296,1
2297,2297,1
2298,2298,1
2299,2299,1
2300,2300,1
2301,2301,1
2302,2302,1
2303,2303,1
2304,2304,0
2305,2305,1
2306,2306,1
2307,2307,1
2308,2308,1
2309,2309,1
2310,2310,1
2311,2311,1
2312,2312,1
2313,2313,1
2314,2314,0
2315,2315,1
2316,2316,1
2317,2317,1
2318,2318,1
2319,2319,1
2320,2320,0
2321,2321,1
2322,2322,1
2323,2323,1
2324,2324,1
2325,2325,0
2326,2326,1
2327,2327,1
2328,2328,1
2329,2329,1
2330,2330,1
2331,2331,1
2332,2332,1
2333,2333,1
2334,2334,1
2335,2335,1
2336,2336,1
2337,2337,1
2338,2338,1
2339,2339,0
2340,2340,1
2341,2341,0
2342,2342,1
2343,2343,0
2344,2344,1
2345,2345,0
2346,2346,1
2347,2347,1
2348,2348,1
2349,2349,1
2350,2350,1
2351,2351,1
2352,2352,1
2353,2353,1
2354,2354,1
2355,2355,1
2356,2356,1
2357,2357,1
2358,2358,1
2359,2359,1
2360,2360,1
2361,2361,1
2362,2362,1
2363,2363,1
2364,2364,1
2365,2365,1
2366,2366,1
2367,2367,1
2368,2368,1
2369,2369,1
2370,2370,1
2371,2371,1
2372,2372,1
2373,2373,1
2374,2374,1
2375,2375,1
2376,2376,1
2377,2377,1
2378,2378,1
2379,2379,1
2380,2380,0
2381,2381,0
2382,2382,0
2383,2383,0
2384,2384,0
2385,2385,0
2386,2386,0
2387,2387,1
2388,2388,0
2389,2389,1
2390,2390,1
2391,2391,1
2392,2392,1
2393,2393,1
2394,2394,0
2395,2395,1
2396,2396,1
2397,2397,0
2398,2398,1
2399,2399,1
2400,2400,1
2401,2401,0
2402,2402,1
2403,2403,1
2404,2404,1
2405,2405,1
2406,2406,1
2407,2407,1
2408,2408,1
2409,2409,1
2410,2410,1
2411,2411,1
2412,2412,1
2413,2413,1
2414,2414,1
2415,2415,1
2416,2416,1
2417,2417,1
2418,2418,1
2419,2419,1
2420,2420,1
2421,2421,1
2422,2422,0
2423,2423,1
2424,2424,1
2425,2425,0
2426,2426,1
2427,2427,1
2428,2428,1
2429,2429,1
2430,2430,0
2431,2431,0
2432,2432,1
2433,2433,0
2434,2434,0
2435,2435,1
2436,2436,1
2437,2437,1
2438,2438,1
2439,2439,1
2440,2440,1
2441,2441,1
2442,2442,0
2443,2443,1
2444,2444,0
2445,2445,1
2446,2446,1
2447,2447,1
2448,2448,1
2449,2449,1
2450,2450,1
2451,2451,1
2452,2452,1
2453,2453,1
2454,2454,1
2455,2455,0
2456,2456,0
2457,2457,1
2458,2458,1
2459,2459,1
2460,2460,1
2461,2461,1
2462,2462,1
2463,2463,1
2464,2464,1
2465,2465,1
2466,2466,1
2467,2467,1
2468,2468,0
2469,2469,1
2470,2470,1
2471,2471,1
2472,2472,1
2473,2473,0
2474,2474,0
2475,2475,1
2476,2476,1
2477,2477,1
2478,2478,1
2479,2479,1
2480,2480,1
2481,2481,1
2482,2482,1
2483,2483,1
2484,2484,1
2485,2485,1
2486,2486,1
2487,2487,0
2488,2488,0
2489,2489,0
2490,2490,1
2491,2491,1
2492,2492,1
2493,2493,1
2494,2494,1
2495,2495,0
2496,2496,1
2497,2497,1
2498,2498,1
2499,2499,1
2500,2500,1
2501,2501,1
2502,2502,1
2503,2503,1
2504,2504,1
2505,2505,1
2506,2506,1
2507,2507,0
2508,2508,0
2509,2509,0
2510,2510,0
2511,2511,0
2512,2512,0
2513,2513,0
2514,2514,1
2515,2515,1
2516,2516,1
2517,2517,1
2518,2518,1
2519,2519,1
2520,2520,1
2521,2521,1
2522,2522,1
2523,2523,1
2524,2524,1
2525,2525,1
2526,2526,1
2527,2527,1
2528,2528,1
2529,2529,1
2530,2530,1
2531,2531,1
2532,2532,1
2533,2533,1
2534,2534,1
2535,2535,1
2536,2536,1
2537,2537,1
2538,2538,1
2539,2539,1
2540,2540,1
2541,2541,1
2542,2542,1
2543,2543,1
2544,2544,1
2545,2545,1
2546,2546,1
2547,2547,1
2548,2548,1
2549,2549,1
2550,2550,1
2551,2551,1
2552,2552,1
2553,2553,1
2554,2554,1
2555,2555,1
2556,2556,1
2557,2557,1
2558,2558,1
2559,2559,1
2560,2560,1
2561,2561,1
2562,2562,0
2563,2563,1
2564,2564,1
2565,2565,0
2566,2566,0
2567,2567,1
2568,2568,0
2569,2569,1
2570,2570,1
2571,2571,1
2572,2572,1
2573,2573,1
2574,2574,0
2575,2575,1
2576,2576,1
2577,2577,1
2578,2578,1
2579,2579,1
2580,2580,1
2581,2581,1
2582,2582,1
2583,2583,1
2584,2584,1
2585,2585,1
2586,2586,1
2587,2587,1
2588,2588,1
2589,2589,1
2590,2590,1
2591,2591,1
2592,2592,1
2593,2593,1
2594,2594,1
2595,2595,1
2596,2596,1
2597,2597,1
2598,2598,1
2599,2599,1
2600,2600,1
2601,2601,1
2602,2602,1
2603,2603,1
2604,2604,1
2605,2605,1
2606,2606,1
2607,2607,1
2608,2608,1
2609,2609,1
2610,2610,1
2611,2611,1
2612,2612,1
2613,2613,1
2614,2614,1
2615,2615,1
2616,2616,1
2617,2617,1
2618,2618,1
2619,2619,0
2620,2620,1
2621,2621,1
2622,2622,0
2623,2623,0
2624,2624,1
2625,2625,1
2626,2626,1
2627,2627,1
2628,2628,1
2629,2629,1
2630,2630,1
2631,2631,0
2632,2632,1
2633,2633,1
2634,2634,0
2635,2635,0
2636,2636,1
2637,2637,1
2638,2638,1
2639,2639,1
2640,2640,1
2641,2641,1
2642,2642,1
2643,2643,1
2644,2644,1
2645,2645,1
2646,2646,1
2647,2647,1
2648,2648,1
2649,2649,1
2650,2650,1
2651,2651,1
2652,2652,1
2653,2653,1
2654,2654,1
2655,2655,1
2656,2656,1
2657,2657,1
2658,2658,1
2659,2659,1
2660,2660,1
2661,2661,1
2662,2662,1
2663,2663,1
2664,2664,1
2665,2665,1
2666,2666,1
2667,2667,1
2668,2668,1
2669,2669,1
2670,2670,1
2671,2671,1
2672,2672,1
2673,2673,1
2674,2674,1
2675,2675,1
2676,2676,1
2677,2677,1
2678,2678,1
2679,2679,1
2680,2680,0
2681,2681,0
2682,2682,0
2683,2683,0
2684,2684,0
2685,2685,0
2686,2686,1
2687,2687,1
2688,2688,1
2689,2689,1
2690,2690,1
2691,2691,1
2692,2692,1
2693,2693,1
2694,2694,1
2695,2695,1
2696,2696,1
2697,2697,1
2698,2698,1
2699,2699,1
2700,2700,1
2701,2701,1
2702,2702,1
2703,2703,1
2704,2704,1
2705,2705,1
2706,2706,1
2707,2707,1
2708,2708,1
2709,2709,1
2710,2710,1
2711,2711,1
2712,2712,1
2713,2713,1
2714,2714,1
2715,2715,1
2716,2716,1
2717,2717,1
2718,2718,1
2719,2719,1
2720,2720,1
2721,2721,1
2722,2722,1
2723,2723,1
2724,2724,1
2725,2725,1
2726,2726,1
2727,2727,1
2728,2728,1
2729,2729,1
2730,2730,1
2731,2731,1
2732,2732,1
2733,2733,1
2734,2734,1
2735,2735,1
2736,2736,0
2737,2737,1
2738,2738,0
2739,2739,0
2740,2740,1
2741,2741,1
2742,2742,1
2743,2743,1
2744,2744,1
2745,2745,1
2746,2746,1
2747,2747,1
2748,2748,1
2749,2749,1
2750,2750,1
2751,2751,1
2752,2752,1
2753,2753,1
2754,2754,1
2755,2755,1
2756,2756,1
2757,2757,1
2758,2758,1
2759,2759,1
2760,2760,1
2761,2761,1
2762,2762,1
2763,2763,0
2764,2764,1
2765,2765,1
2766,2766,0
2767,2767,1
2768,2768,1
2769,2769,1
2770,2770,1
2771,2771,1
2772,2772,1
2773,2773,1
2774,2774,1
2775,2775,1
2776,2776,1
2777,2777,1
2778,2778,1
2779,2779,1
2780,2780,1
2781,2781,1
2782,2782,1
2783,2783,1
2784,2784,1
2785,2785,1
2786,2786,1
2787,2787,1
2788,2788,1
2789,2789,1
2790,2790,1
2791,2791,1
2792,2792,1
2793,2793,1
2794,2794,1
2795,2795,1
2796,2796,1
2797,2797,1
2798,2798,1
2799,2799,1
2800,2800,1
2801,2801,1
2802,2802,1
2803,2803,1
2804,2804,1
2805,2805,1
2806,2806,1
2807,2807,1
2808,2808,1
2809,2809,1
2810,2810,1
2811,2811,1
2812,2812,1
2813,2813,1
2814,2814,1
2815,2815,1
2816,2816,1
2817,2817,1
2818,2818,1
2819,2819,1
2820,2820,1
2821,2821,1
2822,2822,1
2823,2823,1
2824,2824,0
2825,2825,1
2826,2826,1
2827,2827,1
2828,2828,1
2829,2829,1
2830,2830,1
2831,2831,1
2832,2832,1
2833,2833,1
2834,2834,1
2835,2835,1
2836,2836,1
2837,2837,1
2838,2838,1
2839,2839,1
2840,2840,1
2841,2841,1
2842,2842,1
2843,2843,1
2844,2844,1
2845,2845,1
2846,2846,1
2847,2847,1
2848,2848,1
2849,2849,1
2850,2850,1
2851,2851,1
2852,2852,1
2853,2853,1
2854,2854,1
2855,2855,1
2856,2856,1
2857,2857,1
2858,2858,1
2859,2859,1
2860,2860,1
2861,2861,1
2862,2862,1
2863,2863,1
2864,2864,1
2865,2865,1
2866,2866,1
2867,2867,1
2868,2868,1
2869,2869,1
2870,2870,0
2871,2871,1
2872,2872,1
2873,2873,1
2874,2874,1
2875,2875,0
2876,2876,1
2877,2877,1
2878,2878,1
2879,2879,1
2880,2880,1
2881,2881,1
2882,2882,1
2883,2883,1
2884,2884,1
2885,2885,1
2886,2886,0
2887,2887,0
2888,2888,0
2889,2889,0
2890,2890,0
2891,2891,0
2892,2892,1
2893,2893,1
2894,2894,1
2895,2895,1
2896,2896,1
2897,2897,1
2898,2898,1
2899,2899,1
2900,2900,1
2901,2901,1
2902,2902,1
2903,2903,1
2904,2904,1
2905,2905,1
2906,2906,0
2907,2907,1
2908,2908,1
2909,2909,1
2910,2910,1
2911,2911,1
2912,2912,1
2913,2913,0
2914,2914,1
2915,2915,1
2916,2916,1
2917,2917,1
2918,2918,1
2919,2919,1
2920,2920,1
2921,2921,1
2922,2922,1
2923,2923,1
2924,2924,1
2925,2925,1
2926,2926,1
2927,2927,1
2928,2928,1
2929,2929,1
2930,2930,1
2931,2931,1
2932,2932,0
2933,2933,1
2934,2934,1
2935,2935,1
2936,2936,0
2937,2937,1
2938,2938,1
2939,2939,1
2940,2940,1
2941,2941,0
2942,2942,1
2943,2943,1
2944,2944,1
2945,2945,1
2946,2946,1
2947,2947,0
2948,2948,0
2949,2949,1
2950,2950,1
2951,2951,1
2952,2952,1
2953,2953,1
2954,2954,0
2955,2955,1
2956,2956,1
2957,2957,1
2958,2958,1
2959,2959,1
2960,2960,1
2961,2961,1
2962,2962,1
2963,2963,1
2964,2964,1
2965,2965,1
2966,2966,1
2967,2967,1
2968,2968,1
2969,2969,1
2970,2970,0
2971,2971,1
2972,2972,1
2973,2973,1
2974,2974,1
2975,2975,1
2976,2976,1
2977,2977,0
2978,2978,1
2979,2979,1
2980,2980,1
2981,2981,1
2982,2982,1
2983,2983,1
2984,2984,1
2985,2985,0
2986,2986,1
2987,2987,0
2988,2988,1
2989,2989,1
2990,2990,1
2991,2991,1
2992,2992,1
2993,2993,1
2994,2994,1
2995,2995,1
2996,2996,1
2997,2997,1
2998,2998,1
2999,2999,1
3000,3000,1
3001,3001,1
3002,3002,1
3003,3003,1
3004,3004,1
3005,3005,1
3006,3006,1
3007,3007,1
3008,3008,1
3009,3009,1
3010,3010,1
3011,3011,1
3012,3012,1
3013,3013,1
3014,3014,1
3015,3015,1
3016,3016,1
3017,3017,0
3018,3018,0
3019,3019,1
3020,3020,1
3021,3021,1
3022,3022,1
3023,3023,1
3024,3024,1
3025,3025,1
3026,3026,1
3027,3027,1
3028,3028,1
3029,3029,1
3030,3030,1
3031,3031,1
3032,3032,1
3033,3033,1
3034,3034,1
3035,3035,1
3036,3036,1
3037,3037,1
3038,3038,1
3039,3039,1
3040,3040,0
3041,3041,1
3042,3042,1
3043,3043,1
3044,3044,1
3045,3045,1
3046,3046,1
3047,3047,1
3048,3048,1
3049,3049,1
3050,3050,1
3051,3051,1
3052,3052,1
3053,3053,1
3054,3054,1
3055,3055,1
3056,3056,1
3057,3057,1
3058,3058,1
3059,3059,1
3060,3060,1
3061,3061,1
3062,3062,0
3063,3063,0
3064,3064,0
3065,3065,1
3066,3066,1
3067,3067,1
3068,3068,1
3069,3069,1
3070,3070,1
3071,3071,1
3072,3072,1
3073,3073,1
3074,3074,1
3075,3075,1
3076,3076,1
3077,3077,1
3078,3078,1
3079,3079,1
3080,3080,1
3081,3081,1
3082,3082,1
3083,3083,1
3084,3084,1
3085,3085,1
3086,3086,1
3087,3087,1
3088,3088,1
3089,3089,1
3090,3090,1
3091,3091,1
3092,3092,1
3093,3093,1
3094,3094,1
3095,3095,1
3096,3096,1
3097,3097,1
3098,3098,1
3099,3099,1
3100,3100,1
3101,3101,1
3102,3102,1
3103,3103,1
3104,3104,1
3105,3105,1
3106,3106,1
3107,3107,1
3108,3108,1
3109,3109,1
3110,3110,1
3111,3111,1
3112,3112,1
3113,3113,1
3114,3114,1
3115,3115,1
3116,3116,1
3117,3117,1
3118,3118,1
3119,3119,1
3120,3120,1
3121,3121,1
3122,3122,1
3123,3123,1
3124,3124,1
3125,3125,1
3126,3126,1
3127,3127,1
3128,3128,0
3129,3129,0
3130,3130,1
3131,3131,1
3132,3132,1
3133,3133,1
3134,3134,0
3135,3135,0
3136,3136,1
3137,3137,1
3138,3138,1
3139,3139,1
3140,3140,1
3141,3141,0
3142,3142,0
3143,3143,1
3144,3144,1
3145,3145,1
3146,3146,1
3147,3147,1
3148,3148,1
3149,3149,1
3150,3150,1
3151,3151,1
3152,3152,0
3153,3153,1
3154,3154,1
3155,3155,0
3156,3156,1
3157,3157,1
3158,3158,1
3159,3159,1
3160,3160,1
3161,3161,1
3162,3162,0
3163,3163,1
3164,3164,1
3165,3165,1
3166,3166,1
3167,3167,0
3168,3168,0
3169,3169,0
3170,3170,1
3171,3171,1
3172,3172,1
3173,3173,1
3174,3174,1
3175,3175,1
3176,3176,1
3177,3177,1
3178,3178,1
3179,3179,1
3180,3180,1
3181,3181,1
3182,3182,0
3183,3183,1
3184,3184,1
3185,3185,1
3186,3186,1
3187,3187,1
3188,3188,0
3189,3189,1
3190,3190,1
3191,3191,1
3192,3192,1
3193,3193,1
3194,3194,0
3195,3195,1
3196,3196,1
3197,3197,1
3198,3198,1
3199,3199,0
3200,3200,1
3201,3201,1
3202,3202,1
3203,3203,1
3204,3204,1
3205,3205,1
3206,3206,1
3207,3207,1
3208,3208,1
3209,3209,1
3210,3210,1
3211,3211,1
3212,3212,1
3213,3213,1
3214,3214,1
3215,3215,1
3216,3216,1
3217,3217,1
3218,3218,1
3219,3219,1
3220,3220,1
3221,3221,1
3222,3222,1
3223,3223,1
3224,3224,1
3225,3225,1
3226,3226,1
3227,3227,1
3228,3228,1
3229,3229,1
3230,3230,1
3231,3231,1
3232,3232,1
3233,3233,1
3234,3234,0
3235,3235,0
3236,3236,1
3237,3237,0
3238,3238,1
3239,3239,1
3240,3240,1
3241,3241,0
3242,3242,1
3243,3243,1
3244,3244,1
3245,3245,1
3246,3246,1
3247,3247,1
3248,3248,1
3249,3249,1
3250,3250,1
3251,3251,1
3252,3252,1
3253,3253,1
3254,3254,0
3255,3255,1
3256,3256,1
3257,3257,1
3258,3258,1
3259,3259,1
3260,3260,1
3261,3261,1
3262,3262,1
3263,3263,1
3264,3264,1
3265,3265,1
3266,3266,1
3267,3267,1
3268,3268,1
3269,3269,1
3270,3270,1
3271,3271,0
3272,3272,1
3273,3273,0
3274,3274,0
3275,3275,0
3276,3276,0
3277,3277,1
3278,3278,1
3279,3279,0
3280,3280,0
3281,3281,1
3282,3282,1
3283,3283,1
3284,3284,1
3285,3285,1
3286,3286,1
3287,3287,1
3288,3288,1
3289,3289,1
3290,3290,1
3291,3291,1
3292,3292,1
3293,3293,1
3294,3294,1
3295,3295,0
3296,3296,1
3297,3297,1
3298,3298,1
3299,3299,1
3300,3300,1
3301,3301,1
3302,3302,1
3303,3303,1
3304,3304,1
3305,3305,1
3306,3306,1
3307,3307,1
3308,3308,1
3309,3309,1
3310,3310,1
3311,3311,1
3312,3312,1
3313,3313,1
3314,3314,1
3315,3315,1
3316,3316,1
3317,3317,1
3318,3318,1
3319,3319,1
3320,3320,1
3321,3321,1
3322,3322,1
3323,3323,0
3324,3324,0
3325,3325,1
3326,3326,1
3327,3327,1
3328,3328,0
3329,3329,1
3330,3330,1
3331,3331,1
3332,3332,1
3333,3333,1
3334,3334,1
3335,3335,1
3336,3336,1
3337,3337,1
3338,3338,0
3339,3339,0
3340,3340,0
3341,3341,0
3342,3342,1
3343,3343,0
3344,3344,0
3345,3345,0
3346,3346,0
3347,3347,0
3348,3348,0
3349,3349,1
3350,3350,0
3351,3351,0
3352,3352,0
3353,3353,1
3354,3354,0
3355,3355,1
3356,3356,1
3357,3357,1
3358,3358,0
3359,3359,1
3360,3360,1
3361,3361,1
3362,3362,0
3363,3363,1
3364,3364,1
3365,3365,1
3366,3366,1
3367,3367,0
3368,3368,1
3369,3369,1
3370,3370,0
3371,3371,0
3372,3372,0
3373,3373,0
3374,3374,1
3375,3375,1
3376,3376,1
3377,3377,1
3378,3378,0
3379,3379,1
3380,3380,1
3381,3381,1
3382,3382,1
3383,3383,1
3384,3384,1
3385,3385,1
3386,3386,1
3387,3387,1
3388,3388,1
3389,3389,1
3390,3390,1
3391,3391,1
3392,3392,1
3393,3393,1
3394,3394,1
3395,3395,1
3396,3396,0
3397,3397,1
3398,3398,1
3399,3399,1
3400,3400,1
3401,3401,1
3402,3402,1
3403,3403,1
3404,3404,1
3405,3405,1
3406,3406,1
3407,3407,1
3408,3408,1
3409,3409,0
3410,3410,0
3411,3411,1
3412,3412,1
3413,3413,0
3414,3414,1
3415,3415,1
3416,3416,1
3417,3417,1
3418,3418,1
3419,3419,1
3420,3420,1
3421,3421,1
3422,3422,1
3423,3423,1
3424,3424,1
3425,3425,0
3426,3426,0
3427,3427,0
3428,3428,1
3429,3429,1
3430,3430,0
3431,3431,1
3432,3432,1
3433,3433,0
3434,3434,1
3435,3435,0
3436,3436,0
3437,3437,1
3438,3438,1
3439,3439,1
3440,3440,1
3441,3441,1
3442,3442,0
3443,3443,0
3444,3444,1
3445,3445,1
3446,3446,1
3447,3447,1
3448,3448,1
3449,3449,1
3450,3450,1
3451,3451,0
3452,3452,0
3453,3453,1
3454,3454,1
3455,3455,0
3456,3456,0
3457,3457,0
3458,3458,1
3459,3459,1
3460,3460,0
3461,3461,0
3462,3462,0
3463,3463,0
3464,3464,0
3465,3465,0
3466,3466,1
3467,3467,0
3468,3468,0
3469,3469,0
3470,3470,0
3471,3471,1
3472,3472,0
3473,3473,0
3474,3474,0
3475,3475,0
3476,3476,1
3477,3477,0
3478,3478,0
3479,3479,0
3480,3480,0
3481,3481,0
3482,3482,0
3483,3483,0
3484,3484,1
3485,3485,0
3486,3486,1
3487,3487,1
3488,3488,1
3489,3489,1
3490,3490,0
3491,3491,0
3492,3492,0
3493,3493,0
3494,3494,0
3495,3495,0
3496,3496,0
3497,3497,0
3498,3498,0
3499,3499,1
3500,3500,1
3501,3501,1
3502,3502,1
3503,3503,1
3504,3504,0
3505,3505,0
3506,3506,0
3507,3507,1
3508,3508,1
3509,3509,1
3510,3510,0
3511,3511,1
3512,3512,0
3513,3513,0
3514,3514,0
3515,3515,0
3516,3516,0
3517,3517,1
3518,3518,1
3519,3519,1
3520,3520,1
3521,3521,1
3522,3522,1
3523,3523,1
3524,3524,1
3525,3525,1
3526,3526,1
3527,3527,1
3528,3528,1
3529,3529,1
3530,3530,1
3531,3531,0
3532,3532,0
3533,3533,1
3534,3534,1
3535,3535,0
3536,3536,0
3537,3537,1
3538,3538,1
3539,3539,0
3540,3540,1
3541,3541,0
3542,3542,0
3543,3543,0
3544,3544,0
3545,3545,0
3546,3546,0
3547,3547,1
3548,3548,1
3549,3549,1
3550,3550,0
3551,3551,1
3552,3552,0
3553,3553,0
3554,3554,0
3555,3555,0
3556,3556,0
3557,3557,0
3558,3558,0
3559,3559,0
3560,3560,0
3561,3561,0
3562,3562,1
3563,3563,0
3564,3564,0
3565,3565,0
3566,3566,0
3567,3567,0
3568,3568,0
3569,3569,1
3570,3570,0
3571,3571,0
3572,3572,0
3573,3573,0
3574,3574,0
3575,3575,0
3576,3576,0
3577,3577,0
3578,3578,0
3579,3579,1
3580,3580,1
3581,3581,0
3582,3582,1
3583,3583,0
3584,3584,1
3585,3585,1
3586,3586,1
3587,3587,1
3588,3588,0
3589,3589,0
3590,3590,0
3591,3591,0
3592,3592,0
3593,3593,0
3594,3594,1
3595,3595,0
3596,3596,1
3597,3597,1
3598,3598,0
3599,3599,0
3600,3600,0
3601,3601,0
3602,3602,0
3603,3603,0
3604,3604,0
3605,3605,0
3606,3606,1
3607,3607,0
3608,3608,1
3609,3609,1
3610,3610,0
3611,3611,1
3612,3612,1
3613,3613,1
3614,3614,1
3615,3615,1
3616,3616,0
3617,3617,1
3618,3618,1
3619,3619,1
3620,3620,1
3621,3621,1
3622,3622,0
3623,3623,1
3624,3624,0
3625,3625,1
3626,3626,1
3627,3627,1
3628,3628,1
3629,3629,0
3630,3630,0
3631,3631,1
3632,3632,1
3633,3633,1
3634,3634,1
3635,3635,1
3636,3636,1
3637,3637,0
3638,3638,0
3639,3639,1
3640,3640,0
3641,3641,0
3642,3642,1
3643,3643,0
3644,3644,0
3645,3645,0
3646,3646,1
3647,3647,0
3648,3648,1
3649,3649,1
3650,3650,0
3651,3651,0
3652,3652,0
3653,3653,0
3654,3654,0
3655,3655,0
3656,3656,0
3657,3657,0
3658,3658,0
3659,3659,0
3660,3660,1
3661,3661,0
3662,3662,0
3663,3663,0
3664,3664,0
3665,3665,0
3666,3666,0
3667,3667,0
3668,3668,1
3669,3669,0
3670,3670,0
3671,3671,0
3672,3672,0
3673,3673,1
3674,3674,0
3675,3675,0
3676,3676,1
3677,3677,1
3678,3678,0
3679,3679,1
3680,3680,1
3681,3681,0
3682,3682,1
3683,3683,1
3684,3684,1
3685,3685,1
3686,3686,0
3687,3687,0
3688,3688,0
3689,3689,1
3690,3690,0
3691,3691,1
3692,3692,1
3693,3693,1
3694,3694,1
3695,3695,1
3696,3696,0
3697,3697,0
3698,3698,0
3699,3699,0
3700,3700,0
3701,3701,0
3702,3702,0
3703,3703,0
3704,3704,0
3705,3705,0
3706,3706,1
3707,3707,1
3708,3708,1
3709,3709,0
3710,3710,1
3711,3711,0
3712,3712,0
3713,3713,1
3714,3714,1
3715,3715,1
3716,3716,1
3717,3717,1
3718,3718,1
3719,3719,1
3720,3720,1
3721,3721,1
3722,3722,1
3723,3723,1
3724,3724,1
3725,3725,1
3726,3726,1
3727,3727,0
3728,3728,1
3729,3729,1
3730,3730,1
3731,3731,0
3732,3732,0
3733,3733,1
3734,3734,0
3735,3735,1
3736,3736,1
3737,3737,1
3738,3738,1
3739,3739,1
3740,3740,1
3741,3741,1
3742,3742,1
3743,3743,1
3744,3744,1
3745,3745,1
3746,3746,1
3747,3747,1
3748,3748,1
3749,3749,1
3750,3750,1
3751,3751,1
3752,3752,1
3753,3753,1
3754,3754,1
3755,3755,1
3756,3756,1
3757,3757,1
3758,3758,1
3759,3759,1
3760,3760,1
3761,3761,1
3762,3762,1
3763,3763,1
3764,3764,0
3765,3765,1
3766,3766,0
3767,3767,0
3768,3768,0
3769,3769,0
3770,3770,0
3771,3771,0
3772,3772,0
3773,3773,0
3774,3774,0
3775,3775,0
3776,3776,1
3777,3777,0
3778,3778,0
3779,3779,0
3780,3780,0
3781,3781,0
3782,3782,0
3783,3783,0
3784,3784,0
3785,3785,1
3786,3786,1
3787,3787,1
3788,3788,0
3789,3789,0
3790,3790,0
3791,3791,1
3792,3792,1
3793,3793,0
3794,3794,1
3795,3795,1
3796,3796,1
3797,3797,1
3798,3798,1
3799,3799,1
3800,3800,1
3801,3801,1
3802,3802,0
3803,3803,0
3804,3804,0
3805,3805,1
3806,3806,1
3807,3807,1
3808,3808,1
3809,3809,1
3810,3810,1
3811,3811,1
3812,3812,1
3813,3813,0
3814,3814,0
3815,3815,1
3816,3816,1
3817,3817,1
3818,3818,1
3819,3819,1
3820,3820,0
3821,3821,1
3822,3822,1
3823,3823,1
3824,3824,0
3825,3825,1
3826,3826,0
3827,3827,0
3828,3828,1
3829,3829,1
3830,3830,1
3831,3831,0
3832,3832,0
3833,3833,0
3834,3834,0
3835,3835,0
3836,3836,0
3837,3837,0
3838,3838,0
3839,3839,0
3840,3840,1
3841,3841,0
3842,3842,0
3843,3843,0
3844,3844,0
3845,3845,0
3846,3846,0
3847,3847,0
3848,3848,0
3849,3849,1
3850,3850,0
3851,3851,0
3852,3852,0
3853,3853,0
3854,3854,0
3855,3855,0
3856,3856,0
3857,3857,0
3858,3858,0
3859,3859,1
3860,3860,1
3861,3861,1
3862,3862,0
3863,3863,1
3864,3864,1
3865,3865,0
3866,3866,1
3867,3867,0
3868,3868,0
3869,3869,0
3870,3870,1
3871,3871,0
3872,3872,0
3873,3873,0
3874,3874,0
3875,3875,0
3876,3876,0
3877,3877,0
3878,3878,0
3879,3879,0
3880,3880,1
3881,3881,1
3882,3882,0
3883,3883,0
3884,3884,1
3885,3885,0
3886,3886,0
3887,3887,0
3888,3888,0
3889,3889,1
3890,3890,1
3891,3891,1
3892,3892,1
3893,3893,1
3894,3894,1
3895,3895,1
3896,3896,1
3897,3897,0
3898,3898,0
3899,3899,1
3900,3900,0
3901,3901,0
3902,3902,1
3903,3903,1
3904,3904,0
3905,3905,0
3906,3906,0
3907,3907,0
3908,3908,0
3909,3909,0
3910,3910,0
3911,3911,0
3912,3912,1
3913,3913,1
3914,3914,0
3915,3915,0
3916,3916,0
3917,3917,0
3918,3918,0
3919,3919,0
3920,3920,0
3921,3921,0
3922,3922,0
3923,3923,0
3924,3924,1
3925,3925,1
3926,3926,0
3927,3927,0
3928,3928,1
3929,3929,0
3930,3930,1
3931,3931,0
3932,3932,0
3933,3933,0
3934,3934,0
3935,3935,0
3936,3936,0
3937,3937,0
3938,3938,1
3939,3939,1
3940,3940,1
3941,3941,1
3942,3942,1
3943,3943,0
3944,3944,1
3945,3945,0
3946,3946,0
3947,3947,0
3948,3948,0
3949,3949,1
3950,3950,0
3951,3951,0
3952,3952,1
3953,3953,0
3954,3954,0
3955,3955,1
3956,3956,0
3957,3957,1
3958,3958,1
3959,3959,0
3960,3960,1
3961,3961,0
3962,3962,1
3963,3963,1
3964,3964,1
3965,3965,0
3966,3966,0
3967,3967,1
3968,3968,0
3969,3969,0
3970,3970,1
3971,3971,1
3972,3972,0
3973,3973,1
3974,3974,1
3975,3975,1
3976,3976,1
3977,3977,1
3978,3978,0
3979,3979,1
3980,3980,0
3981,3981,1
3982,3982,1
3983,3983,1
3984,3984,0
3985,3985,1
3986,3986,1
3987,3987,1
3988,3988,1
3989,3989,1
3990,3990,1
3991,3991,1
3992,3992,1
3993,3993,0
3994,3994,0
3995,3995,1
3996,3996,0
3997,3997,1
3998,3998,0
3999,3999,0
4000,4000,1
4001,4001,1
4002,4002,1
4003,4003,0
4004,4004,0
4005,4005,0
4006,4006,0
4007,4007,1
4008,4008,1
4009,4009,1
4010,4010,1
4011,4011,1
4012,4012,1
4013,4013,1
4014,4014,0
4015,4015,1
4016,4016,0
4017,4017,0
4018,4018,1
4019,4019,0
4020,4020,1
4021,4021,0
4022,4022,0
4023,4023,0
4024,4024,0
4025,4025,0
4026,4026,0
4027,4027,0
4028,4028,1
4029,4029,0
4030,4030,1
4031,4031,1
4032,4032,0
4033,4033,1
4034,4034,1
4035,4035,1
4036,4036,1
4037,4037,1
4038,4038,1
4039,4039,1
4040,4040,1
4041,4041,0
4042,4042,1
4043,4043,1
4044,4044,0
4045,4045,1
4046,4046,0
4047,4047,1
4048,4048,0
4049,4049,1
4050,4050,0
4051,4051,0
4052,4052,0
4053,4053,0
4054,4054,0
4055,4055,0
4056,4056,1
4057,4057,0
4058,4058,1
4059,4059,1
4060,4060,1
4061,4061,1
4062,4062,0
4063,4063,0
4064,4064,0
4065,4065,0
4066,4066,0
4067,4067,0
4068,4068,1
4069,4069,1
4070,4070,1
4071,4071,1
4072,4072,1
4073,4073,0
4074,4074,1
4075,4075,0
4076,4076,1
4077,4077,1
4078,4078,1
4079,4079,1
4080,4080,0
4081,4081,1
4082,4082,1
4083,4083,1
4084,4084,0
4085,4085,0
4086,4086,1
4087,4087,1
4088,4088,1
4089,4089,1
4090,4090,0
4091,4091,1
4092,4092,1
4093,4093,0
4094,4094,0
4095,4095,0
4096,4096,0
4097,4097,0
4098,4098,0
4099,4099,0
4100,4100,1
4101,4101,1
4102,4102,0
4103,4103,1
4104,4104,0
4105,4105,0
4106,4106,0
4107,4107,0
4108,4108,0
4109,4109,0
4110,4110,0
4111,4111,0
4112,4112,1
4113,4113,1
4114,4114,1
4115,4115,1
4116,4116,1
4117,4117,0
4118,4118,0
4119,4119,0
4120,4120,1
4121,4121,0
4122,4122,0
4123,4123,0
4124,4124,1
4125,4125,1
4126,4126,1
4127,4127,1
4128,4128,0
4129,4129,0
4130,4130,0
4131,4131,1
4132,4132,0
4133,4133,0
4134,4134,1
4135,4135,1
4136,4136,0
4137,4137,0
4138,4138,1
4139,4139,1
4140,4140,1
4141,4141,1
4142,4142,1
4143,4143,1
4144,4144,1
4145,4145,0
4146,4146,0
4147,4147,1
4148,4148,1
4149,4149,1
4150,4150,1
4151,4151,1
4152,4152,1
4153,4153,1
4154,4154,1
4155,4155,1
4156,4156,1
4157,4157,0
4158,4158,1
4159,4159,1
4160,4160,0
4161,4161,0
4162,4162,0
4163,4163,1
4164,4164,1
4165,4165,1
4166,4166,1
4167,4167,1
4168,4168,1
4169,4169,1
4170,4170,0
4171,4171,1
4172,4172,1
4173,4173,1
4174,4174,0
4175,4175,0
4176,4176,0
4177,4177,1
4178,4178,1
4179,4179,1
4180,4180,1
4181,4181,1
4182,4182,1
4183,4183,1
4184,4184,1
4185,4185,1
4186,4186,1
4187,4187,0
4188,4188,0
4189,4189,1
4190,4190,1
4191,4191,1
4192,4192,1
4193,4193,1
4194,4194,1
4195,4195,0
4196,4196,1
4197,4197,1
4198,4198,1
4199,4199,1
4200,4200,1
4201,4201,1
4202,4202,1
4203,4203,0
4204,4204,1
4205,4205,1
4206,4206,1
4207,4207,1
4208,4208,1
4209,4209,1
4210,4210,0
4211,4211,0
4212,4212,1
4213,4213,1
4214,4214,0
4215,4215,0
4216,4216,1
4217,4217,1
4218,4218,0
4219,4219,0
4220,4220,0
4221,4221,0
4222,4222,0
4223,4223,0
4224,4224,1
4225,4225,1
4226,4226,0
4227,4227,1
4228,4228,0
4229,4229,0
4230,4230,1
4231,4231,1
4232,4232,1
4233,4233,1
4234,4234,1
4235,4235,1
4236,4236,0
4237,4237,1
4238,4238,1
4239,4239,0
4240,4240,1
4241,4241,1
4242,4242,1
4243,4243,1
4244,4244,1
4245,4245,1
4246,4246,1
4247,4247,1
4248,4248,1
4249,4249,1
4250,4250,1
4251,4251,0
4252,4252,0
4253,4253,0
4254,4254,1
4255,4255,1
4256,4256,1
4257,4257,0
4258,4258,0
4259,4259,0
4260,4260,1
4261,4261,0
4262,4262,0
4263,4263,0
4264,4264,1
4265,4265,1
4266,4266,0
4267,4267,1
4268,4268,0
4269,4269,1
4270,4270,1
4271,4271,1
4272,4272,1
4273,4273,1
4274,4274,1
4275,4275,1
4276,4276,1
4277,4277,1
4278,4278,1
4279,4279,0
4280,4280,1
4281,4281,1
4282,4282,1
4283,4283,0
4284,4284,0
4285,4285,1
4286,4286,1
4287,4287,1
4288,4288,0
4289,4289,1
4290,4290,1
4291,4291,1
4292,4292,1
4293,4293,1
4294,4294,1
4295,4295,1
4296,4296,1
4297,4297,1
4298,4298,1
4299,4299,1
4300,4300,1
4301,4301,1
4302,4302,1
4303,4303,1
4304,4304,1
4305,4305,1
4306,4306,1
4307,4307,1
4308,4308,1
4309,4309,1
4310,4310,1
4311,4311,1
4312,4312,1
4313,4313,1
4314,4314,1
4315,4315,0
4316,4316,1
4317,4317,1
4318,4318,1
4319,4319,0
4320,4320,1
4321,4321,1
4322,4322,1
4323,4323,1
4324,4324,1
4325,4325,1
4326,4326,1
4327,4327,1
4328,4328,1
4329,4329,1
4330,4330,1
4331,4331,1
4332,4332,1
4333,4333,1
4334,4334,1
4335,4335,1
4336,4336,1
4337,4337,1
4338,4338,1
4339,4339,1
4340,4340,1
4341,4341,1
4342,4342,1
4343,4343,1
4344,4344,1
4345,4345,1
4346,4346,1
4347,4347,1
4348,4348,1
4349,4349,1
4350,4350,1
4351,4351,1
4352,4352,1
4353,4353,1
4354,4354,1
4355,4355,1
4356,4356,1
4357,4357,1
4358,4358,1
4359,4359,1
4360,4360,1
4361,4361,1
4362,4362,1
4363,4363,1
4364,4364,1
4365,4365,1
4366,4366,1
4367,4367,1
4368,4368,1
4369,4369,1
4370,4370,1
4371,4371,1
4372,4372,1
4373,4373,1
4374,4374,1
4375,4375,1
4376,4376,1
4377,4377,1
4378,4378,1
4379,4379,1
4380,4380,1
4381,4381,1
4382,4382,1
4383,4383,1
4384,4384,1
4385,4385,1
4386,4386,1
4387,4387,1
4388,4388,1
4389,4389,1
4390,4390,1
4391,4391,1
4392,4392,1
4393,4393,1
4394,4394,1
4395,4395,1
4396,4396,1
4397,4397,1
4398,4398,0
4399,4399,1
4400,4400,1
4401,4401,1
4402,4402,0
4403,4403,1
4404,4404,1
4405,4405,1
4406,4406,1
4407,4407,1
4408,4408,1
4409,4409,1
4410,4410,1
4411,4411,1
4412,4412,1
4413,4413,1
4414,4414,1
4415,4415,1
4416,4416,1
4417,4417,1
4418,4418,1
4419,4419,1
4420,4420,1
4421,4421,1
4422,4422,1
4423,4423,1
4424,4424,1
4425,4425,1
4426,4426,1
4427,4427,1
4428,4428,1
4429,4429,1
4430,4430,1
4431,4431,1
4432,4432,1
4433,4433,1
4434,4434,1
4435,4435,1
4436,4436,1
4437,4437,1
4438,4438,1
4439,4439,1
4440,4440,1
4441,4441,1
4442,4442,1
4443,4443,1
4444,4444,1
4445,4445,1
4446,4446,1
4447,4447,1
4448,4448,1
4449,4449,1
4450,4450,1
4451,4451,1
4452,4452,1
4453,4453,1
4454,4454,1
4455,4455,1
4456,4456,1
4457,4457,1
4458,4458,1
4459,4459,1
4460,4460,1
4461,4461,1
4462,4462,1
4463,4463,1
4464,4464,1
4465,4465,1
4466,4466,1
4467,4467,1
4468,4468,1
4469,4469,1
4470,4470,1
4471,4471,1
4472,4472,1
4473,4473,1
4474,4474,1
4475,4475,1
4476,4476,1
4477,4477,1
4478,4478,1
4479,4479,1
4480,4480,1
4481,4481,1
4482,4482,1
4483,4483,1
4484,4484,1
4485,4485,1
4486,4486,1
4487,4487,1
4488,4488,1
4489,4489,1
4490,4490,0
4491,4491,1
4492,4492,0
4493,4493,1
4494,4494,1
4495,4495,1
4496,4496,1
4497,4497,1
4498,4498,1
4499,4499,1
4500,4500,1
4501,4501,1
4502,4502,1
4503,4503,1
4504,4504,1
4505,4505,1
4506,4506,1
4507,4507,1
4508,4508,1
4509,4509,1
4510,4510,1
4511,4511,1
4512,4512,1
4513,4513,1
4514,4514,1
4515,4515,1
4516,4516,1
4517,4517,1
4518,4518,1
4519,4519,1
4520,4520,1
4521,4521,1
4522,4522,1
4523,4523,1
4524,4524,0
4525,4525,1
4526,4526,1
4527,4527,1
4528,4528,1
4529,4529,1
4530,4530,1
4531,4531,1
4532,4532,1
4533,4533,0
4534,4534,1
4535,4535,1
4536,4536,1
4537,4537,1
4538,4538,1
4539,4539,1
4540,4540,1
4541,4541,1
4542,4542,1
4543,4543,1
4544,4544,1
4545,4545,1
4546,4546,1
4547,4547,1
4548,4548,1
4549,4549,1
4550,4550,1
4551,4551,1
4552,4552,1
4553,4553,1
4554,4554,1
4555,4555,1
4556,4556,1
4557,4557,1
4558,4558,1
4559,4559,1
4560,4560,1
4561,4561,1
4562,4562,1
4563,4563,1
4564,4564,1
4565,4565,1
4566,4566,1
4567,4567,1
4568,4568,1
4569,4569,1
4570,4570,1
4571,4571,1
4572,4572,1
4573,4573,1
4574,4574,1
4575,4575,1
4576,4576,1
4577,4577,1
4578,4578,1
4579,4579,1
4580,4580,1
4581,4581,1
4582,4582,1
4583,4583,1
4584,4584,1
4585,4585,0
4586,4586,1
4587,4587,1
4588,4588,1
4589,4589,0
4590,4590,0
4591,4591,1
4592,4592,1
4593,4593,1
4594,4594,1
4595,4595,1
4596,4596,1
4597,4597,1
4598,4598,0
4599,4599,0
4600,4600,1
4601,4601,1
4602,4602,1
4603,4603,1
4604,4604,1
4605,4605,1
4606,4606,1
4607,4607,0
4608,4608,0
4609,4609,0
4610,4610,0
4611,4611,0
4612,4612,0
4613,4613,0
4614,4614,0
4615,4615,1
4616,4616,1
4617,4617,1
4618,4618,1
4619,4619,1
4620,4620,1
4621,4621,1
4622,4622,0
4623,4623,1
4624,4624,0
4625,4625,1
4626,4626,0
4627,4627,0
4628,4628,0
4629,4629,1
4630,4630,0
4631,4631,1
4632,4632,1
4633,4633,1
4634,4634,1
4635,4635,1
4636,4636,1
4637,4637,1
4638,4638,1
4639,4639,1
4640,4640,1
4641,4641,1
4642,4642,1
4643,4643,1
4644,4644,1
4645,4645,1
4646,4646,1
4647,4647,0
4648,4648,0
4649,4649,0
4650,4650,0
4651,4651,0
4652,4652,0
4653,4653,1
4654,4654,1
4655,4655,1
4656,4656,1
4657,4657,1
4658,4658,1
4659,4659,1
4660,4660,1
4661,4661,1
4662,4662,0
4663,4663,0
4664,4664,0
4665,4665,0
4666,4666,0
4667,4667,1
4668,4668,1
4669,4669,1
4670,4670,1
4671,4671,1
4672,4672,0
4673,4673,1
4674,4674,0
4675,4675,1
4676,4676,0
4677,4677,1
4678,4678,1
4679,4679,1
4680,4680,0
4681,4681,1
4682,4682,0
4683,4683,1
4684,4684,1
4685,4685,1
4686,4686,1
4687,4687,1
4688,4688,1
4689,4689,1
4690,4690,0
4691,4691,1
4692,4692,1
4693,4693,1
4694,4694,0
4695,4695,0
4696,4696,0
4697,4697,0
4698,4698,1
4699,4699,1
4700,4700,0
4701,4701,0
4702,4702,1
4703,4703,1
4704,4704,0
4705,4705,0
4706,4706,0
4707,4707,0
4708,4708,1
4709,4709,1
4710,4710,0
4711,4711,1
4712,4712,1
4713,4713,1
4714,4714,1
4715,4715,1
4716,4716,1
4717,4717,1
4718,4718,0
4719,4719,0
4720,4720,1
4721,4721,1
4722,4722,1
4723,4723,0
4724,4724,0
4725,4725,1
4726,4726,1
4727,4727,1
4728,4728,1
4729,4729,1
4730,4730,1
4731,4731,0
4732,4732,1
4733,4733,0
4734,4734,0
4735,4735,0
4736,4736,1
4737,4737,0
4738,4738,1
4739,4739,1
4740,4740,1
4741,4741,1
4742,4742,1
4743,4743,1
4744,4744,1
4745,4745,1
4746,4746,0
4747,4747,1
4748,4748,1
4749,4749,0
4750,4750,0
4751,4751,1
4752,4752,1
4753,4753,0
4754,4754,1
4755,4755,0
4756,4756,1
4757,4757,1
4758,4758,1
4759,4759,1
4760,4760,1
4761,4761,1
4762,4762,1
4763,4763,1
4764,4764,1
4765,4765,1
4766,4766,1
4767,4767,1
4768,4768,1
4769,4769,1
4770,4770,1
4771,4771,1
4772,4772,1
4773,4773,1
4774,4774,1
4775,4775,1
4776,4776,0
4777,4777,1
4778,4778,0
4779,4779,1
4780,4780,0
4781,4781,0
4782,4782,0
4783,4783,0
4784,4784,0
4785,4785,1
4786,4786,1
4787,4787,1
4788,4788,1
4789,4789,0
4790,4790,1
4791,4791,1
4792,4792,1
4793,4793,1
4794,4794,1
4795,4795,1
4796,4796,1
4797,4797,1
4798,4798,1
4799,4799,1
4800,4800,1
4801,4801,1
4802,4802,1
4803,4803,1
4804,4804,1
4805,4805,0
4806,4806,1
4807,4807,1
4808,4808,1
4809,4809,1
4810,4810,1
4811,4811,1
4812,4812,1
4813,4813,1
4814,4814,1
4815,4815,1
4816,4816,0
4817,4817,1
4818,4818,0
4819,4819,1
4820,4820,1
4821,4821,1
4822,4822,0
4823,4823,1
4824,4824,1
4825,4825,1
4826,4826,0
4827,4827,1
4828,4828,1
4829,4829,1
4830,4830,1
4831,4831,1
4832,4832,1
4833,4833,1
4834,4834,1
4835,4835,1
4836,4836,1
4837,4837,1
4838,4838,1
4839,4839,1
4840,4840,0
4841,4841,1
4842,4842,1
4843,4843,1
4844,4844,0
4845,4845,1
4846,4846,1
4847,4847,1
4848,4848,1
4849,4849,1
4850,4850,1
4851,4851,1
4852,4852,1
4853,4853,1
4854,4854,1
4855,4855,1
4856,4856,1
4857,4857,0
4858,4858,1
4859,4859,1
4860,4860,1
4861,4861,1
4862,4862,1
4863,4863,1
4864,4864,1
4865,4865,1
4866,4866,1
4867,4867,0
4868,4868,1
4869,4869,0
4870,4870,0
4871,4871,0
4872,4872,0
4873,4873,1
4874,4874,0
4875,4875,1
4876,4876,1
4877,4877,1
4878,4878,1
4879,4879,1
4880,4880,1
4881,4881,1
4882,4882,1
4883,4883,0
4884,4884,1
4885,4885,0
4886,4886,1
4887,4887,1
4888,4888,1
4889,4889,1
4890,4890,1
4891,4891,1
4892,4892,1
4893,4893,1
4894,4894,1
4895,4895,1
4896,4896,1
4897,4897,0
4898,4898,0
4899,4899,1
4900,4900,1
4901,4901,1
4902,4902,1
4903,4903,1
4904,4904,1
4905,4905,1
4906,4906,1
4907,4907,1
4908,4908,1
4909,4909,1
4910,4910,1
4911,4911,1
4912,4912,1
4913,4913,1
4914,4914,1
4915,4915,1
4916,4916,1
4917,4917,1
4918,4918,1
4919,4919,1
4920,4920,1
4921,4921,1
4922,4922,1
4923,4923,1
4924,4924,1
4925,4925,1
4926,4926,0
4927,4927,0
4928,4928,1
4929,4929,1
4930,4930,1
4931,4931,1
4932,4932,1
4933,4933,0
4934,4934,1
4935,4935,1
4936,4936,1
4937,4937,1
4938,4938,1
4939,4939,1
4940,4940,1
4941,4941,1
4942,4942,1
4943,4943,1
4944,4944,0
4945,4945,1
4946,4946,1
4947,4947,0
4948,4948,0
4949,4949,1
4950,4950,1
4951,4951,1
4952,4952,1
4953,4953,1
4954,4954,1
4955,4955,1
4956,4956,1
4957,4957,1
4958,4958,1
4959,4959,1
4960,4960,1
4961,4961,1
4962,4962,1
4963,4963,1
4964,4964,1
4965,4965,1
4966,4966,1
4967,4967,1
4968,4968,0
4969,4969,0
4970,4970,1
4971,4971,1
4972,4972,1
4973,4973,1
4974,4974,1
4975,4975,1
4976,4976,1
4977,4977,1
4978,4978,1
4979,4979,1
4980,4980,1
4981,4981,1
4982,4982,1
4983,4983,0
4984,4984,1
4985,4985,1
4986,4986,1
4987,4987,1
4988,4988,1
4989,4989,1
4990,4990,1
4991,4991,0
4992,4992,1
4993,4993,1
4994,4994,1
4995,4995,1
4996,4996,1
4997,4997,1
4998,4998,1
4999,4999,0
5000,5000,1
5001,5001,1
5002,5002,1
5003,5003,1
5004,5004,0
5005,5005,1
5006,5006,1
5007,5007,0
5008,5008,1
5009,5009,1
5010,5010,1
5011,5011,0
5012,5012,1
5013,5013,1
5014,5014,1
5015,5015,1
5016,5016,1
5017,5017,1
5018,5018,0
5019,5019,0
5020,5020,0
5021,5021,1
5022,5022,1
5023,5023,1
5024,5024,1
5025,5025,1
5026,5026,1
5027,5027,1
5028,5028,1
5029,5029,1
5030,5030,1
5031,5031,1
5032,5032,1
5033,5033,1
5034,5034,1
5035,5035,1
5036,5036,1
5037,5037,1
5038,5038,1
5039,5039,1
5040,5040,1
5041,5041,1
5042,5042,1
5043,5043,1
5044,5044,1
5045,5045,1
5046,5046,1
5047,5047,1
5048,5048,1
5049,5049,1
5050,5050,1
5051,5051,1
5052,5052,1
5053,5053,1
5054,5054,1
5055,5055,1
5056,5056,1
5057,5057,1
5058,5058,1
5059,5059,1
5060,5060,1
5061,5061,1
5062,5062,1
5063,5063,0
5064,5064,0
5065,5065,0
5066,5066,1
5067,5067,1
5068,5068,0
5069,5069,0
5070,5070,0
5071,5071,0
5072,5072,1
5073,5073,0
5074,5074,1
5075,5075,0
5076,5076,0
5077,5077,1
5078,5078,1
5079,5079,1
5080,5080,0
5081,5081,1
5082,5082,1
5083,5083,1
5084,5084,0
5085,5085,1
5086,5086,1
5087,5087,0
5088,5088,1
5089,5089,1
5090,5090,1
5091,5091,1
5092,5092,0
5093,5093,1
5094,5094,1
5095,5095,1
5096,5096,1
5097,5097,1
5098,5098,1
5099,5099,0
5100,5100,1
5101,5101,1
5102,5102,1
5103,5103,1
5104,5104,1
5105,5105,1
5106,5106,0
5107,5107,0
5108,5108,1
5109,5109,0
5110,5110,0
5111,5111,1
5112,5112,1
5113,5113,0
5114,5114,0
5115,5115,0
5116,5116,1
5117,5117,1
5118,5118,1
5119,5119,1
5120,5120,0
5121,5121,0
5122,5122,0
5123,5123,1
5124,5124,1
5125,5125,1
5126,5126,0
5127,5127,0
5128,5128,0
5129,5129,0
5130,5130,0
5131,5131,1
5132,5132,1
5133,5133,1
5134,5134,1
5135,5135,1
5136,5136,1
5137,5137,0
5138,5138,0
5139,5139,1
5140,5140,1
5141,5141,0
5142,5142,1
5143,5143,1
5144,5144,1
5145,5145,1
5146,5146,1
5147,5147,1
5148,5148,1
5149,5149,1
5150,5150,1
5151,5151,1
5152,5152,1
5153,5153,1
5154,5154,1
5155,5155,1
5156,5156,1
5157,5157,1
5158,5158,0
5159,5159,1
5160,5160,1
5161,5161,1
5162,5162,1
5163,5163,1
5164,5164,1
5165,5165,1
5166,5166,1
5167,5167,1
5168,5168,1
5169,5169,1
5170,5170,1
5171,5171,1
5172,5172,1
5173,5173,1
5174,5174,1
5175,5175,1
5176,5176,1
5177,5177,1
5178,5178,1
5179,5179,1
5180,5180,1
5181,5181,1
5182,5182,1
5183,5183,1
5184,5184,1
5185,5185,1
5186,5186,1
5187,5187,1
5188,5188,1
5189,5189,1
5190,5190,1
5191,5191,1
5192,5192,1
5193,5193,1
5194,5194,1
5195,5195,1
5196,5196,1
5197,5197,0
5198,5198,1
5199,5199,1
5200,5200,1
5201,5201,1
5202,5202,1
5203,5203,1
5204,5204,1
5205,5205,0
5206,5206,0
5207,5207,1
5208,5208,1
5209,5209,1
5210,5210,1
5211,5211,1
5212,5212,1
5213,5213,1
5214,5214,1
5215,5215,1
5216,5216,1
5217,5217,1
5218,5218,1
5219,5219,1
5220,5220,0
5221,5221,1
5222,5222,1
5223,5223,1
5224,5224,1
5225,5225,1
5226,5226,1
5227,5227,1
5228,5228,1
5229,5229,1
5230,5230,1
5231,5231,1
5232,5232,1
5233,5233,1
5234,5234,1
5235,5235,1
5236,5236,1
5237,5237,1
5238,5238,1
5239,5239,1
5240,5240,1
5241,5241,1
5242,5242,1
5243,5243,1
5244,5244,1
5245,5245,1
5246,5246,1
5247,5247,1
5248,5248,0
5249,5249,1
5250,5250,1
5251,5251,1
5252,5252,0
5253,5253,1
5254,5254,1
5255,5255,1
5256,5256,0
5257,5257,1
5258,5258,1
5259,5259,1
5260,5260,1
5261,5261,1
5262,5262,1
5263,5263,1
5264,5264,1
5265,5265,1
5266,5266,1
5267,5267,1
5268,5268,1
5269,5269,1
5270,5270,1
5271,5271,1
5272,5272,1
5273,5273,1
5274,5274,1
5275,5275,1
5276,5276,1
5277,5277,1
5278,5278,1
5279,5279,1
5280,5280,1
5281,5281,1
5282,5282,1
5283,5283,1
5284,5284,1
5285,5285,1
5286,5286,1
5287,5287,1
5288,5288,1
5289,5289,1
5290,5290,1
5291,5291,1
5292,5292,1
5293,5293,1
5294,5294,1
5295,5295,1
5296,5296,1
5297,5297,1
5298,5298,1
5299,5299,1
5300,5300,1
5301,5301,1
5302,5302,1
5303,5303,1
5304,5304,1
5305,5305,1
5306,5306,1
5307,5307,1
5308,5308,1
5309,5309,1
5310,5310,1
5311,5311,1
5312,5312,1
5313,5313,1
5314,5314,1
5315,5315,1
5316,5316,1
5317,5317,1
5318,5318,1
5319,5319,1
5320,5320,1
5321,5321,1
5322,5322,1
5323,5323,1
5324,5324,1
5325,5325,1
5326,5326,1
5327,5327,1
5328,5328,1
5329,5329,1
5330,5330,1
5331,5331,1
5332,5332,1
5333,5333,1
5334,5334,1
5335,5335,1
5336,5336,1
5337,5337,1
5338,5338,1
5339,5339,1
5340,5340,1
5341,5341,1
5342,5342,1
5343,5343,1
5344,5344,1
5345,5345,1
5346,5346,1
5347,5347,1
5348,5348,1
5349,5349,1
5350,5350,1
5351,5351,1
5352,5352,1
5353,5353,1
5354,5354,1
5355,5355,1
5356,5356,1
5357,5357,1
5358,5358,1
5359,5359,1
5360,5360,1
5361,5361,1
5362,5362,1
5363,5363,1
5364,5364,1
5365,5365,1
5366,5366,1
5367,5367,1
5368,5368,1
5369,5369,1
5370,5370,1
5371,5371,1
5372,5372,1
5373,5373,1
5374,5374,1
5375,5375,1
5376,5376,1
5377,5377,1
5378,5378,1
5379,5379,1
5380,5380,1
5381,5381,1
5382,5382,1
5383,5383,1
5384,5384,1
5385,5385,1
5386,5386,1
5387,5387,1
5388,5388,1
5389,5389,1
5390,5390,1
5391,5391,1
5392,5392,1
5393,5393,1
5394,5394,1
5395,5395,1
5396,5396,1
5397,5397,1
5398,5398,1
5399,5399,1
5400,5400,1
5401,5401,1
5402,5402,1
5403,5403,1
5404,5404,1
5405,5405,1
5406,5406,1
5407,5407,1
5408,5408,1
5409,5409,1
5410,5410,1
5411,5411,1
5412,5412,1
5413,5413,1
5414,5414,1
5415,5415,1
5416,5416,1
5417,5417,1
5418,5418,1
5419,5419,1
5420,5420,1
5421,5421,0
5422,5422,1
5423,5423,1
5424,5424,1
5425,5425,1
5426,5426,1
5427,5427,1
5428,5428,1
5429,5429,1
5430,5430,1
5431,5431,1
5432,5432,1
5433,5433,1
5434,5434,1
5435,5435,0
5436,5436,1
5437,5437,1
5438,5438,1
5439,5439,1
5440,5440,1
5441,5441,1
5442,5442,1
5443,5443,0
5444,5444,1
5445,5445,1
5446,5446,1
5447,5447,1
5448,5448,1
5449,5449,1
5450,5450,1
5451,5451,1
5452,5452,1
5453,5453,1
5454,5454,1
5455,5455,1
5456,5456,1
5457,5457,1
5458,5458,1
5459,5459,1
5460,5460,0
5461,5461,1
5462,5462,1
5463,5463,1
5464,5464,1
5465,5465,0
5466,5466,0
5467,5467,1
5468,5468,1
5469,5469,1
5470,5470,1
5471,5471,0
5472,5472,0
5473,5473,1
5474,5474,1
5475,5475,1
5476,5476,1
5477,5477,1
5478,5478,0
5479,5479,1
5480,5480,1
5481,5481,1
5482,5482,1
5483,5483,1
5484,5484,0
5485,5485,0
5486,5486,0
5487,5487,1
5488,5488,1
5489,5489,0
5490,5490,0
5491,5491,1
5492,5492,1
5493,5493,1
5494,5494,0
5495,5495,1
5496,5496,1
5497,5497,1
5498,5498,1
5499,5499,0
5500,5500,1
5501,5501,0
5502,5502,1
5503,5503,1
5504,5504,0
5505,5505,1
5506,5506,1
5507,5507,1
5508,5508,1
5509,5509,1
5510,5510,1
5511,5511,0
5512,5512,1
5513,5513,0
5514,5514,1
5515,5515,1
5516,5516,1
5517,5517,1
5518,5518,1
5519,5519,0
5520,5520,1
5521,5521,1
5522,5522,1
5523,5523,1
5524,5524,1
5525,5525,0
5526,5526,1
5527,5527,1
5528,5528,0
5529,5529,1
5530,5530,1
5531,5531,1
5532,5532,1
5533,5533,1
5534,5534,1
5535,5535,1
5536,5536,1
5537,5537,1
5538,5538,1
5539,5539,1
5540,5540,1
5541,5541,1
5542,5542,1
5543,5543,1
5544,5544,1
5545,5545,1
5546,5546,1
5547,5547,1
5548,5548,1
5549,5549,1
5550,5550,1
5551,5551,1
5552,5552,0
5553,5553,1
5554,5554,1
5555,5555,1
5556,5556,0
5557,5557,1
5558,5558,1
5559,5559,1
5560,5560,1
5561,5561,1
5562,5562,1
5563,5563,1
5564,5564,1
5565,5565,1
5566,5566,1
5567,5567,0
5568,5568,0
5569,5569,1
5570,5570,1
5571,5571,0
5572,5572,1
5573,5573,1
5574,5574,1
5575,5575,0
5576,5576,0
5577,5577,0
5578,5578,0
5579,5579,0
5580,5580,1
5581,5581,0
5582,5582,1
5583,5583,1
5584,5584,0
5585,5585,1
5586,5586,0
5587,5587,1
5588,5588,1
5589,5589,1
5590,5590,1
5591,5591,1
5592,5592,1
5593,5593,0
5594,5594,1
5595,5595,1
5596,5596,1
5597,5597,1
5598,5598,0
5599,5599,1
5600,5600,0
5601,5601,0
5602,5602,0
5603,5603,0
5604,5604,0
5605,5605,0
5606,5606,1
5607,5607,0
5608,5608,1
5609,5609,1
5610,5610,0
5611,5611,0
5612,5612,0
5613,5613,0
5614,5614,0
5615,5615,0
5616,5616,0
5617,5617,0
5618,5618,1
5619,5619,1
5620,5620,1
5621,5621,1
5622,5622,1
5623,5623,1
5624,5624,1
5625,5625,1
5626,5626,1
5627,5627,1
5628,5628,1
5629,5629,1
5630,5630,1
5631,5631,1
5632,5632,1
5633,5633,1
5634,5634,1
5635,5635,1
5636,5636,1
5637,5637,1
5638,5638,1
5639,5639,1
5640,5640,1
5641,5641,1
5642,5642,1
5643,5643,1
5644,5644,1
5645,5645,1
5646,5646,1
5647,5647,1
5648,5648,1
5649,5649,1
5650,5650,1
5651,5651,1
5652,5652,1
5653,5653,0
5654,5654,1
5655,5655,1
5656,5656,1
5657,5657,1
5658,5658,1
5659,5659,1
5660,5660,1
5661,5661,1
5662,5662,1
5663,5663,1
5664,5664,1
5665,5665,1
5666,5666,1
5667,5667,1
5668,5668,0
5669,5669,1
5670,5670,1
5671,5671,1
5672,5672,1
5673,5673,1
5674,5674,1
5675,5675,1
5676,5676,0
5677,5677,0
5678,5678,1
5679,5679,0
5680,5680,1
5681,5681,1
5682,5682,1
5683,5683,1
5684,5684,1
5685,5685,1
5686,5686,0
5687,5687,1
5688,5688,1
5689,5689,1
5690,5690,1
5691,5691,1
5692,5692,1
5693,5693,0
5694,5694,0
5695,5695,0
5696,5696,0
5697,5697,1
5698,5698,1
5699,5699,1
5700,5700,1
5701,5701,1
5702,5702,1
5703,5703,1
5704,5704,1
5705,5705,0
5706,5706,0
5707,5707,0
5708,5708,0
5709,5709,1
5710,5710,1
5711,5711,1
5712,5712,1
5713,5713,1
5714,5714,1
5715,5715,1
5716,5716,1
5717,5717,1
5718,5718,1
5719,5719,1
5720,5720,0
5721,5721,0
5722,5722,1
5723,5723,1
5724,5724,0
5725,5725,0
5726,5726,1
5727,5727,0
5728,5728,1
5729,5729,1
5730,5730,0
5731,5731,0
5732,5732,1
5733,5733,1
5734,5734,1
5735,5735,0
5736,5736,1
5737,5737,1
5738,5738,1
5739,5739,1
5740,5740,1
5741,5741,1
5742,5742,1
5743,5743,1
5744,5744,1
5745,5745,0
5746,5746,1
5747,5747,0
5748,5748,1
5749,5749,1
5750,5750,1
5751,5751,1
5752,5752,1
5753,5753,1
5754,5754,1
5755,5755,1
5756,5756,1
5757,5757,1
5758,5758,1
5759,5759,1
5760,5760,1
5761,5761,1
5762,5762,1
5763,5763,1
5764,5764,1
5765,5765,1
5766,5766,1
5767,5767,1
5768,5768,1
5769,5769,1
5770,5770,0
5771,5771,1
5772,5772,0
5773,5773,1
5774,5774,1
5775,5775,1
5776,5776,1
5777,5777,1
5778,5778,0
5779,5779,0
5780,5780,1
5781,5781,1
5782,5782,1
5783,5783,1
5784,5784,0
5785,5785,1
5786,5786,1
5787,5787,0
5788,5788,0
5789,5789,1
5790,5790,1
5791,5791,1
5792,5792,1
5793,5793,1
5794,5794,1
5795,5795,1
5796,5796,1
5797,5797,1
5798,5798,0
5799,5799,1
5800,5800,1
5801,5801,0
5802,5802,1
5803,5803,1
5804,5804,1
5805,5805,1
5806,5806,1
5807,5807,1
5808,5808,1
5809,5809,1
5810,5810,1
5811,5811,1
5812,5812,1
5813,5813,1
5814,5814,1
5815,5815,1
5816,5816,1
5817,5817,1
5818,5818,1
5819,5819,1
5820,5820,1
5821,5821,0
5822,5822,1
5823,5823,1
5824,5824,0
5825,5825,1
5826,5826,1
5827,5827,1
5828,5828,1
5829,5829,1
5830,5830,1
5831,5831,1
5832,5832,1
5833,5833,1
5834,5834,1
5835,5835,1
5836,5836,1
5837,5837,1
5838,5838,1
5839,5839,1
5840,5840,1
5841,5841,1
5842,5842,1
5843,5843,0
5844,5844,0
5845,5845,1
5846,5846,1
5847,5847,1
5848,5848,1
5849,5849,1
5850,5850,1
5851,5851,1
5852,5852,1
5853,5853,0
5854,5854,1
5855,5855,1
5856,5856,1
5857,5857,1
5858,5858,1
5859,5859,1
5860,5860,1
5861,5861,1
5862,5862,1
5863,5863,1
5864,5864,1
5865,5865,1
5866,5866,1
5867,5867,1
5868,5868,1
5869,5869,1
5870,5870,1
5871,5871,1
5872,5872,1
5873,5873,1
5874,5874,1
5875,5875,1
5876,5876,1
5877,5877,1
5878,5878,1
5879,5879,1
5880,5880,1
5881,5881,1
5882,5882,1
5883,5883,1
5884,5884,1
5885,5885,1
5886,5886,1
5887,5887,1
5888,5888,1
5889,5889,1
5890,5890,0
5891,5891,1
5892,5892,1
5893,5893,1
5894,5894,1
5895,5895,1
5896,5896,1
5897,5897,1
5898,5898,1
5899,5899,1
5900,5900,0
5901,5901,0
5902,5902,1
5903,5903,0
5904,5904,1
5905,5905,1
5906,5906,1
5907,5907,1
5908,5908,1
5909,5909,1
5910,5910,1
5911,5911,1
5912,5912,1
5913,5913,1
5914,5914,1
5915,5915,1
5916,5916,0
5917,5917,1
5918,5918,0
5919,5919,0
5920,5920,0
5921,5921,1
5922,5922,1
5923,5923,1
5924,5924,1
5925,5925,1
5926,5926,1
5927,5927,1
5928,5928,1
5929,5929,0
5930,5930,1
5931,5931,1
5932,5932,1
5933,5933,1
5934,5934,0
5935,5935,1
5936,5936,1
5937,5937,1
5938,5938,1
5939,5939,0
5940,5940,1
5941,5941,0
5942,5942,1
5943,5943,1
5944,5944,1
5945,5945,0
5946,5946,0
5947,5947,1
5948,5948,1
5949,5949,1
5950,5950,1
5951,5951,1
5952,5952,1
5953,5953,1
5954,5954,1
5955,5955,1
5956,5956,1
5957,5957,1
5958,5958,1
5959,5959,1
5960,5960,1
5961,5961,1
5962,5962,1
5963,5963,1
5964,5964,1
5965,5965,0
5966,5966,1
5967,5967,1
5968,5968,1
5969,5969,1
5970,5970,1
5971,5971,1
5972,5972,1
5973,5973,1
5974,5974,1
5975,5975,1
5976,5976,1
5977,5977,1
5978,5978,1
5979,5979,1
5980,5980,1
5981,5981,1
5982,5982,1
5983,5983,1
5984,5984,1
5985,5985,1
5986,5986,0
5987,5987,1
5988,5988,1
5989,5989,1
5990,5990,1
5991,5991,1
5992,5992,1
5993,5993,1
5994,5994,0
5995,5995,1
5996,5996,1
5997,5997,1
5998,5998,1
5999,5999,0
6000,6000,0
6001,6001,0
6002,6002,1
6003,6003,1
6004,6004,1
6005,6005,1
6006,6006,1
6007,6007,1
6008,6008,1
6009,6009,1
6010,6010,1
6011,6011,1
6012,6012,1
6013,6013,1
6014,6014,1
6015,6015,1
6016,6016,1
6017,6017,1
6018,6018,1
6019,6019,1
6020,6020,1
6021,6021,1
6022,6022,1
6023,6023,1
6024,6024,1
6025,6025,1
6026,6026,0
6027,6027,1
6028,6028,1
6029,6029,1
6030,6030,1
6031,6031,1
6032,6032,1
6033,6033,1
6034,6034,1
6035,6035,1
6036,6036,1
6037,6037,1
6038,6038,1
6039,6039,1
6040,6040,1
6041,6041,1
6042,6042,1
6043,6043,1
6044,6044,1
6045,6045,1
6046,6046,1
6047,6047,1
6048,6048,1
6049,6049,1
6050,6050,1
6051,6051,1
6052,6052,1
6053,6053,1
6054,6054,0
6055,6055,1
6056,6056,1
6057,6057,1
6058,6058,1
6059,6059,1
6060,6060,1
6061,6061,1
6062,6062,0
6063,6063,1
6064,6064,1
6065,6065,1
6066,6066,1
6067,6067,1
6068,6068,1
6069,6069,1
6070,6070,1
6071,6071,1
6072,6072,1
6073,6073,1
6074,6074,1
6075,6075,1
6076,6076,1
6077,6077,1
6078,6078,1
6079,6079,1
6080,6080,1
6081,6081,1
6082,6082,1
6083,6083,1
6084,6084,1
6085,6085,1
6086,6086,1
6087,6087,1
6088,6088,1
6089,6089,1
6090,6090,1
6091,6091,1
6092,6092,0
6093,6093,1
6094,6094,1
6095,6095,1
6096,6096,1
6097,6097,1
6098,6098,1
6099,6099,1
6100,6100,1
6101,6101,1
6102,6102,1
6103,6103,1
6104,6104,1
6105,6105,1
6106,6106,1
6107,6107,1
6108,6108,1
6109,6109,1
6110,6110,1
6111,6111,1
6112,6112,1
6113,6113,0
6114,6114,0
6115,6115,1
6116,6116,0
6117,6117,0
