,Unnamed: 0,epsilon_x opt,epsilon_y opt,epsilon_z opt,exfoliation_en,e_form,gap tbmbj,epsilon_x tbmbj,epsilon_y tbmbj,epsilon_z tbmbj,gap opt
0,0,10.3295,10.3295,7.0367,63.59383333333302,-0.624,,,,,0.0341
1,1,4.7325,5.6477,2.6267,134.86375000000007,0.16,,,,,0.7467
2,2,6.4357,5.2377,3.0069999999999997,43.114666666666864,-2.231,,,,,0.0023
3,3,9.3915,9.3915,4.2669,240.7154875,0.24,,,,,0.0266
4,4,2.7367,2.7367,2.0162,67.44283333333368,-2.245,,,,,0.0484
5,5,2.303,2.4367,2.2339,66.30685000000014,-1.306,4.3469999999999995,2.0666,2.1851,1.9995,2.2826
6,6,2.3318,2.4729,2.2521,45.9423750000001,-2.04,,,,,1.8234
7,7,37.3468,37.3472,3.5319,89.47600000000034,-0.04,0.0203,39.0126,43.907,3.3777,0.5289
8,8,2.8944,2.8944,2.7008,36.73083333333338,-1.7690000000000001,,,,,1.3309
9,9,2.1019,2.3753,1.8636,76.13090000000078,-0.598,,,,,1.1115
10,10,,,,62.79912499999973,-1.5519999999999998,,,,,
11,11,26.5044,26.5044,3.2882,57.381499999999974,-1.768,,,,,0.0132
12,12,15.700999999999999,9.585,2.0206,1.6598333333330828,-0.925,,,,,1.3905
13,13,2.0382,2.0382,2.0954,88.70622750000003,-0.11599999999999999,,,,,1.9771
14,14,16.7072,16.7072,2.6201,85.1118666666666,0.102,,,,,0.0281
15,15,2.9142,2.9246,2.3904,74.06065000000028,-0.698,1.224,2.7887,2.8445,2.2781,1.1027
16,16,2.847,2.6254,2.2545,42.066166666666405,-1.726,2.123,2.6185,2.4318,2.1158,1.9056
17,17,1.9965,1.9948,1.8948,77.39025,-0.752,3.4241,1.8747,1.8709,1.6458,2.8824
18,18,7.6242,7.6242,5.4266,44.368500000000026,-1.0590000000000002,,,,,0.07400000000000001
19,19,2.0545,2.0545,1.9386,92.2688749999998,-1.381,,,,,2.8984
20,20,28.6941,25.369,5.336,80.4718750000002,-0.26899999999999996,,,,,0.0081
21,21,12.9578,12.9578,2.5256,81.84250000000004,-0.217,,,,,0.019
22,22,1.4121,1.3904,1.4634,68.47100000000061,-2.362,,,,,2.7324
23,23,14.1627,14.1627,2.0511,66.60233333333298,-0.925,,,,,1.4092
24,24,2.3341,2.3263,2.1986,81.01406249999998,-0.667,3.4053,2.0267,2.0242,1.8498,2.998
25,25,2.0335,2.0335,2.0131,37.0238333333326,-3.091,,,,,2.6996
26,26,1.6784,1.6784,1.7464,70.60972727272753,-1.9169999999999998,,,,,4.0791
27,27,1.8997,1.8997,1.8105,87.05199999999991,-1.882,,,,,3.21
28,28,10.3175,16.3776,1.6877,68.94950000000044,-0.752,0.0051,11.8111,35.4298,1.6746,0.0161
29,29,19.8793,21.8199,3.3356,113.1188333333335,-0.6920000000000001,,,,,0.0075
30,30,4.4729,4.4729,3.5123,25.958624999999905,0.063,,,,,0.9862
31,31,2.9013,2.9013,5.9349,49.87433333333336,0.214,,,,,0.0087
32,32,11.7028,11.7028,1.6914,58.829666666667,-2.2880000000000003,,,,,0.1437
33,33,1.6941,1.6941,2.2018,49.33549999999976,-0.09300000000000001,,,,,0.9469
34,34,1.942,1.942,2.0512,161.29653333333314,-0.485,,,,,1.9231
35,35,26.9886,26.9886,8.6294,400.6573333333332,0.026000000000000002,,,,,0.0579
36,36,11.9162,11.9166,6.2042,66.03520000000086,-1.093,,,,,0.0542
37,37,2.1592,2.4597,1.9728,90.85875000000021,-1.025,3.3201,1.9308,2.1493,1.7758,2.0905
38,38,4.6211,4.6211,3.1155,36.148499999999906,-1.419,,,,,0.0476
39,39,2.0269,2.0269,1.6711,110.77446153846138,-0.943,2.9786,1.8261,1.8259999999999998,1.5395,2.6803
40,40,11.7419,7.6448,2.4614,70.2695999999996,-1.281,,,,,0.0232
41,41,16.877,16.877,11.6213,49.72449999999995,-0.35100000000000003,,,,,0.008
42,42,28.9687,28.9687,2.9923,81.66794999999995,-0.018000000000000002,0.0031,118.825,117.4402,3.472,0.025
43,43,21.0765,21.0822,2.3198,80.01143333333304,-1.025,,,,,0.1738
44,44,,,,89.67209999999982,-1.172,,,,,
45,45,39.1862,39.1861,11.4886,43.28366666666695,-0.97,0.0009,120.2425,62.9081,27.5234,0.0522
46,46,9.7248,9.7248,7.3142,72.76900000000009,-0.7290000000000001,,,,,0.0867
47,47,14.2705,14.2705,8.1382,83.87628000000014,-0.16399999999999998,,,,,0.0178
48,48,2.4738,2.4738,2.2519,84.6315125,-0.004,,,,,1.8869
49,49,9.4178,9.4178,2.1991,85.46425000000025,-0.5,,,,,0.0374
50,50,2.6497,2.6497,2.4622,35.227500000000404,-1.983,,,,,2.4043
51,51,16.2078,25.199,2.7561,72.20308333333358,-0.40299999999999997,,,,,0.968
52,52,2.1597,1.864,1.9869999999999999,39.95116666666654,-2.91,,,,,3.2365
53,53,11.5718,6.8659,2.529,65.55280000000029,-0.316,,,,,1.2131
54,54,2.5865,2.7959,2.5026,39.206666666665946,-2.674,1.8598,2.6082,2.8268,2.4844,1.9939
55,55,1.661,1.6578,1.4719,140.2239999999999,-1.9080000000000001,,,,,3.1428
56,56,1.5508,1.5508,1.5392,77.91661666666666,-1.0859999999999999,,,,,4.3192
57,57,8.6822,8.6822,1.7738,72.44275,-1.59,,,,,0.0801
58,58,3.3891,3.3891,3.3439,40.33816666666734,-1.499,,,,,1.0297
59,59,25.5838,22.673000000000002,4.3943,317.5542833333332,0.254,,,,,0.0051
60,60,2.75,2.75,2.4768,34.444000000000585,-1.949,,,,,1.9126
61,61,11.7614,11.7614,3.4192,250.88752222222243,0.042,,,,,0.039
62,62,5.0528,5.0528,2.8787,78.65685000000022,-0.066,1.2395,5.3728,5.3709,3.1261,0.8731
63,63,8.4863,8.3397,2.7738,96.06600000000044,-1.167,,,,,0.0206
64,64,4.038,3.1097,1.7546,591.1875555555561,0.003,0.1513,12.3257,-6.0508,2.0563,0.0583
65,65,7.0736,7.0736,2.5776,83.18559999999997,0.003,,,,,0.1046
66,66,10.225,10.225,7.689,72.30686000000031,-0.126,,,,,0.8452
67,67,,,,39.4439999999996,-1.18,,,,,
68,68,8.9223,8.9224,3.9814,52.279200000000074,-1.268,0.0644,8.9014,8.8764,4.1779,0.1908
69,69,1.4975,1.5025,1.4949,25.860000000000657,-2.952,5.4502,1.4385,1.4419,1.4172,4.4611
70,70,3.8932,3.6958,2.6676,82.05915000000007,-0.002,,,,,1.2996
71,71,2.2525,2.2313,2.0969,85.35976666666667,-1.103,,,,,3.052
72,72,1.7987,1.7974,1.7353,77.13100000000007,-1.8869999999999998,4.1728,1.6986,1.6905,1.6219,4.0673
73,73,2.2976,2.2976,2.0613,50.76100000000049,-2.793,,,,,3.8469
74,74,2.0476,2.0476,2.0278,37.42599999999996,-3.085,,,,,3.8191
75,75,1.7543,1.6606,1.6774,40.421000000000255,-3.2089999999999996,,,,,5.3471
76,76,10.4576,11.6978,2.5999,57.60509999999997,-0.23600000000000002,0.0256,18.4082,21.601,2.549,0.0419
77,77,6.2952,15.1685,1.7209,70.15683333333334,-0.772,0.0282,10.2452,55.5577,1.9606,0.0076
78,78,1.9433,1.9433,1.5808,571.6572,0.875,,,,,0.0202
79,79,50.1586,50.1586,13.0956,60.31066666666707,-0.385,,,,,0.0022
80,80,2.8042,3.1111,2.0849,132.96399999999986,0.027000000000000003,,,,,1.3176
81,81,21.4301,21.4295,7.5446,57.52449999999998,-0.905,,,,,0.0228
82,82,20.7942,20.7942,1.8304,76.94366666666718,-0.7879999999999999,,,,,0.6285
83,83,41.8338,41.8338,1.6394,582.8843499999998,1.068,,,,,0.0102
84,84,4.5899,4.2193,3.3406,78.52966666666683,0.026000000000000002,,,,,1.4016
85,85,18.2885,18.2885,1.5135,493.944575,1.054,,,,,0.0146
86,86,32.8228,32.8228,3.5178,102.65783333333276,-0.214,,,,,0.0226
87,87,,,,64.13899999999995,-1.331,,,,,
88,88,4.4588,4.4588,2.9468,88.0183333333342,-0.33,,,,,0.1599
89,89,1.4844,1.4844,1.3283,76.45199999999973,-1.515,,,,,1.2173
90,90,1.6624,1.6624,1.5547,75.81966666666685,-3.3160000000000003,6.2266,1.6098,1.6095,1.5086,2.1852
91,91,2.4576,1.6944,3.7779,847.9855600000003,-0.39399999999999996,,,,,0.0295
92,92,1.9659,1.9659,1.8695,75.23144333333335,-0.809,,,,,3.2479
93,93,1.9637,1.9637,1.8673,75.79157833333333,-0.809,3.8447,1.8111,1.8176,1.6944,3.2484
94,94,2.6076,3.5072,2.1424,87.60257500000002,-0.36200000000000004,,,,,1.8951
95,95,6.6092,4.8701,3.6802,58.53462500000007,-0.986,,,,,0.0343
96,96,3.8502,5.7582,2.4643,111.75575000000038,0.11199999999999999,,,,,0.848
97,97,1.6062,1.6421,1.8002,245.36814285714303,-2.441,,,,,3.1074
98,98,9.5614,9.548,6.5749,205.38953333333333,-0.348,,,,,0.0862
99,99,3.3229,3.3229,2.873,221.50642857142878,-1.868,0.7251,3.0029,3.0052,2.5622,0.5558
100,100,20.043,19.9643,1.6518,464.33633333333285,0.092,,,,,0.217
101,101,1.3958,1.5323,1.4489,136.5129999999999,-0.025,,,,,1.2378
102,102,20.7524,20.7524,11.4611,1604.0382857142856,-1.063,,,,,0.0146
103,103,7.7061,7.7061,5.5238,45.92944999999993,-0.187,1.4241,4.687,4.6858,4.0087,0.5378
104,104,4.5306,4.0661,2.5351,128.90484999999984,-0.414,,,,,1.5751
105,105,18.048,18.0481,9.8581,71.7171999999997,0.064,,,,,0.7472
106,106,3.5037,3.4592,2.8305,55.688124999999644,-1.2690000000000001,,,,,1.2087
107,107,8.5711,8.5711,3.2334,67.29823333333364,-0.21899999999999997,,,,,0.0314
108,108,1.7275,1.7275,1.4979,87.45933333333332,-1.515,3.0525,1.6404,1.6411,1.4319,2.6399
109,109,3.1074,2.9098,2.2396,80.67774999999955,0.41100000000000003,,,,,2.066
110,110,3.0904,3.2046,2.5351,151.9247374999999,-0.34299999999999997,2.4046,2.517,2.5662,2.1319999999999997,1.7152
111,111,1.8669,2.3424,2.1576,96.57843333333328,-0.135,,,,,1.8769
112,112,1.9548,1.9548,1.3693,181.1937675,-0.06,,,,,1.1631
113,113,15.9257,9.7674,2.5249,98.21425000000029,-0.79,,,,,0.0014
114,114,1.8243,1.7752,1.6901,82.25175000000019,-2.294,4.0538,1.7744,1.7099,1.6714,3.909
115,115,6.1641,6.1641,2.1024,46.238428571428784,-2.068,,,,,0.1054
116,116,6.0043,6.0043,2.7848,66.8578000000002,-1.065,,,,,0.0401
117,117,23.9401,23.9401,5.1268,54.80574999999988,-1.4569999999999999,,,,,0.1019
118,118,2.1912,2.1912,1.8113,45.28120000000069,,0.0247,3.3629,3.3661,1.7718,0.107
119,119,2.1077,2.4487,2.2553,65.8954444444444,-0.21600000000000003,2.1596,1.9814,2.215,2.1862,1.7775
120,120,1.7131,1.4047,1.3032,135.73166666666657,0.48100000000000004,,,,,2.1703
121,121,1.0614,1.5029,1.0595,213.55706666666663,0.085,,,,,3.0112
122,122,1.4774,1.4774,1.5246,33.91985714285717,-2.122,4.0234,1.4815,1.4814,1.4824,2.5227
123,123,11.753,11.753,2.0695,65.11159999999938,-0.7929999999999999,,,,,0.0202
124,124,4.0623,4.0623,3.1133,105.22520000000002,-0.39899999999999997,2.0203,3.5860000000000003,3.5819,2.803,1.6457
125,125,10.6175,9.8764,2.9373,92.57233333333393,-1.163,,,,,0.0073
126,126,3.6058,3.7816,3.574,35.45787500000053,-2.02,0.917,3.5888,3.825,3.5354,0.8725
127,127,43.1056,43.1056,15.1049,52.76099999999939,,0.0018,138.0291,134.8854,31.6818,0.0342
128,128,2.8799,2.68,2.8109,95.85414999999963,-0.9359999999999999,1.7114,2.5497,2.4427,2.4874,1.4611
129,129,4.4979,4.2377,2.5781,78.16296666666656,-0.602,,,,,1.1372
130,130,2.0135,2.0135,1.9591,35.057333333333496,-3.285,4.8202,1.8997,1.9011,1.8266,4.4197
131,131,1.8814,1.946,1.7076,177.25290000000004,-1.9380000000000002,4.7519,1.6508,1.7008,1.5314,1.8057
132,132,2.9643,2.9643,2.7842,45.271999999999764,-1.859,2.8706,2.8678,2.8688,2.5908,2.6789
133,133,,,,65.97091249999998,-0.278,,,,,
134,134,3.0317,3.0317,2.5824,92.92850000000018,-1.03,,,,,0.0801
135,135,23.1684,23.1684,3.1431,101.17833333333336,-0.735,,,,,0.2159
136,136,4.4362,4.4362,2.6392,107.57923333333297,-0.272,,,,,1.3617
137,137,13.4135,13.4135,2.8226,96.41066666666643,-0.708,,,,,0.1358
138,138,,,,250.03606249999996,-0.24100000000000002,,,,,
139,139,2.506,2.506,2.1034,83.2788666666664,-0.35700000000000004,,,,,1.5529
140,140,3.0626,3.0626,2.1336,88.91933333333313,-1.597,,,,,1.2421
141,141,36.9276,36.9276,12.7798,946.4379999999996,-1.0090000000000001,,,,,0.0257
142,142,24.3189,24.3243,8.014,57.25087499999981,-0.9740000000000001,,,,,0.0078
143,143,19.9716,17.0957,7.7809,57.90412499999942,-1.166,,,,,0.0045
144,144,,,,1002.0007499999997,0.765,,,,,
145,145,,,,95.66425000000044,-0.745,,,,,
146,146,1.5034,1.5034,1.3822,499.20775,-1.024,,,,,2.8797
147,147,3.3766,3.3766,2.3639,75.37180000000009,-0.444,,,,,1.6513
148,148,3.0587,3.0587,2.2796,77.70775000000008,-0.466,,,,,1.7672
149,149,3.0804,3.0804,2.2865,77.55054999999976,-0.466,,,,,1.7897
150,150,2.5031,2.4949,1.3904,145.06616666666702,-0.171,,,,,1.2821
151,151,3.1788,3.1788,2.7779,88.5220000000002,-0.73,,,,,0.1714
152,152,,,,82.7905909090907,0.731,,,,,
153,153,2.0913,2.0215,1.8538,104.6412142857145,-0.044000000000000004,,,,,1.5652
154,154,,,,81.40550000000069,-1.18,,,,,
155,155,,,,54.29000000000084,-1.213,,,,,
156,156,1.7864,1.5633,1.5683,85.99066666666609,-0.585,,,,,1.1565
157,157,4.0103,4.0103,2.4969,80.23699999999945,-0.591,,,,,1.446
158,158,5.5521,4.3898,3.3716,58.41349999999989,-1.045,,,,,0.0245
159,159,5.7596,5.7595,2.4789,91.88233333333427,-1.0390000000000001,,,,,0.0988
160,160,17.3175,8.5861,3.4413,100.42208333333357,-0.242,,,,,0.0086
161,161,3.7758,3.7758,2.4454,79.63433333333381,-0.465,,,,,1.3336
162,162,4.1888,4.0435,3.2034,71.43224999999953,0.013999999999999999,0.24100000000000002,1.0,1.0,1.0,1.808
163,163,,,,109.77216666666666,-0.61,,,,,
164,164,2.6571,2.6571,2.4519,58.41826250000004,-0.523,,,,,1.8729
165,165,3.1692,3.1692,2.8549,87.1546666666667,-1.0590000000000002,,,,,0.0823
166,166,,,,85.90374999999996,-1.146,,,,,
167,167,,,,50.566833333333776,-0.222,,,,,
168,168,14.3415,14.3415,2.5696,85.56324999999988,-0.20199999999999999,,,,,0.0238
169,169,17.1627,17.1627,8.5067,47.499999999999865,-0.41,,,,,0.0166
170,170,4.0399,4.0399,2.3786,95.44433333333302,-1.306,,,,,0.0488
171,171,,,,74.82075000000022,-0.643,,,,,
172,172,1.8661,1.8661,1.6412,100.68399999999977,-1.328,,,,,3.1315
173,173,,,,168.46266666666662,-0.188,,,,,
174,174,,,,90.236,0.059000000000000004,,,,,
175,175,6.3444,6.3444,2.4654,89.71833333333291,-1.331,,,,,0.0895
176,176,,,,143.57175,-0.327,,,,,
177,177,8.9585,8.9585,2.6799,94.4846666666672,-1.068,,,,,0.0189
178,178,3.5074,3.5074,2.7815,98.26599999999974,-0.764,,,,,0.0582
179,179,,,,75.87883333333333,0.32299999999999995,,,,,
180,180,3.7882,3.7882,2.4359,76.27233333333281,-0.8190000000000001,,,,,1.3372
181,181,,,,70.53064999999981,-0.28600000000000003,,,,,
182,182,9.8961,6.742000000000001,2.9383,84.89891666666605,0.012,,,,,0.0101
183,183,,,,196.30610833333336,-0.373,,,,,
184,184,,,,211.1025666666664,-0.035,,,,,
185,185,2.4201,2.4201,2.2718,87.35653333333332,-0.5710000000000001,,,,,2.639
186,186,2.4801,2.4801,2.3253,88.93356666666668,-0.5710000000000001,,,,,2.6386
187,187,,,,200.2513666666665,-0.16699999999999998,,,,,
188,188,2.0734,2.0734,2.0089,75.37302749999998,-0.18,,,,,1.6657
189,189,,,,55.68093333333346,-1.544,,,,,
190,190,2.992,2.6208,2.4507,124.3515833333333,-0.382,,,,,1.5463
191,191,3.1629,3.1887,2.661,236.6321,-0.10099999999999999,,,,,1.189
192,192,,,,101.70320000000021,-0.151,,,,,
193,193,3.028,2.7434,1.9502,217.4879166666668,-0.218,,,,,1.8501
194,194,,,,200.95743333333328,-0.171,,,,,
195,195,,,,124.94709999999998,-0.254,,,,,
196,196,,,,61.94083333333322,-0.53,,,,,
197,197,1.2537,1.2537,1.141,108.17792500000013,-0.8440000000000001,,,,,4.7605
198,198,2.2668,2.2668,2.2133,109.31456666666672,-0.125,,,,,1.7517
199,199,15.7542,15.7542,2.4458,72.34425,-0.615,,,,,1.0017
200,200,1.8968,1.8968,1.8,82.05643333333335,-1.044,,,,,3.7951
201,201,1.4259,1.4259,1.3952,63.48626666666668,-1.9180000000000001,6.8543,1.4052,1.4041,1.3694,3.62
202,202,1.3481,1.3481,1.1773,125.35922499999997,-0.35600000000000004,,,,,3.8083
203,203,4.5903,4.5903,1.9078,67.41090000000004,-0.674,,,,,0.0673
204,204,1.4079,1.3142,1.4062,96.06956250000007,-0.57,,,,,1.9680000000000002
205,205,4.3704,2.9739,2.2565,111.2315625,-0.7070000000000001,,,,,0.0198
206,206,1.574,1.7284,1.6907,77.782625,-0.619,,,,,1.3892
207,207,2.7430000000000003,2.7430000000000003,2.4556,97.59346249999994,-0.249,,,,,2.2019
208,208,1.5216,1.5295,1.4629,100.0521875,-1.035,,,,,1.0686
209,209,4.5654,2.6039999999999996,2.0852,99.68656249999985,-0.218,,,,,0.0914
210,210,11.7465,3.3732,1.939,95.03100000000008,-0.47100000000000003,,,,,0.2715
211,211,1.8074,2.0191,1.9252,89.14668749999998,-0.342,,,,,2.5402
212,212,2.7183,2.5887,2.2831,110.96958333333305,-0.501,,,,,1.2819
213,213,,,,43.94098750000008,-0.214,,,,,
214,214,,,,221.4786,-0.244,,,,,
215,215,,,,96.40375000000034,0.61,,,,,
216,216,,,,94.55812500000029,0.7509999999999999,,,,,
217,217,1.2086,1.212,1.1953,39.654850000000245,0.038,,,,,4.0426
218,218,2.9579,3.0980000000000003,1.5917,166.23558333333358,-0.092,,,,,1.4367
219,219,,,,61.320833333333276,0.09300000000000001,,,,,
220,220,,,,114.36422222222208,0.095,,,,,
221,221,8.2532,6.4712,3.8177,337.876975,-0.395,,,,,0.0081
222,222,2.8088,2.8088,2.6863,56.22477500000001,-0.65,,,,,2.4492
223,223,,,,59.974333333334684,-3.02,,,,,
224,224,,,,54.228666666666925,-1.6840000000000002,,,,,
225,225,19.908,19.908,3.6436,172.01489999999995,-0.040999999999999995,,,,,0.0037
226,226,,,,70.59610000000015,-0.13699999999999998,,,,,
227,227,,,,82.83173333333372,-0.175,,,,,
228,228,1.6016,1.4416,1.5735,109.67060000000006,-0.237,,,,,3.332
229,229,,,,69.42130000000013,-0.88,,,,,
230,230,,,,68.52220000000031,-1.0170000000000001,,,,,
231,231,,,,88.64803749999994,-0.509,,,,,
232,232,8.3811,8.3811,4.0723,52.18724999999935,-1.307,,,,,0.0491
233,233,1.9172,1.682,1.6837,83.9889166666663,-0.537,,,,,2.5522
234,234,,,,51.953000000000145,-1.4480000000000002,,,,,
235,235,,,,93.97707142857126,-0.015,,,,,
236,236,17.864,17.864,3.3689999999999998,92.34013333333336,0.187,,,,,0.0326
237,237,,,,69.52256249999999,-1.083,,,,,
238,238,6.327999999999999,5.0787,2.8411,101.53795833333322,-0.066,,,,,0.8813
239,239,7.38,6.2439,3.0393,106.9255583333334,0.055,,,,,0.9226
240,240,1.9865,1.8639,1.6119999999999999,101.22328571428608,0.28,,,,,1.5079
241,241,,,,77.68725625000006,-0.217,,,,,
242,242,17.5872,17.5872,2.1104,79.07762500000005,-0.725,,,,,1.1182
243,243,,,,75.92923333333346,-1.036,,,,,
244,244,6.2303,5.8115,3.3086,44.69833333333284,-1.222,,,,,0.1883
245,245,,,,58.42947500000007,-1.195,,,,,
246,246,,,,388.0054285714288,0.086,,,,,
247,247,,,,53.753457142857286,-0.141,,,,,
248,248,,,,77.94577777777789,0.359,,,,,
249,249,,,,108.49149999999952,0.615,,,,,
250,250,,,,195.64316666666667,-2.285,,,,,
251,251,2.0303,2.0298,1.8955,105.43426666666677,-0.853,,,,,2.918
252,252,4.173,3.9964,2.8226,138.26554999999985,-0.2,,,,,1.0518
253,253,,,,66.7030999999998,-1.435,,,,,
254,254,18.2649,18.2649,1.8527,73.31599999999972,-1.22,,,,,0.0212
255,255,3.6493,3.6493,2.3041,76.9906666666662,-0.885,,,,,1.6582
256,256,2.2345,2.2345,1.766,72.04162500000022,-1.3530000000000002,,,,,0.7342
257,257,,,,71.8506875,-1.371,,,,,
258,258,2.3138,2.3138,2.1422,84.25661666666662,-0.49700000000000005,,,,,1.4251
259,259,,,,87.00637777777777,-0.358,,,,,
260,260,2.9838,2.9838,2.8310000000000004,40.86980000000029,-2.1069999999999998,,,,,0.0212
261,261,,,,142.13110000000032,-0.792,,,,,
262,262,3.1999,3.1808,2.8839,60.997035714285715,-0.47100000000000003,,,,,1.9944
263,263,5.6164,6.2209,3.4768,107.82236111111088,-0.255,,,,,0.7358
264,264,3.2441,3.2441,2.2126,98.59840000000021,-1.256,,,,,0.0655
265,265,9.645,12.6924,3.5012,94.8680499999992,-0.35100000000000003,,,,,0.6459999999999999
266,266,,,,122.45621428571462,0.133,,,,,
267,267,,,,96.67024999999985,0.052000000000000005,,,,,
268,268,21.6771,21.7616,2.3395,54.97749999999967,-0.536,,,,,0.0538
269,269,14.9804,14.9804,5.4343,78.33959999999963,-0.511,,,,,0.0527
270,270,,,,72.97981818181798,-1.187,,,,,
271,271,,,,115.6756875,-1.834,,,,,
272,272,,,,94.75181818181831,-0.368,,,,,
273,273,12.7695,12.7695,3.1054,74.87250000000013,-0.012,,,,,0.0754
274,274,2.6877,2.7443,2.4967,95.51380555555555,-0.261,,,,,1.579
275,275,2.2721,2.3511,2.1647,89.9213666666666,-0.514,,,,,1.538
276,276,1.6857,1.656,1.6437,71.62399999999991,-1.805,,,,,4.1065
277,277,3.0918,2.9784,2.5738,81.66932500000001,-0.405,,,,,1.8702
278,278,,,,94.03814666666666,-0.158,,,,,
279,279,,,,90.77393333333349,-1.093,,,,,
280,280,4.1222,4.1222,2.5598,97.52918181818205,-0.467,,,,,0.0259
281,281,,,,46.4247499999999,0.094,,,,,
282,282,20.6825,20.6825,7.1628,423.69233333333335,-0.081,,,,,0.0356
283,283,,,,72.97218181818232,-1.2690000000000001,,,,,
284,284,14.1437,14.1437,2.1731,75.46296666666662,-0.209,,,,,0.0632
285,285,1.8908,1.8908,1.8803,42.20280000000053,-1.314,,,,,2.9165
286,286,,,,88.21197222222233,-0.309,,,,,
287,287,1.3209,1.3323,1.3442,131.39466666666655,-0.259,2.0451,1.3033,1.3096,1.3233,1.5843
288,288,,,,37.02783333333315,-1.796,,,,,
289,289,1.7056,1.6658,1.6534,120.51408749999992,-0.5579999999999999,,,,,2.8935
290,290,2.9594,2.9594,2.1665,71.89859999999993,-0.5529999999999999,,,,,2.0904
291,291,3.3582,3.3581,2.2357,87.80081818181795,-0.892,0.9761,3.1777,3.1787,2.112,0.8812
292,292,4.1138,4.1138,2.6098,81.93260000000002,-0.19,,,,,1.5219999999999998
293,293,4.9039,4.928,2.7569,83.18912500000009,-0.278,,,,,1.079
294,294,2.4,2.4111,1.9646,178.34704166666683,-0.261,,,,,0.9448
295,295,,,,41.45966666666646,-1.443,,,,,
296,296,4.2139,2.9388,2.4372,67.6610000000002,-1.392,,,,,0.0455
297,297,8.0892,8.0892,2.7578,108.003333333333,-0.735,,,,,0.0715
298,298,,,,250.82136,0.012,,,,,
299,299,25.374000000000002,25.3741,3.0014,87.05149999999983,-0.054000000000000006,,,,,0.7299
300,300,5.9761,5.9761,2.951,144.3219,-0.22699999999999998,,,,,0.6903
301,301,,,,51.866999999999656,-0.887,,,,,
302,302,2.7389,2.7389,1.1812,70.35500000000106,0.069,,,,,0.531
303,303,3.5382,3.5382,3.0712,91.5298333333334,-0.73,,,,,0.1711
304,304,,,,67.22335000000035,-0.38299999999999995,,,,,
305,305,4.8427,4.7711,3.0993,75.10066666666759,-0.305,,,,,1.2467
306,306,6.7004,6.5048,2.6763,89.5693333333334,-1.331,,,,,0.1123
307,307,13.6809,16.6955,2.3689,89.42516666666747,-0.61,,,,,0.0007
308,308,10.7282,10.7282,2.193,130.84974999999991,-0.08800000000000001,,,,,0.0306
309,309,27.4388,27.4388,5.2547,51.924399999999864,-0.887,,,,,0.0032
310,310,4.8756,4.8756,2.8048,90.98100000000065,-0.15,,,,,1.2289
311,311,14.6727,14.6727,2.6752,75.92125000000037,-0.225,,,,,0.0824
312,312,2.0268,2.0218,1.8876,117.8366875000001,-0.045,,,,,1.8198
313,313,2.2861,2.2861,1.5399,84.50833333333341,-0.501,,,,,1.7882
314,314,14.6229,14.1734,3.0810000000000004,74.69649999999993,-0.16399999999999998,,,,,0.434
315,315,,,,626.81875,-1.023,,,,,
316,316,3.2138,3.2138,2.4303,93.47436666666687,-0.24100000000000002,,,,,0.7311
317,317,,,,152.65027500000005,-0.33,,,,,
318,318,10.019,10.0189,2.8174,83.77800000000012,-0.626,,,,,0.0512
319,319,2.6087,2.3833,2.1733,66.6280833333337,-0.941,,,,,1.5861
320,320,4.2953,4.2953,2.5921,74.43899999999992,-0.109,,,,,0.9034
321,321,5.4761,5.4761,3.1691,124.91824999999969,-0.259,,,,,1.1351
322,322,3.9604,3.9604,2.1246,57.782666666666316,-0.7609999999999999,,,,,1.2526
323,323,,,,86.24066666666685,-0.092,,,,,
324,324,4.4787,4.4636,2.5810000000000004,79.8146666666666,-0.365,,,,,1.2421
325,325,22.5458,22.5548,7.6101,57.27412500000018,-0.963,,,,,0.013000000000000001
326,326,9.7299,7.5676,2.9638,86.87049999999985,-0.142,,,,,0.0045
327,327,,,,107.71333333333376,-0.536,,,,,
328,328,5.5816,5.5816,3.2827,79.55033333333274,-0.591,,,,,1.4464
329,329,4.6316,4.6316,3.5822,94.055,-0.764,,,,,0.0579
330,330,3.6128,3.6128,2.3109,95.49350000000034,-0.32,,,,,1.2587
331,331,31.8216,31.8216,4.7603,49.96840000000002,-0.961,,,,,0.0389
332,332,10.3296,10.3296,3.2869,202.39216666666678,-0.11,,,,,0.0338
333,333,7.9236,7.9236,2.97,199.71949999999958,-1.39,,,,,0.0087
334,334,2.2984,2.2984,1.5444,79.79266666666662,-0.5,,,,,1.788
335,335,3.3558,3.3558,2.9224,90.69241666666716,-0.73,,,,,0.1705
336,336,1.6183,1.6183,1.2833,58.904499999999686,-1.314,5.9168,1.4819,1.4817,1.2556,4.4818
337,337,1.8117,1.8117,1.3514,499.8254499999999,-0.07200000000000001,,,,,2.2686
338,338,2.8793,2.8793,2.2677,69.55804999999992,-0.649,,,,,2.0123
339,339,,,,83.68149999999997,-0.73,,,,,
340,340,5.7129,5.7129,3.0988,138.2427500000001,-0.267,,,,,1.1186
341,341,3.48,3.48,2.4617,106.04866666666668,-0.38,,,,,1.6483
342,342,,,,69.10380000000015,-0.38299999999999995,,,,,
343,343,,,,57.23700000000021,-0.9390000000000001,,,,,
344,344,31.666999999999998,18.779,9.151,69.04037500000015,-0.9009999999999999,,,,,0.0015
345,345,3.1173,3.1173,3.2265,35.419285714286104,-1.013,,,,,1.4105
346,346,5.0469,4.833,3.1812,74.42458333333323,-0.631,,,,,1.2587
347,347,11.2393,11.2393,2.8215,86.27500000000056,-0.879,,,,,0.1274
348,348,,,,100.85234374999996,-0.313,,,,,
349,349,,,,58.414125000000546,-0.986,,,,,
350,350,1.3978,1.3978,1.1718,71.33599999999961,-1.314,,,,,4.3585
351,351,2.8354,2.8354,2.0627,86.83066666666582,-1.618,,,,,1.3456
352,352,3.6258,3.6258,2.2692,92.048666666666,-1.291,,,,,0.6935
353,353,,,,57.084850000000074,-0.645,,,,,
354,354,3.5302,3.3657,2.8593,55.48950000000019,-1.3019999999999998,,,,,1.2371
355,355,,,,8.219500000000046,-0.087,,,,,
356,356,,,,96.62900000000008,-0.998,,,,,
357,357,,,,82.33586666666693,-0.35700000000000004,,,,,
358,358,,,,70.1007916666665,-0.062,,,,,
359,359,3.0519,4.4231,2.0532,111.62375000000013,0.11199999999999999,,,,,0.8485
360,360,10.2299,8.0607,3.0945,86.84158333333336,-0.142,,,,,0.0018
361,361,2.6069999999999998,2.6069999999999998,2.6362,88.80982350000002,0.066,,,,,1.7468
362,362,5.9565,5.9565,2.1856,74.28426666666654,-0.36200000000000004,,,,,0.017
363,363,,,,124.7999666666667,-0.33399999999999996,,,,,
364,364,1.5552,1.5552,2.4098,585.9625474999999,-0.653,,,,,2.6514
365,365,2.0592,2.2026,1.9093,65.07816666666687,-2.233,,,,,3.0363
366,366,1.9964,1.9964,2.1998,94.14066666666665,-1.274,,,,,0.9843
367,367,5.4413,3.375,3.5548,98.01757142857159,-0.258,1.6588,4.4926,3.0039,3.2191,1.3698
368,368,2.5417,2.542,3.057,250.75367499999993,-0.33299999999999996,0.0313,2.5133,2.5388,3.1682,0.0674
369,369,1.6998,1.6998,1.6284,69.31274999999992,-2.131,,,,,3.7843
370,370,4.9311,3.6826,2.6033,41.27266666666696,-1.4569999999999999,,,,,0.2911
371,371,1.3191,1.3191,1.6112,47.729799999999045,-3.293,,,,,2.396
372,372,,,,57.28571428571438,-0.125,,,,,
373,373,1.9559,1.9297,1.7426,221.35380000000012,-1.1420000000000001,3.7173,1.7930000000000001,1.7823,1.6202,1.6031
374,374,2.1357,2.9233,2.1698,96.31970000000014,0.046,,,,,1.7396
375,375,18.9654,22.258000000000003,5.3887,39.039999999999964,-1.8780000000000001,,,,,0.0107
376,376,2.4019999999999997,2.4099,1.9691,81.28793749999997,-0.214,,,,,1.7969
377,377,2.7371,2.737,2.1573,80.67312500000013,-0.369,,,,,1.4866
378,378,2.6541,3.5432,2.119,165.89932500000003,0.09300000000000001,,,,,1.2922
379,379,1.6219,1.6219,1.5723,71.92963333333323,-1.524,,,,,4.6465
380,380,4.4356,3.5097,2.3621,39.39566666666661,-1.625,,,,,0.2527
381,381,2.1913,1.5915,1.8223,73.84700000000022,-0.669,,,,,0.0153
382,382,3.3404,3.3404,2.5341,104.20819999999998,-0.501,,,,,1.8173
383,383,2.4156,2.4156,2.051,71.04700000000008,-1.327,,,,,2.8983
384,384,2.0506,2.0029,1.8668,90.03875000000015,-1.895,3.2056,1.9807,1.9606,1.7926,1.6259
385,385,9.2043,9.2043,1.9696,74.12623333333323,-0.684,,,,,0.5181
386,386,1.2538,1.2538,1.3759,102.40815999999997,-1.805,,,,,2.5125
387,387,22.6123,22.6096,2.4239,73.5888,-0.299,,,,,0.034
388,388,17.1969,17.1957,2.0934,66.0324333333333,-0.5579999999999999,,,,,1.328
389,389,3.8961,3.8961,1.9622,69.38333333333358,-1.693,,,,,1.1973
390,390,11.3838,11.3838,7.6275,71.80289999999978,-0.126,,,,,0.2112
391,391,,,,71.89406249999995,-0.59,,,,,
392,392,3.4853,3.6274,2.369,93.94533333333356,-0.435,,,,,1.2309
393,393,3.5535,2.9912,2.7444,45.263000000000275,-1.499,1.8691,3.0318,2.6097,2.4297,1.425
394,394,3.7949,3.7949,3.4559,110.65419999999996,-0.565,,,,,0.7654
395,395,3.7837,3.7837,2.7694,40.478600000000135,-1.642,,,,,0.9156
396,396,4.2999,5.9427,3.5324,54.492749999999646,-1.042,,,,,0.135
397,397,,,,223.3126250000001,-0.62,,,,,
398,398,10.8395,10.8395,1.7327,86.92111111111124,-0.47100000000000003,,,,,2.5423
399,399,2.3743,2.3743,2.1391,72.05383333333248,-2.057,,,,,1.6517
400,400,2.0253,2.0274,1.7166,73.51425000000012,-0.439,,,,,2.0986
401,401,,,,66.55694999999983,-1.771,,,,,
402,402,3.0658,1.7163,1.8445,255.47814999999986,-0.369,,,,,1.2272
403,403,2.2968,2.2968,2.0286,47.13916666666761,-2.8710000000000004,,,,,3.5461
404,404,,,,95.97411111111143,-0.706,,,,,
405,405,,,,232.85200000000032,-1.4069999999999998,,,,,
406,406,1.7848,1.7848,1.7168,82.42210000000007,-1.636,,,,,3.8346
407,407,2.0778,1.6682,1.6788,82.40150000000001,-0.22899999999999998,,,,,1.5645
408,408,1.7275,1.7275,1.6538,76.00554166666666,-0.809,,,,,3.2483
409,409,2.0446,2.0446,1.8582,56.607833333333524,-3.0239999999999996,,,,,4.7704
410,410,1.7462,1.7043,1.6228,81.39600000000024,-2.2880000000000003,,,,,3.9305
411,411,2.081,2.1673,2.0021,110.68334999999996,-1.015,,,,,1.5242
412,412,2.4056,2.4056,2.1719999999999997,122.62650000000086,-2.184,,,,,2.8402
413,413,8.6261,8.6261,6.4205,70.52873999999964,-0.24100000000000002,,,,,0.9087
414,414,15.0613,15.0613,2.1032,67.44563333333353,-0.5,,,,,0.3612
415,415,2.1494,2.1494,1.8088,92.21549999999979,-1.834,,,,,3.5921
416,416,2.7344,2.7344,2.5008,96.21426249999998,-0.365,,,,,2.5477
417,417,1.9072,1.8732,1.7476,87.72100000000015,-1.882,,,,,3.0413
418,418,2.5339,2.5201,2.3039,62.06466666666621,-1.66,,,,,2.0591
419,419,3.1234,3.898,2.5825,139.05244444444432,-0.866,,,,,0.0049
420,420,,,,66.30824999999962,-1.3319999999999999,,,,,
421,421,2.0780000000000003,2.0780000000000003,2.2395,100.08483333333307,-1.212,,,,,1.1428
422,422,2.7125,2.7125,2.4164,54.002833333332674,-1.875,,,,,2.8828
423,423,2.4767,2.4767,4.2158,107.36085714285713,-0.389,,,,,0.2888
424,424,,,,71.14699999999985,-0.765,,,,,
425,425,,,,64.70566666666677,-2.9939999999999998,,,,,
426,426,2.1790000000000003,2.2351,2.0186,61.175999999999675,-2.055,,,,,2.9183
427,427,1.3026,1.3026,1.3386,216.90200000000016,-1.922,,,,,2.9641
428,428,2.1303,2.1759,1.983,58.96249999999981,-2.048,,,,,3.0196
429,429,10.0634,10.0634,2.3645,82.28673333333326,-0.302,,,,,0.5088
430,430,3.3463,3.3463,2.7398,52.167333333333225,-1.025,,,,,1.3306
431,431,1.8978,1.8978,1.7495,83.85783333333308,-2.97,,,,,4.3797
432,432,1.3719999999999999,1.3719999999999999,1.3424,274.2939999999998,-1.8119999999999998,,,,,2.4189
433,433,1.5284,1.5578,1.4095,165.4331250000003,-1.341,,,,,2.4041
434,434,1.6906,1.581,1.2924,354.16726666666665,-0.49200000000000005,,,,,2.0451
435,435,1.5519999999999998,1.5521,1.5101,68.89062499999987,-2.295,,,,,4.9693
436,436,3.4267,3.4267,2.8894,96.39201250000006,-0.099,,,,,2.1813
437,437,,,,118.68168333333328,-0.33,,,,,
438,438,1.8968,1.8968,1.8207,50.294166666666314,-1.421,,,,,4.2094
439,439,1.7145,1.6526,1.3019,345.21335,-0.439,,,,,1.8239
440,440,2.7728,2.7728,2.332,56.4241666666665,-1.2009999999999998,,,,,2.5403
441,441,2.125,2.125,2.0212,48.827666666666715,-1.183,,,,,2.2289
442,442,,,,422.9121999999999,-2.094,,,,,
443,443,1.2992,1.2992,1.3412,58.65580000000037,-1.7890000000000001,4.7308,1.2923,1.2922,1.306,3.1522
444,444,1.6201,1.6201,1.3013,154.5422999999999,0.13,,,,,2.6805
445,445,1.8559999999999999,1.8559999999999999,1.7112,55.353333333333595,-2.9730000000000003,,,,,4.4114
446,446,,,,57.81717500000007,-0.322,,,,,
447,447,18.0675,18.0675,1.6737,71.72643333333363,-1.1320000000000001,,,,,0.7098
448,448,1.8477,1.8477,1.7736,82.79700000000022,-1.4509999999999998,,,,,4.2913
449,449,1.7847,1.6869,1.3087,338.35115,-0.43799999999999994,,,,,1.8952
450,450,1.7719999999999998,1.5999,1.2912,343.8386166666665,-0.496,,,,,2.0211
451,451,1.8909,1.745,1.8211,40.03583333333349,-1.416,,,,,2.7053
452,452,2.1703,1.8735,2.0594,41.80866666666681,-1.285,,,,,2.3862
453,453,25.1829,33.196999999999996,6.9753,38.934499999999865,-1.632,,,,,0.0023
454,454,7.5433,7.5433,5.5548,67.68289999999989,-0.254,,,,,0.9661
455,455,2.4336,2.2882,2.2135,55.68366666666691,-1.84,,,,,2.7731
456,456,2.0081,2.0081,1.9186,57.392166666666796,-1.235,,,,,2.3324
457,457,20.8426,30.1978,6.7057,41.33616666666651,-1.692,,,,,0.011000000000000001
458,458,9.2095,9.2095,1.7796,67.52083333333347,-0.9940000000000001,,,,,0.5854
459,459,4.0629,4.0629,3.1972,103.58033333333329,-0.265,,,,,1.6173
460,460,,,,173.22060000000005,-0.866,,,,,
461,461,1.7606,1.7606,1.3524,184.5992,0.147,,,,,1.8789
462,462,3.2833,3.2833,3.3827,68.03015,-0.43799999999999994,,,,,1.4688
463,463,2.2827,2.2827,2.0538,51.832499999999726,-2.7769999999999997,,,,,3.8624
464,464,3.9369,3.9369,2.8629,101.4872,-0.623,,,,,0.3252
465,465,3.4146,3.5069999999999997,2.4545,132.33492499999986,-0.22699999999999998,,,,,1.7433
466,466,1.6136,1.6136,1.5511,70.6344166666667,-1.045,,,,,3.8931
467,467,,,,199.21525000000042,-0.758,,,,,
468,468,6.6886,6.6885,5.4361,66.81390000000009,-0.337,,,,,0.9604
469,469,13.2539,13.2539,8.5321,78.13309999999984,-0.053,,,,,0.1167
470,470,,,,543.4708000000002,0.433,,,,,
471,471,3.9859,3.9859,2.2577,150.5481500000001,0.151,2.1790000000000003,3.1131,3.1127,1.9703,1.6152
472,472,7.0672,7.0679,2.7214,265.60800000000006,0.266,,,,,0.3004
473,473,22.4861,6.9219,4.1274,250.49415,0.275,,,,,0.0106
474,474,10.7261,5.4081,3.2038,147.1578499999999,0.313,,,,,0.001
475,475,25.3063,23.6401,2.9069,88.24750000000004,-0.33399999999999996,,,,,0.0197
476,476,2.3807,2.4593,2.2999,388.51445,-0.7070000000000001,,,,,0.1181
477,477,2.6472,2.6472,2.907,83.76100000000042,-0.24100000000000002,1.7595,2.5861,2.5847,2.8322,1.8107
478,478,1.2984,1.3381,1.158,247.88759999999942,-2.025,,,,,2.5544
479,479,1.6323,1.5567,1.5190000000000001,105.46341666666592,-1.8780000000000001,5.1075,1.5108,1.4372,1.3940000000000001,4.4647
480,480,3.2399,3.2399,2.5206,93.97281818181824,-0.271,,,,,1.2586
481,481,37.7739,37.7739,25.079,33.696250000000205,-0.073,,,,,0.012
482,482,1.6215,1.8847,1.5919999999999999,93.93691666666727,-1.235,,,,,3.6306
483,483,5.5257,4.5614,4.6036,67.01307142857127,-1.381,,,,,0.0432
484,484,3.2233,3.4722,2.2119,93.65428571428545,-1.821,0.4042,3.4332,5.7882,2.2794,0.4879
485,485,1.4532,1.4532,1.3922,48.15290909091008,-2.18,4.6884,1.386,1.3863,1.3367,4.3968
486,486,33.0657,33.0657,12.248,40.11516666666726,-2.3169999999999997,,,,,0.0845
487,487,3.9383,3.9384,3.2894,1.9179999999998645,-1.03,0.0614,3.6389,3.6359,3.0329,0.0796
488,488,20.2096,20.2096,7.6286,75.83866666666681,-1.275,0.0092,20.4233,20.454,8.1187,0.0109
489,489,16.2384,16.2384,3.6577,309.6122000000001,0.075,,,,,0.0033
490,490,16.7099,16.7099,7.7589,58.84739999999944,-0.878,0.0268,16.799,16.8065,7.9284,0.0521
491,491,13.2355,13.2355,2.9772,124.49233333333298,-0.25,0.0008,32.0103,30.4805,3.6785,0.0872
492,492,15.0908,15.0908,2.9741,50.56466666666636,-0.33399999999999996,,,,,0.1063
493,493,2.763,2.7631,1.6945,1131.4849999999994,-0.63,,,,,0.064
494,494,14.5644,14.5644,4.9353,86.28416666666672,-0.375,,,,,0.0775
495,495,16.9888,16.9888,6.6734,430.04450000000014,-1.7169999999999999,,,,,0.0098
496,496,9.8757,9.8757,1.902,73.29350000000012,-1.59,,,,,0.0812
497,497,28.0743,28.0743,2.1054,55.293999999999954,-1.22,,,,,0.0596
498,498,10.8853,13.1372,2.6944,188.7226875,-0.081,,,,,0.0677
499,499,21.3342,21.3342,8.1734,51.42549999999879,-1.39,0.0046,42.7727,42.7082,10.6982,0.0136
500,500,46.6079,46.6079,17.4103,59.930333333332094,,,,,,0.0029
501,501,15.7622,15.7622,2.184,67.14799999999954,-0.925,,,,,1.4098
502,502,28.5538,28.5538,8.7533,369.7796666666666,0.05,,,,,0.0443
503,503,27.1645,27.1645,9.1479,411.29399999999987,0.016,0.008,22.2679,22.285999999999998,8.8585,0.013999999999999999
504,504,,,,345.58724999999987,-0.262,,,,,
505,505,25.6433,25.7886,4.7281,316.5806000000001,0.253,0.0077,30.8154,31.0773,4.4052,0.0208
506,506,4.7929,4.7929,2.9701,62.388999999999584,-1.814,,,,,0.0558
507,507,2.8558,2.4994,2.1929,52.168500000000066,-1.5959999999999999,3.449,2.1465,1.9943,1.8491,2.3902
508,508,3.0507,2.8569999999999998,2.5831,133.7293333333335,0.006999999999999999,,,,,1.1749
509,509,1.7732,2.1126,1.1898,248.563315,-0.591,,,,,1.9029
510,510,2.4526,2.4326,1.2806,254.93566875,-0.10099999999999999,,,,,1.8307
511,511,1.6967,2.1331,2.0777,173.32328333333348,0.303,,,,,1.6721
512,512,1.3038,1.3038,1.405,48.543250000000036,-1.61,,,,,3.4518
513,513,2.7287,2.5043,2.3901,45.2827857142859,-1.8259999999999998,3.5402,2.3727,2.1917,2.1294,1.2161
514,514,2.2965,3.4877,2.542,102.77783333333359,-0.08,,,,,1.4606
515,515,1.8273,1.8273,1.8719,18.41123076923079,-2.526,,,,,2.4199
516,516,1.7283,1.7283,1.7755,26.385818181817733,-2.439,,,,,1.6244
517,517,1.6094,1.6094,1.6596,29.345277777777845,-2.316,,,,,2.3102
518,518,1.1245,1.4176,1.1211,110.7191666666667,0.47700000000000004,,,,,5.3933
519,519,13.0098,7.1195,3.1152,88.29988888888883,-0.601,,,,,0.0822
520,520,8.1894,18.8789,5.1232,278.156136363636,0.179,0.0495,6.8868,16.9741,4.4834,0.0389
521,521,3.8685,3.1683,2.6574,100.06896428571423,-0.529,,,,,1.1703
522,522,,,,84.39700000000005,-0.213,,,,,
523,523,,,,99.89068181818172,-0.43,,,,,
524,524,3.7931,3.7931,2.229,85.96054545454511,-0.89,0.7147,3.7358,3.7345,2.1186,0.7666
525,525,3.7639,3.6103,2.9768,65.8967499999994,-0.083,,,,,1.9877
526,526,9.9977,9.9977,4.2859,55.33700000000019,-1.001,,,,,0.0236
527,527,34.5959,34.5959,4.0745,57.030909090909354,-1.401,,,,,0.0168
528,528,1.5384,1.531,1.516,54.98695454545466,-1.847,6.5395,1.4739,1.4721,1.463,2.8282
529,529,3.4508,3.4506,2.2056,187.53632500000015,-0.46799999999999997,,,,,1.8141
530,530,,,,80.38811666666669,-0.634,,,,,
531,531,1.6205,1.4969,1.5746,36.372666666665936,-2.5140000000000002,,,,,5.8253
532,532,29.7132,29.7132,7.7405,515.5750000000002,0.9109999999999999,,,,,0.0583
533,533,,,,74.08099999999963,-1.234,,,,,
534,534,,,,1027.6102500000004,-0.8190000000000001,,,,,
535,535,1.5592,1.5592,1.369,755.6555750000003,-1.254,,,,,1.9731
536,536,,,,59.10172500000011,-0.523,,,,,
537,537,,,,50.64616666666666,-0.384,,,,,
538,538,,,,62.291625000000074,0.13699999999999998,,,,,
539,539,1.5459,1.5468,1.5023,66.66856249999987,-1.534,,,,,5.653
540,540,,,,87.81300000000059,-0.963,,,,,
541,541,,,,71.99489999999997,-0.247,,,,,
542,542,22.71,46.2157,3.4981,96.13792857142876,-0.226,,,,,0.0029
543,543,1.1755,1.1834,1.1216,159.07466666666716,-0.23199999999999998,,,,,4.0861
544,544,3.9133,3.9133,7.4437,88.29246428571436,-1.3969999999999998,,,,,0.7390000000000001
545,545,4.5275,4.5275,2.6129,79.03385000000007,-0.106,0.8339,4.2401,4.2379,2.5297,0.3357
546,546,2.372,2.2430000000000003,2.0774,66.08187500000007,-1.022,,,,,2.3181
547,547,28.1351,24.1661,4.7179,80.88074999999995,-0.268,0.0148,75.3846,2.6651,5.0014,0.0356
548,548,3.1068,2.6887,2.2053,127.52834999999996,-0.015,,,,,1.2554
549,549,18.76,5.0232,2.7651,85.532333333334,-0.847,0.0419,29.8549,4.7487,2.7015,0.0319
550,550,3.8876,3.9741,3.3461,131.7259083333333,-0.08900000000000001,1.2593,3.7966,4.3046,3.5188,1.1516
551,551,2.648,2.4773,2.394,55.47583333333339,-1.8419999999999999,3.1412,2.311,2.2119,2.1347,2.0992
552,552,3.6804,2.8339,2.4856,0.0265000000001514,-0.389,0.9499,2.6012,2.574,2.2763,0.1563
553,553,7.6645,7.6645,5.4374,44.67241666666678,-1.034,0.0478,6.0866,6.0823,4.5747,0.0775
554,554,33.4227,33.4227,9.9855,71.668857142857,-0.8340000000000001,,,,,0.0482
555,555,41.9693,41.9693,35.1218,43.944999999999894,-0.586,,,,,0.0152
556,556,21.3806,14.535,6.8908,74.00262500000032,-0.55,,,,,0.0083
557,557,21.0529,32.4686,7.1732,52.458374999999826,-0.473,0.0043,17.2644,29.771,6.3526,0.0136
558,558,21.0214,36.181,7.4804,52.001874999999984,-0.537,,,,,0.0057
559,559,7.5899,4.4732,3.9079,70.23512499999995,-0.9229999999999999,1.4936,4.8168,3.2401,3.0045,0.6651
560,560,6.8017,12.6476,4.5809,309.41440909090903,0.252,0.4411,5.3643,9.475,4.015,0.0051
561,561,1.5766,1.5766,1.5126,15.697176470588214,-1.426,,,,,5.9509
562,562,,,,94.29750000000057,-0.35600000000000004,,,,,
563,563,2.722,2.722,2.5415,88.55821666666664,-0.5710000000000001,3.0067,2.5691,2.5716,2.394,2.6378
564,564,19.0924,19.0924,5.1484,18.3027499999997,-1.518,0.0532,8.5789,8.7652,12.765,0.6265
565,565,3.1134,3.1458,2.5909,74.05980000000012,-0.698,1.2041,3.0294,3.1056,2.4609,1.1024
566,566,23.8646,23.8646,11.6957,45.652666666666796,-2.2159999999999997,0.0441,54.3189,54.3168,16.0675,6.3099
567,567,12.4816,12.4811,3.0442,59.72950000000044,-0.879,,,,,0.1273
568,568,8.5452,8.5452,6.4327,64.69328571428589,-0.248,,,,,0.9233
569,569,2.0432,2.2794,1.8476,78.64068181818196,-0.366,1.7401,1.7463,1.9423,1.6614,1.3572
570,570,2.7222,2.7222,2.543,88.73911666666667,-0.5710000000000001,2.9299,2.5621,2.5603,2.3890000000000002,1.6577
571,571,4.6568,4.6568,2.8302,97.27645454545453,-0.467,0.6505,4.3333,4.3319,2.6185,0.0254
572,572,3.5269,3.5269,3.2123,58.75692499999996,-0.523,2.3005,3.2075,3.2151,2.7396,1.8666
573,573,2.8353,2.5897,2.273,42.299666666665736,-1.774,2.412,2.6826,2.4506,2.133,2.0632
574,574,21.4679,52.7808,10.8575,75.1995000000001,-0.47700000000000004,,,,,0.0011
575,575,4.2255,4.2255,2.8673,81.65164999999995,-0.083,1.9763,3.9184,3.9208,2.781,1.4514
576,576,2.9968,2.9968,2.7301,92.64951249999996,-0.365,2.8618,2.6618,2.6586,2.4469,2.548
577,577,24.409000000000002,44.8932,7.3021,52.12499999999998,-0.515,0.0121,20.2356,56.5354,7.3166,0.0025
578,578,1.9574,1.9574,1.8741,84.16826666666665,-1.63,4.8105,1.7075,1.7073,1.6455,3.9359
579,579,3.1818,3.5215,5.4663,122.80690909090895,-1.565,,,,,0.027999999999999997
580,580,9.3363,4.025,2.6125,78.03466666666692,-0.8490000000000001,0.3575,9.201,3.9233,2.5803,0.027000000000000003
581,581,10.2111,10.2111,9.0356,38.5575555555555,-0.44799999999999995,1.0645,8.8672,8.8684,7.8067,0.9308
582,582,14.5525,14.4642,2.1972,74.41979166666668,-0.486,,,,,1.7819999999999998
583,583,11.4595,11.4595,2.1132,50.39425000000009,-1.1840000000000002,0.005,4.0451,11.3843,2.3248,0.0599
584,584,10.2074,8.192,1.9027,61.074687499999676,-1.591,,,,,0.0461
585,585,2.3029,2.3029,2.1444,81.51914444444441,-0.321,,,,,1.9992
586,586,3.7357,3.7357,2.6867,42.09559999999968,-1.661,,,,,1.1354
587,587,4.987,4.7572,4.091,68.01600000000008,-0.391,,,,,1.2239
588,588,3.7577,3.7577,3.6268,39.878333333333245,-1.492,0.9576,3.6245,3.623,3.3784,0.8132
589,589,10.5925,10.5925,2.3474,36.44924999999999,-0.615,,,,,0.9104
590,590,16.961,16.961,8.0537,38.75800000000051,-2.1430000000000002,,,,,0.0284
591,591,2.5608,2.5608,2.8364,100.33080000000004,-0.888,1.9857,2.2988,2.3002,2.5722,1.8459999999999999
592,592,1.7078,1.7287,1.6280000000000001,88.09937499999964,-2.673,4.4571,1.5709,1.5927,1.5027,3.9076
593,593,1.3141,1.3069,1.2933,77.59771428571405,-1.758,5.8433,1.2646,1.2634,1.2374,1.9708
594,594,1.6412,1.7069999999999999,1.6048,51.59935714285746,-0.884,2.3121,1.5556,1.6127,1.5202,2.0559
595,595,3.7225,3.7225,3.8418,37.069928571428655,-0.588,1.0032,3.3023,3.298,3.3459,0.5432
596,596,2.9383,2.9383,2.5386,28.708625000000158,-1.128,2.2284,2.6358,2.6341,2.3127,1.8924
597,597,2.721,2.7211,2.5412,87.95402222222228,-0.5710000000000001,3.0141,2.5628,2.5639,2.3908,2.6385
598,598,17.8712,19.5575,3.2064,88.04341666666637,-0.629,,,,,0.0856
599,599,8.8693,8.8693,7.6831,48.72114285714302,-0.409,1.1393,7.6985,7.6854,6.3087,1.005
600,600,12.6085,12.6085,10.3343,55.666628571428674,-0.23199999999999998,1.2676,10.5471,10.5576,8.9255,1.0772
601,601,16.5896,5.3201,3.4348,60.97916666666657,-0.025,,,,,0.0335
602,602,19.6968,19.6968,4.1332,123.00782500000008,-1.306,0.032,90.5817,88.6579,11.7732,3.1968
603,603,2.0369,1.8565,1.9356,41.64333333333303,-3.0189999999999997,,,,,4.6183
604,604,2.492,2.492,2.1914,47.64049999999998,-2.864,4.1403,2.2713,2.2712,2.0207,3.6602
605,605,2.4736,2.4736,2.1831,47.64416666666626,-2.875,4.0195,2.2614,2.2617,2.0072,3.122
606,606,1.8531,1.7446,1.7661,40.044833333332974,-3.2289999999999996,5.7776,1.8014,1.7074,1.7018,5.4043
607,607,2.4541,2.4541,2.1991,35.87119999999988,-2.487,2.2632,2.3247,2.3245,2.0652,2.2673
608,608,2.0281,1.8431,1.9251,41.32366666666697,-3.049,5.1769,1.8676,1.7235,1.7739,4.6893
609,609,2.2214,2.2214,2.1934,38.42216666666598,-2.9360000000000004,4.0403,2.1389,2.1402,2.0617,3.6460000000000004
610,610,7.7423,7.7423,1.5847,39.90911111111117,-1.579,,,,,0.0232
611,611,16.6265,16.6265,2.0729,52.400999999999705,-1.396,,,,,1.1701
612,612,2.1386,2.1386,1.9295,50.16650000000046,-3.0869999999999997,5.4948,1.9608,1.9609,1.7805,4.8031
613,613,14.075999999999999,14.075999999999999,1.8447,43.05799999999937,-1.179,,,,,1.6499
614,614,2.0048,2.0047,1.9546,33.76083333333302,-3.305,5.2781,1.8972,1.8986,1.8652,4.6656
615,615,2.489,2.489,2.1178,34.590800000000144,-2.4130000000000003,1.9108,2.3437,2.3445,2.0002,1.8842
616,616,15.7539,15.7604,2.193,62.872666666666355,-0.925,,,,,1.4102
617,617,1.6353,1.6372,1.5761,38.109187499999926,-1.544,3.9218,1.58,1.5755,1.5188,3.2496
618,618,3.3569,3.6496,2.3821,173.80375000000026,-0.193,1.7480000000000002,2.7822,3.1154,2.0287,1.4482
619,619,2.5019,2.5019,2.1827,47.002166666667115,-2.86,3.915,2.3194,2.3194,2.0469,1.9654
620,620,2.1456,2.1456,1.9268,46.78016666666718,-3.0860000000000003,,,,,4.5924
621,621,1.514,1.514,1.0927,44.02754545454624,-0.10099999999999999,2.0504,1.6934,1.6932,1.1002,2.526
622,622,2.2985,2.5545,2.0594,107.79149999999979,-0.8029999999999999,2.4596,2.0944,2.2991,1.8856,2.0585
623,623,2.2998,2.3222,2.1575,85.57628333333334,-1.103,3.4295,2.2078,2.2161,2.0433,2.217
624,624,20.598000000000003,7.496,7.0087,71.99128571428615,-0.9540000000000001,0.0217,18.8046,6.9437,6.5114,0.0042
625,625,,,,57.21670833333325,-0.701,,,,,
626,626,1.5197,1.5197,1.4706,154.10764285714328,-1.4580000000000002,4.83,1.4083,1.4087,1.3519999999999999,3.9863
627,627,70.8892,67.562,17.9332,59.60987500000003,-0.48100000000000004,0.0007,1004.5446,2974.2248,655.6117,0.0001
628,628,6.6874,6.6874,3.7882,34.81083333333412,-1.4140000000000001,,,,,0.0438
629,629,4.352,4.352,2.5501,100.49863636363642,-0.45,,,,,0.6524
630,630,23.6564,18.6196,4.5643,76.49268750000005,-0.221,,,,,0.0128
631,631,3.0474,3.0474,1.7594,26.426545454545806,0.08199999999999999,,,,,3.3695
632,632,2.246,2.246,2.012,43.57428571428557,-2.057,,,,,0.1178
633,633,3.3495,2.9913,2.9485,88.8086590909094,-0.062,,,,,1.301
634,634,2.2354,2.2346,2.1312,132.26525,-0.10099999999999999,2.1636,2.1444,2.1421,2.0013,1.8036
635,635,15.7179,15.7546,2.2486,63.56433333333289,-0.925,,,,,1.4097
