,Unnamed: 0,eps_electronic,eps_total,last phdos peak
0,0,6.311555304676412,12.773453841404539,98.58577122703691
1,1,24.13774271142435,32.96559329678218,677.5857252533989
2,2,8.111020881077835,11.16946431419497,761.5857185836483
3,3,10.032167864916383,10.128936155960776,701.5857233477558
4,4,3.9792006781338127,6.394042651457419,204.58576281044685
5,5,18.47661784796871,23.405619845868202,1138.5856886491724
6,6,5.189262368073028,9.319101901857943,718.5857219979254
7,7,9.327246359414938,9.467906406447547,795.5857158839873
8,8,6.03503780731975,15.705183486902332,339.58575209120477
9,9,19.183229267187482,23.99704554037125,297.5857554260802
10,10,9.136444248134904,23.20621949331387,247.5857593961698
11,11,15.7992048174199,18.2745972995025,276.58575709351777
12,12,14.155200738479365,16.022306774826127,523.5857374812748
13,13,9.725650646208301,10.838679435082003,590.5857321613547
14,14,10.975548777894929,11.896135915323725,528.5857370842659
15,15,13.201552584892275,14.2945499763931,540.5857361314445
16,16,57.85964733829591,83.51357157253113,680.1989487939549
17,17,14.029135215494929,21.963121702916585,240.5857599519823
18,18,6.707762463482237,13.2081046933465,597.5857316055423
19,19,37.590704011120856,54.02173484887768,686.5857245387828
20,20,24.52573609883457,24.798632899204737,344.5857516941958
21,21,4.5252160201196805,70.71283710372882,439.5724945905821
22,22,12.08947426730432,15.969080835910475,641.5857281118634
23,23,52.444400538471115,65.673998936129,643.5857279530597
24,24,3.68170987688671,6.795583598408308,100.58577106823331
25,25,8.986295949984626,36.369737551721464,650.5857273972472
26,26,16.279463660018394,22.24540258022253,483.58574065734666
27,27,7.643536630519399,18.99223567017201,135.9557896728841
28,28,8.04592044198713,15.527655510007582,338.5857521706066
29,29,5.462559314815537,292.90134742923624,366.5857499473565
30,30,11.80061675726574,13.096345031336606,322.5857534410353
31,31,10.545504010109443,15.858015709786079,400.58574724769545
32,32,3.005557252867128,6.573655032862352,1100.5856916664407
33,33,5.227938284513054,9.680689945303774,856.5857110404779
34,34,3.4398158389370472,14.700498891586127,593.5857319231493
35,35,3.1624879014539533,6.162422592880103,184.5857643984827
36,36,5.436177497725584,13.384878291901998,279.5857568553124
37,37,6.411221763823098,11.589418080954964,355.58575082077624
38,38,2.665381384040416,14.770475588026216,481.5857408161503
39,39,6.1239566351730685,8.99434208990894,335.58575240881197
40,40,16.81878117517498,24.49249592122425,1292.5856764212965
41,41,2.3975901031723645,8.170428075296527,301.58575510847294
42,42,7.435709091949946,30.19506253202084,719.5857219185235
43,43,10.116478672548435,18.67362627880137,172.58576535130422
44,44,3.554472998004832,9.925032501668047,694.5857239035686
45,45,8.163365022962411,21.92430853693818,69.63722405788964
46,46,5.597271888039232,7.968398532110746,270.5857575699285
47,47,2.777539745115334,6.981746726019808,1979.5856218722645
48,48,3.909810922771245,10.626471523051901,609.5857306527207
49,49,3.7102753164288274,9.912178138154557,607.5857308115244
50,50,10.673487858406547,24.54931271195656,336.58575232941024
51,51,1.945891731228451,5.5161735040192905,762.5857185042465
52,52,4.0056121075338105,7.111494739967675,545.5857357344355
53,53,6.112325372357856,18.22086871715146,542.5857359726408
54,54,8.159366524314864,19.714163784756852,429.5857449450435
55,55,9.16078928853763,24.169872345017318,376.58574915333855
56,56,9.555233073626141,22.659112039117307,359.5857505031691
57,57,5.965517056861267,25.771366956162247,211.58576225463432
58,58,7.910118252038933,25.834709049736556,105.59608845731243
59,59,7.254262514250167,28.68946275724493,121.49346124660428
60,60,2.2434006314167605,8.270348822053494,637.5857284294706
61,61,6.184230819618097,9.109187147136133,335.58575240881197
62,62,8.021456859411224,11.2554092927737,187.58576416027734
63,63,6.5399012969666375,6.790148215287784,413.58574621547217
64,64,6.7568539264685015,17.662485857564853,302.5857550290712
65,65,6.351043482669266,12.250800147531901,369.5857497091512
66,66,4.853013561401057,11.467281359831656,219.58576161942003
67,67,5.440118342243396,11.950448407335415,1826.5856340207388
68,68,8.771764046925242,14.82479975040972,1797.5856363233909
69,69,560.9122425937605,589.4203507245453,230.58576074600026
70,70,4.59331551926834,12.044120468327986,2151.5856082151568
71,71,10.116038974469577,20.595436605587427,317.58575383804435
72,72,6.086881055833302,10.65323976411049,679.5857250945952
73,73,6.3261440390403045,11.491072375350216,614.5857302557117
74,74,6.080846226526961,13.286865911532152,577.5857331935781
75,75,3.649895040616208,15.503611846323881,910.5857067527812
76,76,15.438786544575748,27.960846884096647,217.5857617782236
77,77,6.594213217959914,14.863517433597133,199.5857632074558
78,78,5.071619332546772,7.80448926672187,571.5857336699888
79,79,18.213889770110764,30.66780470364929,170.5857655101078
80,80,3.4079475007514537,6.171960341356527,99.58577114763511
81,81,2.082878952990456,9.31066561370822,593.5857319231493
82,82,3.2363168804548885,9.958020912337957,792.5857161221927
83,83,18.68680743447852,21.563089802094908,204.58576281044685
84,84,3.966743797248628,7.454393044083202,457.5857427217933
85,85,9.71068845483024,22.303649141424426,679.5857250945952
86,86,4.12836970009085,17.909526063544053,1382.5856692751352
87,87,6.3274053966343615,9.863364692317107,429.5857449450435
88,88,6.598814284292289,10.644707267181708,348.5857513765887
89,89,5.907076972651813,15.310449678923506,330.5857528058209
90,90,7.77097374522011,11.360232786786055,833.7677456801904
91,91,7.23290783351226,10.625720026363696,907.5857069909863
92,92,3.4388590130253465,8.665750120785715,1341.5856725306085
93,93,2.1421740992413083,7.005443763951447,233.5857605077949
94,94,4.740804445527426,8.527160558702526,414.5857461360704
95,95,6.489299100056143,13.024252533729625,144.5857675745544
96,96,8.47457495851412,43.792296720331755,485.1102590218785
97,97,19.285824189134,23.32875899489128,197.58576336625939
98,98,7.902823903808483,10.80267320506392,224.58576122241104
99,99,5.309659774105384,15.510456255831823,1112.585690713619
100,100,5.169275356234485,13.029075330601776,1049.5856957159324
101,101,3.5235974320322265,7.685407201821749,579.5857330347744
102,102,3.2428327434863307,7.846749147288913,2014.5856190932016
103,103,4.657806684664744,37.541768851172144,781.5857169956122
104,104,15.058100331692188,27.51540205793008,200.58576312805405
105,105,4.548652694966251,28.10875241672646,809.5033679564572
106,106,4.4738807744554565,15.228663198153455,674.5857254916042
107,107,5.4982011096373675,12.866318418834133,337.5857522500084
108,108,23.16658806097313,32.46725582951587,227.5857609842057
109,109,6.654832869311103,12.255528410647935,159.58576638352753
110,110,9.37782604119247,19.688250394616357,561.5857344640067
111,111,5.545276120320345,13.669749831328735,109.58577035361715
112,112,6.3412447931207945,10.489691076010317,531.5857368460606
113,113,5.034095384811682,9.022765852304193,187.58576416027734
114,114,2.8332151683343745,6.3268672821801175,526.5857372430696
115,115,2.8056075008782955,6.565442035709357,520.5857377194803
116,116,8.682666114238295,11.36831188513988,144.5857675745544
117,117,11.816377230238755,38.62857015702645,435.58574446863264
118,118,18.780163512152928,19.762833590821774,703.5857231889522
119,119,3.2393404149811023,5.87337378979896,478.5857410543556
120,120,3.5166168777785174,9.188227849866484,978.5857013534593
121,121,5.21597751350666,13.655207963098455,524.5857374018732
122,122,12.060756124150098,19.00247764868653,181.58576463668808
123,123,14.448060652187975,28.295452976149363,247.5857593961698
124,124,5.6935241406221095,15.211398444595034,1002.5856994478163
125,125,8.716989659641456,9.761079345586513,689.5857243005772
126,126,5.623934801436311,7.952595751492455,261.5857582845447
127,127,4.70544097046584,39.4301470576085,753.9456261761827
128,128,4.704978619000296,48.60754902284233,754.4592429505203
129,129,6.694891773577759,12.129865240796914,543.5857358932392
130,130,4.38969185072028,35.55454608115856,776.3577663735823
131,131,3.3301816020602883,17.89480675075547,795.5857158839873
132,132,8.214732993499004,23.39370280528455,410.5857464536776
133,133,9.199366608370344,30.477554454207894,350.5857512177851
134,134,5.102944130335216,17.427021180559105,716.5857221567288
135,135,3.9938597290598334,17.549896821188604,695.3071651297435
136,136,8.48056079490337,12.273495090929268,280.5857567759106
137,137,4.325229893661405,83.37586410157638,374.5857493121421
138,138,8.341014765693641,12.99771074594033,276.58575709351777
139,139,8.447442202481325,12.928657739856419,432.585744706838
140,140,3.2398984867325447,10.849486380151431,1326.5856737216354
141,141,7.4843359593687975,27.17342783038126,83.42622265888586
142,142,3.0075434839430697,7.721754611844354,534.5857366078552
143,143,5.713673387092791,21.87143956222301,709.5857227125415
144,144,10.277857606574653,29.423775706540127,401.58574716829366
145,145,4.066675827564808,27.06249380526425,1077.5856934926821
146,146,2.5033432707436547,8.859028560436139,443.58574383341835
147,147,5.28793100962387,5.954395584100653,652.5857272384436
148,148,2.3938116829727245,7.716694104247923,465.5857420865789
149,149,6.360611974403144,14.991800115137075,592.5857320025513
150,150,2.411779566082389,6.364870739919829,609.5857306527207
151,151,2.3332952182119384,5.851312954667603,595.5857317643457
152,152,2.3423472713060227,9.408584590825988,461.585742404186
153,153,3.5701335251478064,10.159869171281585,275.58575717291956
154,154,2.243349231383356,9.816529197169297,568.5857339081942
155,155,2.206624843275066,9.330139597950867,579.5857330347744
156,156,2.3352163050962083,8.835716551647568,572.5857335905872
157,157,10.883446681475464,13.624598838787904,208.5857624928397
158,158,3.9680453960948037,6.820349285720848,623.5857295410957
159,159,3.4518319809543137,6.0706266646917175,619.5857298587027
160,160,6.338406988444443,9.921713096813427,375.58574923274034
161,161,7.403579700608767,12.826600792001335,136.26216674540237
162,162,3.3125582519101635,18.499846523455282,544.5857358138372
163,163,2.431159083269053,6.523822150049454,558.5857347022122
164,164,2.3213784117483955,5.8527736395181655,614.5857302557117
165,165,7.5406784935386435,9.688055234868168,373.585749391544
166,166,9.31270257003736,11.022216013799277,323.58575336163346
167,167,7.422733209905911,23.88390005783216,571.5857336699888
168,168,12.130239677094009,13.486376021372061,691.5857241417737
169,169,19.350901589777568,31.48384090025643,453.5857430394004
170,170,5.844476776797903,11.981422299650438,184.5857643984827
171,171,2.81116439062054,20.360697971113343,904.376237450921
172,172,8.582156706381534,13.177540455566964,287.5857562200981
173,173,9.012114805320497,14.459407417684965,236.5857602695895
174,174,23.180171450308,33.39989214405563,477.5857411337574
175,175,3.8647936949925374,11.316377453096562,955.5857031797003
176,176,3.3534586533714354,9.193990088005817,1340.5856726100105
177,177,3.7559632654966095,15.402897079459322,489.5857401809359
178,178,7.623224996800997,13.260733270315983,225.5857611430092
179,179,9.443706593449138,9.569636681486267,791.5857162015947
180,180,14.027682881179874,14.027682881179874,480.58574089555196
181,181,15.515636078295767,18.933649398066805,502.5857391487126
182,182,5.038900877725683,14.540452637169864,218.58576169882184
183,183,2.3720270967777712,10.11435914614622,435.58574446863264
184,184,6.875033030958107,12.467773635777135,163.58576606592038
185,185,20.634478087549734,27.658305511944164,447.58574351581115
186,186,3.0641604588938933,6.8154830878989925,789.5857163603979
187,187,6.116549742459668,7.733805401325031,565.5857341463998
188,188,8.422233583253828,10.580301109945133,430.5857448656418
189,189,5.988347214776223,8.996129740298338,280.7913011441348
190,190,19.94179011520345,27.33776366827161,295.5857555848837
191,191,5.813794240643471,40.91884584360536,647.5142591836287
192,192,6.825562511538219,11.69336462438966,282.58575661710705
193,193,7.040042384196262,14.568041553311842,939.5857044501292
194,194,4.774192303523908,7.11655350004587,1209.5856830116452
195,195,4.578805685454675,8.517863578960304,982.585701035852
196,196,8.20318138205959,11.188155922935957,260.58575836394647
197,197,11.413626429417064,14.021938900691753,208.5857624928397
198,198,4.865603075855161,12.605594489471727,253.58575891975903
199,199,6.240275720251397,17.90298207202657,262.5857582051429
200,200,7.279647441206392,18.6531736929559,226.58576106360744
201,201,12.963731375093909,14.77680531348892,420.58574565965966
202,202,8.44939734452028,17.492167434935922,850.5857115168886
203,203,1.8291826378855145,3.486972552319294,932.5857050059418
204,204,20.417567351541155,27.348497530297198,466.5857420071772
205,205,25.897896338152275,34.80667076979021,295.5857555848837
206,206,23.126254174273186,31.80803429056457,396.58574756530265
207,207,5.764649919463673,9.764658190586507,399.5857473270973
208,208,9.557589640794424,9.682683089082152,1164.5856865847259
209,209,6.613950970157336,13.694088045555295,150.58576709814366
210,210,10.607922167545988,18.115650507977488,364.58575010616005
211,211,13.435413114865156,17.014978196305766,206.5857626516433
212,212,13.440738515574742,13.863093637262768,296.585755505482
213,213,4.571806072705376,6.8222888080320025,1223.58568190002
214,214,13.737920536213133,13.737920536213133,481.5857408161503
215,215,2.3312569048699845,8.206935955916242,566.5857340669977
216,216,5.2186619424713285,11.664577716043008,244.5857596343752
217,217,6.436168695840192,13.680352847342059,244.5857596343752
218,218,7.101819037371813,13.675131996020156,173.5857652719024
219,219,6.819401677739923,12.943348321322254,171.58576543070603
220,220,4.613090418923567,8.373570635344459,722.5857216803181
221,221,3.5364697883134384,6.074098894987725,129.58576876558132
222,222,3.1261919808058187,7.0048411902016285,1011.5856987332004
223,223,2.424521945188612,10.020078812766377,215.5857619370272
224,224,3.6903873826642473,312.06444501600066,947.5857038149147
225,225,48.22418114730117,55.42213424134406,272.585757411125
226,226,2.600072577070028,8.084628406561428,469.58574176897173
227,227,52.26946281887785,68.84200243139189,471.58574161016816
228,228,19.195430764717635,25.50986431426096,260.58575836394647
229,229,6.2098332900542434,11.492779286962097,121.58576940079568
230,230,2.9309275092511413,7.409773394954446,660.5857266032292
231,231,4.866697715490638,26.58815302241555,523.5857374812748
232,232,29.344529514088286,178.48350018259862,95.58577146524229
233,233,2.435571429431292,6.1546031394045855,547.5857355756318
234,234,16.20264000595788,20.250091809666856,166.585765827715
235,235,10.590436610259069,18.90704526924803,303.58575494966937
236,236,19.691964340533236,23.347147431766363,317.58575383804435
237,237,8.255593046710905,12.30519635146755,182.58576455728627
238,238,6.812149470100089,12.106293503476307,538.5857362902481
239,239,4.542501566302644,17.975613025713198,719.5857219185235
240,240,22.48208618189432,37.19520310510935,468.58574184837363
241,241,4.982453555825903,12.605094229094089,640.5857281912653
242,242,29.54922656545908,47.33710954909986,330.5857528058209
243,243,5.177407194923035,34.980041630635434,635.285556532021
244,244,6.1075793849988305,9.032960733964043,351.58575113838333
245,245,8.327761912951349,13.444618557868983,496.5857396251232
246,246,6.764151577250005,14.337927492101473,263.5857581257411
247,247,3.0146602777918488,15.57295240459626,366.5857499473565
248,248,6.186777700708139,15.06539363322056,270.5857575699285
249,249,16.555561495165207,20.94974066342641,439.5857441510256
250,250,5.732455594455504,9.148089405479217,571.5857336699888
251,251,16.733806187554677,19.782793984764954,331.5857527264192
252,252,4.867300119992307,27.13131830291612,620.585729779301
253,253,38.49610826613678,43.75402986470541,935.5857047677364
254,254,7.106251392584162,75.60524017292825,800.4307672174878
255,255,2.387780969998948,11.778168403133913,238.58576011078603
256,256,8.44870688059623,9.3581779383426,554.5857350198194
257,257,5.820858982160004,8.408583548038893,169.5857655895096
258,258,12.405466414748346,17.223188382030994,204.58576281044685
259,259,10.506524704457908,22.17528363617113,403.5857470094902
260,260,7.411991774306699,10.086706253090753,325.58575320282995
261,261,4.864137707453307,7.904942616352672,506.5857388311055
262,262,6.01124865355873,9.627132940752293,565.5857341463998
263,263,21.28725575874807,27.07052828100163,256.58575868155367
264,264,11.541235867469053,14.510980906816824,160.58576630412574
265,265,17.61674819671023,27.44144371701056,176.5857650336971
266,266,5.9809426235007415,12.848057713649368,311.585754314455
267,267,17.201487131447095,134.57389557297785,224.58576122241104
268,268,5.29894981819561,10.350916637290428,534.5857366078552
269,269,11.323581872257053,14.361735008789516,166.585765827715
270,270,8.234747100898025,14.457486655684386,202.58576296925045
271,271,6.860888094436108,13.279998546420181,261.5857582845447
272,272,9.810302491987372,11.79635417682658,331.5857527264192
273,273,4.729543049754447,59.49101241749528,222.91912719571775
274,274,9.642290870591426,12.089372376149766,178.58576487489344
275,275,8.938126193033456,9.408025014375104,349.5857512971869
276,276,21.71844296079811,142.4299301198068,138.58576805096516
277,277,7.572545702292769,10.991537928066592,181.58576463668808
278,278,2929283.9754318567,3286600.6894655577,173.5857652719024
279,279,5.435627815750301,27.129819834360514,500.5857393075161
280,280,3.209876166446135,6.424169167839812,910.5857067527812
281,281,8.663787762666706,12.060824068102596,205.58576273104512
282,282,4.506033296192607,8.995258175044572,599.5857314467387
283,283,5.1819481453567215,13.20156495847092,583.5857327171674
284,284,5.582010927919173,30.698022166150146,626.5857293028903
285,285,8.027843210803054,18.059492168297513,168.5857656689114
286,286,10.443680499471943,20.792573690085216,185.58576431908094
287,287,5.1224677051654925,12.301990122463922,599.5857314467387
288,288,8.805270342264262,12.148848043464644,208.5857624928397
289,289,5.760933850170053,9.181509267401887,571.5857336699888
290,290,4.418542777015417,7.8508334830029325,400.58574724769545
291,291,2.982857319842537,8.425112527672086,115.58576987720642
292,292,2.5882012719326086,5.3199868196042335,86.58577217985842
293,293,6.593426508476237,47.54097425477557,82.58577249746558
294,294,3.3178992843847777,7.534832886075013,222.5857613812146
295,295,5.478791695441637,6.9877998767406,116.58576979780462
296,296,6.982684419710659,8.110940131328599,153.58576685993827
297,297,3.919750473363776,9.166131875764123,241.58575987258044
298,298,2.956013624487621,5.473585605407092,99.58577114763511
299,299,4.349079025250491,13.894419903439,285.58575637890164
300,300,3.3967382188967576,9.299883695499476,93.58577162404586
301,301,2.8707321059648496,5.331777266595464,74.58577313267992
302,302,3.0734373566748823,11.558745206900895,393.58574780350807
303,303,3.194196728158764,7.997330023394673,76.58577297387635
304,304,2.998678845293861,5.190813657570902,310.5857543938568
305,305,10.198978320822713,12.762040734741463,177.58576495429523
306,306,6.428782310491044,8.998857426624939,253.58575891975903
307,307,8.301917472652955,18.109167422070986,103.34535948486929
308,308,5.517742314782853,12.308099345346625,183.58576447788448
309,309,5.681014814013004,7.321002443852265,121.58576940079568
310,310,2.8258429541910064,5.459099008174161,331.5857527264192
311,311,2.990075796612126,9.938681283132123,272.585757411125
312,312,4.745782025725637,13.558848515207677,468.58574184837363
313,313,3.565998884215772,7.8130290002640175,354.58575090017797
314,314,3.8785659476026897,9.687287212403534,242.58575979317874
315,315,2.8208134829976266,5.271006799248778,331.5857527264192
316,316,2.991938401673002,8.8123101212876,317.58575383804435
317,317,5.8069075007447255,19.662768541048308,543.8612030793709
318,318,5.134629493570229,18.13098328866679,273.5857573317232
319,319,3.5478548041670286,9.038805181141152,263.5857581257411
320,320,2.8295377202246783,8.877306736746073,368.58574978855285
321,321,5.100909332032034,13.803908485906069,451.58574319820394
322,322,5.70867862524289,22.73687476953768,727.5857212833093
323,323,4.890258186860793,15.349477323012554,476.58574121315917
324,324,3.3298321188169737,9.185660548372992,295.5857555848837
325,325,4.468510655458979,15.573770334279285,494.58573978392684
326,326,4.816402157378187,15.490919139492949,408.58574661248116
327,327,6.310038609469255,12.47051689313424,289.5857560612945
328,328,4.515038309980022,10.461912425142373,553.5857350992212
329,329,5.131655891826322,15.254835322570345,397.5857474859008
330,330,2.9727891644380438,7.844850607898415,319.58575367924067
331,331,6.001420390631599,9.047766524321645,177.58576495429523
332,332,3.3545597057437355,8.941823881247556,265.58575796693754
333,333,5.53249391284024,30.70302189439234,653.9614869773397
334,334,5.629351766315764,79.70941313799959,745.5485956310678
335,335,15.040281026306925,61.18031303932066,437.5857443098292
336,336,5.5362924065646135,28.8849226837962,652.5857272384436
337,337,5.8243686735249325,52.91057165767154,155.58576670113467
338,338,18.029279159813324,30.04103070817164,470.5857416895698
339,339,2.384915202033934,5.2602014287952,141.58576781275983
340,340,7.632177731746155,49.8619766932317,66.58577376789428
341,341,3.017512294520924,7.800905212351606,201.58576304865227
342,342,2.881167387755214,7.127685196103022,257.5857586021519
343,343,14.830859899620162,28.14925094208588,377.5857490739367
344,344,6.559638709573789,13.621385715799926,127.58576892438492
345,345,2.61882946629732,5.322539116632217,112.58577011541179
346,346,3.5705030133167814,12.617052287262116,334.58575248821387
347,347,4.5957709074620405,11.70683303998252,106.58577059182257
348,348,4.643774161343362,9.652606771478457,160.58576630412574
349,349,3.487760151821997,7.359366325761198,119.58576955959923
350,350,2.6848300958602014,8.277260942906416,139.58576797156337
351,351,2.3915740950479694,5.378342490480518,113.58577003600998
352,352,2.7491655990357304,7.850166565535072,129.58576876558132
353,353,3.368988304021842,8.10475485372941,69.58577352968891
354,354,3.001097514477855,7.844470516548808,85.58577225926021
355,355,3.4679533360852988,8.295510940867144,1476.8987630443203
356,356,3.3399933981130228,6.473079430861369,336.58575232941024
357,357,8.53218709909835,11.112215576380796,146.58576741575087
358,358,2.7526968767771494,7.6465688147576305,361.5857503443654
359,359,4.23435895504112,8.457468502313143,213.58576209583072
360,360,3.2413122784763204,5.676550401584718,332.5857526470174
361,361,3.345428318575067,6.895649334789431,269.5857576493304
362,362,3.0487614713997373,8.706986394755955,283.58575653770527
363,363,3.3967762086828794,7.5278834087150654,275.58575717291956
364,364,12.659511067086534,18.89129213793348,335.58575240881197
365,365,6.117278717235362,9.10967354674498,116.58576979780462
366,366,2.3067646265909185,6.032999744881222,508.5857386723019
367,367,4.751772938395468,14.348410762914307,1045.5856960335393
368,368,17.192620064318493,25.023437230587355,223.58576130181282
369,369,3.7053240462441193,9.213692268752414,1362.585670863171
370,370,5.628674232113861,16.87602213811866,1943.585624730729
371,371,5.3088861647561085,13.86887752534015,1013.5856985743968
372,372,3.9914048018806754,10.022473105213642,999.5856996860216
373,373,3.7153716167293376,8.788378816926441,934.5857048471382
374,374,3.796801993236058,8.759371199365672,847.5857117550943
375,375,4.819751613683743,9.799836316447172,779.5857171544162
376,376,6.710366300622617,12.666746120651032,457.5857427217933
377,377,5.023384850254659,12.293464392317224,1886.5856292566314
378,378,3.3115773869859337,11.721952328011582,1285.585676977109
379,379,3.301067877896972,7.7506403113245215,1333.5856731658228
380,380,2.606777382657205,6.643031832796144,3643.743437099969
381,381,2.8498693897768015,6.9505031300388005,3628.585490938709
382,382,2.844803423865022,7.83223637723755,753.5857192188628
383,383,2.88999496504592,8.60730588670455,373.585749391544
384,384,4.469571937628962,10.615367792622768,1774.585638149632
385,385,2.4305137933137417,4.7780857341396095,1784.5856373556146
386,386,4.119308901419689,9.382665355029202,897.5857077850044
387,387,4.160026026839078,9.119877386558997,820.5857138989426
388,388,2.7787626148584827,12.627305159948593,3336.5855141240318
389,389,20.60727967473845,33.79373613268231,276.58575709351777
390,390,2.5751498314875163,6.494634288431175,3637.5854902240917
391,391,6.851973063877796,10.366423437457444,291.58575590249086
392,392,3.8537006147170367,19.66596819049769,420.58574565965966
393,393,2.9568295060488743,8.39509596074758,718.5857219979254
394,394,25.56181714462328,38.50012544204417,504.5857389899089
395,395,11.243332715751405,13.304768435730807,381.5857487563297
396,396,15.294100271972232,27.24373810031839,254.58575884035724
397,397,7.551905414225501,8.579934540821137,501.58573922811433
398,398,5.069786688920416,8.334307144815197,351.58575113838333
399,399,6.930406909528543,35.55886496177892,1001.585699527218
400,400,35.120592075578806,37.31492974137053,259.58575844334825
401,401,5.666131517288733,15.463200671025165,770.5857178690321
402,402,5.5568491825609145,51.52489087444162,686.5857245387828
403,403,15.976461072694836,28.2468568590955,144.5857675745544
404,404,8.378516146864913,26.48713693717596,95.58577146524229
405,405,3.8426500045861363,15.748251715464328,466.5857420071772
406,406,12.569458007323265,13.896021918165047,291.58575590249086
407,407,14.800661203885909,28.899470553704106,254.58575884035724
408,408,7.773399570162321,566.8918826428043,768.3583495879683
409,409,2.9283399331039868,9.440018158581806,2131.5856098031923
410,410,6.327754515343193,9.939566653226649,65.58577384729607
411,411,20.536391011020545,28.473294978329463,234.5857604283931
412,412,2.6246331017402103,6.149050246162496,847.5857117550943
413,413,14.289813007180099,17.98419386498215,189.58576400147373
414,414,73.45651878055874,405.42358710595255,123.58576924199207
415,415,21.550840825179424,34.6309260108841,210.5857623340361
416,416,3.3616994567127594,14.610212073870384,926.9151354639647
417,417,3.196131138282361,5.772980929326402,254.58575884035724
418,418,4.200842939345662,8.968385135077211,749.5857195364697
419,419,2.6122774616786444,12.2175604097592,331.59810336415944
420,420,8.204319415562315,10.946704826402659,479.58574097495386
421,421,3.146729695293047,5.9128118421225,232.5857605871967
422,422,8.912873727158681,9.916439245671981,601.5857312879351
423,423,6.8945406476315245,9.674516733392677,369.5857497091512
424,424,5.287785375113324,11.009758541470445,244.5857596343752
425,425,10.840178034051855,17.26551003829937,238.58576011078603
426,426,7.091533053020374,9.741688627803212,496.5857396251232
427,427,2.145436960719485,6.461264688000743,684.5857246975862
428,428,3.1338589414494376,8.971101884197658,270.5857575699285
429,429,2.3175019885633152,8.058907455984459,373.585749391544
430,430,2.437597180318689,6.2621065558115125,564.5857342258015
431,431,2.0630842940004115,4.241027423163586,563.5857343052032
432,432,2.2928428859890366,6.727708944486481,552.5857351786229
433,433,2.3069754832517635,6.1041294244817434,549.5857354168284
434,434,3.8372622828642746,10.711999891736935,125.58576908318848
435,435,3.1532716160852217,10.685948014157324,360.58575042376714
436,436,8.770683687754289,13.664144193179952,169.5857655895096
437,437,9.192291834338409,12.474029474408395,563.5857343052032
438,438,5.391898021160854,11.455587898954985,143.5857676539562
439,439,3.468230144729981,7.521849523184482,989.5857004800397
440,440,7.388852682518504,10.41844682213666,251.58575907856255
441,441,5.2088862789747425,10.280516086807301,339.58575209120477
442,442,3.4100085336040684,8.111870715008116,376.58574915333855
443,443,3.3100723590040646,6.925931391986017,366.5857499473565
444,444,3.587974623900165,8.26181973337458,315.58575399684787
445,445,3.483664577182463,7.1412634396518575,304.58575487026764
446,446,6.00931984089554,16.960261450163188,230.58576074600026
447,447,3.0071641336399844,5.878308448778511,317.58575383804435
448,448,26.482290463251122,40.379437998866074,427.5857451038471
449,449,4.4143546544438514,16.72224344132807,556.5857348610158
450,450,6.7949141234551975,14.796703023729712,247.5857593961698
451,451,3.1802925739842647,4.646560346438774,495.5857397045252
452,452,4.7045015786484985,10.743062895018852,287.5857562200981
453,453,5.479194345093068,9.041538462954174,252.58575899916082
454,454,7.0525003266384765,13.869142016179055,1212.5856827734399
455,455,3.7712470368138082,6.794360313892215,337.5857522500084
456,456,3.3037191974538413,9.286564308405467,275.58575717291956
457,457,2.5458394109374094,21.73003164855996,374.5857493121421
458,458,2.442677210266065,7.165987693165562,3521.5854994346996
459,459,25.158698442677807,26.948917539790177,457.5857427217933
460,460,4.0391137097934005,6.392934788808584,428.5857450244453
461,461,3.880454905726203,7.673446570553723,754.5857191394607
462,462,4.991693681932509,8.518481784374131,346.5857515353923
463,463,11.374611826712652,33.618851266430944,160.620206064518
464,464,7.47560288847401,10.226168850728897,273.5857573317232
465,465,19.271007496946773,25.966020287490807,191.58576384267016
466,466,8.47902132826895,60.02636475432568,624.5857294616939
467,467,5.850604934520594,14.830106911495465,423.5857454214543
468,468,6.621734203905379,12.88786774750976,222.5857613812146
469,469,5.280609467250805,20.49527277692029,737.5857204892912
470,470,6.163195592098631,9.988456617878562,331.5857527264192
471,471,3.0771615321437538,9.077268602773922,398.585747406499
472,472,6.1006150659270775,15.694208365893354,472.58574153076637
473,473,2.7791219380531675,10.670363612943646,322.5857534410353
474,474,9.233271341524183,14.03238894324017,1160.585686902333
475,475,15.723902148335235,16.716446672699888,445.5857436746148
476,476,2.9672191981667586,6.601776647502849,791.5857162015947
477,477,2.9494484110993184,6.357817424991084,790.5857162809963
478,478,20.26160958704446,21.835213104338003,234.5857604283931
479,479,6.277255055227891,11.521504824665966,450.5857432776057
480,480,3.8381880407601487,7.976332348790207,669.5857258886133
481,481,16.675548229805198,23.24046445818881,152.5857669393401
482,482,10.468488567077463,11.177968358926721,454.58574295999847
483,483,8.432258945153487,11.550405545145937,222.5857613812146
484,484,4.108716144620061,9.622330749045695,641.5857281118634
485,485,3.7408598181522095,10.13288782948858,632.5857288264797
486,486,13.21195778306466,19.4296169982828,334.58575248821387
487,487,5.084122858883934,11.092242627185804,653.5857271590419
488,488,4.73986467987526,26.69092050367676,726.5857213627112
489,489,14.146524417888301,20.893473813677307,235.58576034899133
490,490,14.309303366961124,20.816831601470952,233.5857605077949
491,491,3.199492207034398,5.6289678470363675,483.58574065734666
492,492,4.632471970279483,10.287583691248296,304.58575487026764
493,493,3.3173721558990135,12.225479727672667,768.9388632748868
494,494,9.895836874353297,19.1443419816793,602.5857312085333
495,495,4.500341952367026,9.321179639885637,165.58576590711678
496,496,5.4011617226166235,6.776412931988316,213.58576209583072
497,497,4.511247762333668,9.465214312045973,1070.5856940484944
498,498,5.3979555048452905,8.797329687969567,230.58576074600026
499,499,4.0194518177401815,12.006561359089627,554.5857350198194
500,500,4.133341119528127,11.83194806277202,551.5857352580248
501,501,4.720375907795055,8.581931800907475,765.585718266041
502,502,5.415263425891308,8.771269759556652,257.5857586021519
503,503,8.902892009660514,11.427404009765613,475.585741292561
504,504,2.276837608058208,5.138022752290629,1331.5856733246264
505,505,21.572695511070837,71.68557211899788,234.06886996956717
506,506,3.22541417112604,9.356798781427887,315.58575399684787
507,507,3.8180953600679177,11.650261536891588,257.3811557603249
508,508,6.643153162900744,13.508329901706658,621.5857296998992
509,509,5.989572184571943,10.541973175333537,758.5857188218538
510,510,2.882633925982866,15.236166897181304,298.9949156176686
511,511,7.874719370579218,32.79253362779611,236.5857602695895
512,512,3.1501519893164502,15.005128563420556,221.85373991699416
513,513,4.048937013851483,6.520682544296385,228.58576090480392
514,514,5.121053307541981,10.696595384194293,555.5857349404176
515,515,5.710974290127827,12.04854231423002,594.4020938795843
516,516,5.482719390584553,17.334706239246913,1648.585648154258
517,517,6.588501756113177,9.885838528479027,83.58577241806378
518,518,7.524612657957824,11.470625485686565,383.585748597526
519,519,15.55516765579926,27.300906477399483,223.58576130181282
520,520,1.9116591246453527,6.025300629010309,779.5857171544162
521,521,11.880475344767964,19.98643955991479,322.5857534410353
522,522,22.28610738432333,26.19223207503159,236.5857602695895
523,523,24.619328584377346,27.233383127983323,182.58576455728627
524,524,2.431811829064188,5.504100917652504,1542.5856565708484
525,525,5.3746772453422595,14.501575899394016,428.5857450244453
526,526,3.9449845673520083,6.431576103455548,542.5857359726408
527,527,16.10409461400332,18.46336275327852,392.5857478829098
528,528,19.939206594650944,25.3196980100205,264.5857580463393
529,529,5.752774571584184,9.539996797971384,836.5857126285138
530,530,4.4636613654349135,12.92433679027574,550.5857353374264
531,531,52.0223267724626,60.526954320406865,142.58576773335804
532,532,7.898777640772573,32.67847745662313,714.5857223155325
533,533,2.0471549233310617,6.937633993023177,502.5857391487126
534,534,11.950321680016742,20.155749887481363,166.585765827715
535,535,2.2917239601057275,8.836781709705246,504.5857389899089
536,536,20.238913860271584,29.53432570454759,241.58575987258044
537,537,19.45734993882641,31.347189278870548,249.58575923736615
538,538,5.8772277478716575,13.130068272760534,629.5857290646849
539,539,3.386452889620432,26.096447462395176,311.585754314455
540,540,6.485586652586791,9.238009088212914,386.5857483593206
541,541,5.019744272157001,22.505787071915044,721.2550053696123
542,542,27.097944443082195,35.1286682889201,272.585757411125
543,543,7.8277890734136655,34.85352267579149,662.5857264444257
544,544,5.468407143338999,12.614889508313075,441.5857439922218
545,545,6.477713583805167,10.16720738653183,391.5857479623117
546,546,3.050191713221851,5.698262767189362,1070.5856940484944
547,547,2.6068813356296068,7.353808273991003,1315.585674595055
548,548,10.198743279200427,12.761573566259141,177.58576495429523
549,549,5.439752127691146,144.0668331702586,803.5857152487729
550,550,18.615417111744502,166.70720272871597,300.5857551878748
551,551,4.6795575496402995,17.696457494519688,507.58573875170373
552,552,4.406084826882847,19.27061347420648,693.5857239829703
553,553,3.5545781237649616,15.539428246027994,782.6436177376511
554,554,17.565938893607427,19.81081088914789,491.5857400221323
555,555,8.929554339283396,12.395678035216068,208.5857624928397
556,556,2.293065646145338,4.570760433424828,584.5857326377655
557,557,2.764788626445265,6.186732536552334,863.5857104846657
558,558,6.301500845608912,16.249244961698494,1054.168039020076
559,559,18.082854053985677,22.001141379636888,262.5857582051429
560,560,2.012803792410733,8.625620357851203,547.5959088769893
561,561,10.792843981233174,13.649981135943152,179.58576479549168
562,562,12.387562811460198,15.033462931741495,150.58576709814366
563,563,4.678394266866788,15.458076268258653,3285.230902043269
564,564,8.972693261387294,15.120388686327054,1786.5856371968107
565,565,7.878305323115174,17.59115582220274,598.5857315261405
566,566,3.7215156007077232,7.075883980528027,3355.714701120785
567,567,4.26313649610642,9.10999377919059,1111.5856907930208
568,568,10.581420663835486,13.44415057855628,257.5857586021519
569,569,2.615491789674134,4.86370221141487,1221.5856820588235
570,570,13.577767534667098,15.090025682221356,401.58574716829366
571,571,3.1661651443637453,6.284615341263058,1369.9735422635215
572,572,5.376380268527354,639.8835702026439,876.5857094524423
573,573,3.4685482408020665,12.979593488646188,560.5857345434086
574,574,6.118732522416612,13.603041200549256,657.5857268414347
575,575,2.6529589814074144,7.25338681034177,578.5857331141764
576,576,2.1872229722719063,18.86790220430229,471.0938502979696
577,577,5.029072438357557,40.76606664504097,859.5857108022728
578,578,13.769197958798301,16.005309564654542,371.58574955034754
579,579,9.594782540474847,31.17712276361952,251.01789069958312
580,580,2.3614482641695687,8.189097249844663,546.5857356550338
581,581,8.029958540303035,12.476178763105846,346.5857515353923
582,582,2.7459000942836007,7.0418044347729465,524.5857374018732
583,583,5.429371749993758,38.817429730625065,850.5857115168886
584,584,5.713516533607668,9.502601167973664,857.5857109610762
585,585,7.648793849829643,8.010343065173059,454.58574295999847
586,586,4.716661982642621,18.889239387441872,765.585718266041
587,587,7.947618758194501,11.123280367961677,250.5857591579644
588,588,7.28515025296853,10.010384808586688,221.58576146061642
589,589,2.9867319681366182,6.193003074908048,2551.585576454439
590,590,4.971470310515368,13.932860565331845,726.5857213627112
591,591,9.701106819814257,13.876391875639428,226.58576106360744
592,592,8.30792755914061,63.3624653131185,456.97355178318014
593,593,2.4187599017775105,7.447433740847959,598.5857315261405
594,594,4.9134600146615615,66.94281793962415,763.4585635073801
595,595,32.90131917526375,34.792990865930825,204.58576281044685
596,596,11.051637747240695,13.952540244810235,477.5857411337574
597,597,12.598752613583967,16.54635351313617,229.585760825402
598,598,3.6706311414748534,8.293742799657897,618.5857299381046
599,599,8.53523199904607,14.883630389623349,564.5857342258015
600,600,2.7857376633081627,8.758566060456559,1500.5856599057233
601,601,2.3243513822902884,9.814971584572756,641.5857281118634
602,602,2.0749535981684013,5.394406270045973,662.5857264444257
603,603,3.8678344994156695,6.46184887380808,672.5857256504078
604,604,2.3678565754545224,9.77699738791819,572.5857335905872
605,605,8.187874760918513,27.19903685722457,328.5857529646245
606,606,2.676148147724781,5.314605980883492,977.585701432861
607,607,8.011683590082612,8.263949358676095,316.58575391744614
608,608,2.052925280704603,5.639113195957985,735.5857206480949
609,609,11.55430222633033,14.576347157210247,144.5857675745544
610,610,7.598420591870455,7.830721294044879,278.5857569347142
611,611,3.4473169544013165,8.107375670936813,2148.5856084533616
612,612,4.189754285934072,29.0610359387851,747.6702578770523
613,613,8.746840347313906,26.42268803821761,816.5857142165497
614,614,13.916476935900713,16.07706829312023,345.58575161479416
615,615,4.146645811532116,7.6272636442305055,904.585707229192
616,616,3.938683011818199,10.990839049595268,607.5857308115244
617,617,3.799970903068064,11.439083020100913,1154.5856873787438
618,618,5.397407198326095,7.2655851606344735,599.5857314467387
619,619,4.255299152547398,13.935998554042854,619.5857298587027
620,620,6.056888304641472,10.629071487685584,679.5857250945952
621,621,2.3418096604439773,6.2004843018382445,429.5857449450435
622,622,3.39212378237036,10.283063590725227,1470.585662287777
623,623,6.0746753312703525,24.01564810909491,266.8364515022847
624,624,2.7345360332912434,7.222585047669518,1173.5856858701095
625,625,3.5167618255709967,5.9757800023878325,84.58577233866201
626,626,6.172171240935281,9.464716247132193,352.5857510589816
627,627,3.3842632130591688,8.117927678994457,644.585727873658
628,628,4.568594163082577,8.461762128301217,325.58575320282995
629,629,3.3671966133896154,6.215048741488235,1128.5856894431904
630,630,5.380704984780063,16.408977310563714,462.5857423247843
631,631,5.359895978216504,51.87850048793013,873.5857096906476
632,632,12.606542279142944,14.168477026480096,381.5857487563297
633,633,7.223320812740518,22.101687076880022,474.58574137196274
634,634,3.642713856119393,10.544883413046742,739.5857203304878
635,635,6.2796920067541215,8.311140235778291,331.5857527264192
636,636,3.925923536593421,12.225303223696795,1077.5856934926821
637,637,23.568297790555416,31.022954839004736,400.58574724769545
638,638,2.0199761308368283,6.190273756507793,249.58575923736615
639,639,6.142258836343648,13.678102103306092,656.5857269208365
640,640,11.138078527223954,13.422151264425151,476.58574121315917
641,641,1.9717502804939355,4.8128910133119644,710.5857226331398
642,642,2.7419707151328763,19.167341748137556,895.0107895499382
643,643,4.476308483512117,14.314215492650206,795.5857158839873
644,644,10.905713237477677,12.5298547839699,477.5857411337574
645,645,1.9621957513546464,4.929780181173065,601.5857312879351
646,646,7.024097065897995,11.648201901136865,350.5857512177851
647,647,4.158577765318107,12.627011402398253,1065.5856944455031
648,648,26.955756226478204,30.442563406509986,465.5857420865789
649,649,19.69287661902689,25.41532983688179,539.5857362108462
650,650,3.668534225750853,6.8945291698204585,614.5857302557117
651,651,6.979274455411428,8.822927146954006,462.5857423247843
652,652,2.701704374336184,6.3556643948032585,1018.5856981773877
653,653,5.928385170598191,52.85403708429766,735.538617696687
654,654,3.961122545807668,8.962635311860822,381.5857487563297
655,655,4.314821829708261,12.368182645668426,2264.5855992427537
656,656,2.40393971297817,4.352267198301625,1234.5856810266002
657,657,2.369746130747148,5.7261136082733275,602.5857312085333
658,658,7.627963235697727,10.07241614571372,331.5857527264192
659,659,3.8551787243006577,6.170006020243336,653.5857271590419
660,660,22.60047163887548,37.072460545624935,249.58575923736615
661,661,13.405256910089953,20.006293892493307,145.58576749515262
662,662,7.915222393176728,16.215626051321994,1804.5856357675784
663,663,4.446897292015593,20.013209567428678,798.5857156457819
664,664,3.1388993793816966,6.995916320424758,615.58573017631
665,665,9.488206406787814,17.02837587173072,342.5857518529994
666,666,2.3486148317617537,10.547352452678103,469.58574176897173
667,667,6.47921077023323,9.974081496852957,347.58575145599053
668,668,3.7181827935412533,10.037014766386584,607.5857308115244
669,669,6.684486802865102,16.87683341020849,399.5857473270973
670,670,6.077947819762093,8.739036530059629,662.5857264444257
671,671,3.326331009941552,8.998930205265431,1132.5856891255833
672,672,4.0027064607801615,10.737260542918834,486.5857404191413
673,673,23.409918540431534,26.1536104323487,334.58575248821387
674,674,9.453008220035338,11.782912005040965,358.5857505825708
675,675,4.75119975542949,18.20835078742584,793.3945295514336
676,676,4.4529787778894745,8.647705229905172,173.5857652719024
677,677,7.838375719077685,10.528852584866222,347.58575145599053
678,678,6.345003712731183,9.395656245132187,358.5857505825708
679,679,4.654946505778415,16.32197339673807,801.5857154075765
680,680,7.9067939767183715,29.744750443998853,506.5857388311055
681,681,6.3180021481067685,10.478182079876683,395.5857476447045
682,682,5.825387345433617,17.471072687310144,310.5857543938568
683,683,4.322363510221442,9.406488209341429,549.5857354168284
684,684,4.186076846959638,11.059012303107076,184.5857643984827
685,685,5.991502729899868,11.01023556089222,173.5857652719024
686,686,4.183053184541166,11.39986268047158,625.5857293822921
687,687,4.207273086114642,17.440552671757327,478.5857410543556
688,688,2.380592527897244,7.089175956628625,581.585732875971
689,689,9.044130893251127,26.157680979377407,307.5857546320623
690,690,3.5682435237666166,12.954128775925556,165.17565028761243
691,691,2.777621912127193,8.691440821883438,1178.4664455102513
692,692,13.748277012376278,35.57666989137787,257.5857586021519
693,693,4.181824774749103,17.918600797300748,708.8707572993352
694,694,3.3934981986637367,9.289700394234275,641.5857281118634
695,695,4.178767225904873,11.225983309152438,573.5857335111854
696,696,5.632709730253523,69.81702672374054,744.6165269361184
697,697,9.73939488056132,23.94142936678957,515.5857381164893
698,698,4.184770347023169,13.227624499646735,925.5857055617543
699,699,2.2105223106847283,3.893521781792989,1184.5856849966901
700,700,4.106789977515338,11.375144066002484,2160.58560750054
701,701,4.309330932106879,16.028625724959614,550.5857353374264
702,702,3.2929711659935372,7.745450401125972,624.5857294616939
703,703,12.660848358147115,29.703158049949593,608.5857307321222
704,704,2.0764151010670235,7.629469163193169,658.2016401888546
705,705,4.4690145709422735,23.82291907654009,610.585730573319
706,706,9.703875545052108,23.978521787510967,460.58574248358804
707,707,3.1882391719937617,7.539488515754902,694.5857239035686
708,708,3.4781353803433084,12.292293410787757,1283.5856771359124
709,709,3.0006249504987728,9.570155514204082,1033.8940424655252
710,710,3.489123602824917,10.666249854898432,631.5857289058813
711,711,4.112970502933573,10.373732529521092,447.58574351581115
712,712,4.9518753964502285,12.5307249183911,507.58573875170373
713,713,4.409048613023524,23.644047708733158,687.5584521825792
714,714,3.8031501572369737,8.674058399123956,628.5857291440867
715,715,32.04796892327792,35.687921526386646,234.5857604283931
716,716,4.106481938513872,9.73735905086684,390.58574804171343
717,717,12.262452884994474,37.40892124793547,374.5857493121421
718,718,4.598455907803516,14.28225770051724,512.5857383546946
719,719,8.208447804681816,20.155407212777835,470.5857416895698
720,720,3.927135119265584,7.911962582249669,631.5857289058813
721,721,5.083014440987406,13.802448050839946,509.5857385929
722,722,4.289737490020883,13.195410652645442,542.5857359726408
723,723,3.949506828623916,8.532136507020809,628.5857291440867
724,724,4.186498498040597,14.085564409524743,574.5857334317835
725,725,5.004431448025692,62.95004866998534,811.5857146135588
726,726,4.917178897155976,48.33737102479128,735.6805937023079
727,727,5.151867168723818,9.553090487528905,605.585730970328
728,728,3.956100773153438,7.286936830913555,663.5857263650239
729,729,2.338821068903476,5.350777242844225,1384.5856691163315
730,730,9.741942185409954,24.7255308687306,680.5857250151935
731,731,5.441027083440324,26.52876630427852,802.5857153281747
732,732,2.8205421984653767,8.602916611711832,1194.5856842026724
733,733,2.9326665210686564,10.32800787934871,1208.1195814195778
734,734,7.381096208923235,13.484691190829787,339.58575209120477
735,735,3.18162374875437,10.773307279777123,1194.9022217453005
736,736,6.270872434603207,9.188288524389467,334.58575248821387
737,737,12.38510093903105,22.821609416708583,385.58574843872236
738,738,4.4157420914023495,15.324478311977847,2063.585615202514
739,739,6.498419943070062,10.519180161177829,336.58575232941024
740,740,4.136160085377837,6.928048176603192,652.5857272384436
741,741,2.9694026648024874,5.157561197743907,480.58574089555196
742,742,2.078906081418896,7.656267688457342,1151.5856876169494
743,743,5.0552230782471295,23.63301298026387,811.5857146135588
744,744,2.2627608049859016,8.325098079102366,785.5857166780053
745,745,2.2434006345075064,8.270347688945497,637.5857284294706
746,746,3.564696701456583,10.382331449466227,1145.58568809336
747,747,5.393684030330912,12.641733777116695,330.5857528058209
748,748,6.054559583578078,8.871264519558379,334.58575248821387
749,749,2.5196016752905983,11.228200660177984,442.58574391282013
750,750,3.671902567503438,11.506263799475837,793.585716042791
751,751,2.5585998453575645,7.4027611226733265,543.5857358932392
752,752,4.969024730372348,13.221640851154365,247.5857593961698
753,753,5.035702952035245,9.610303170212754,459.58574256298965
754,754,9.088860492560329,17.435790367374732,268.5857577287321
755,755,3.3233155156961636,15.279730415833821,422.0160755603324
756,756,6.885831767410347,7.1485159401200775,435.58574446863264
757,757,3.2607904589572847,9.123400079662307,1074.5856937308872
758,758,7.285113298824428,17.498124556168605,501.58573922811433
759,759,4.891367241782003,13.994883569204376,2145.585608691567
760,760,3.3641065550216904,8.709303277782677,223.58576130181282
761,761,31.015788227915404,57.84219383586194,329.58575288522275
762,762,3.07251418835156,10.118800760210481,294.5857556642855
763,763,3.1989042531449847,7.330325487124338,2084.5856135350764
764,764,13.093073094547071,38.12582462724771,430.5857448656418
765,765,3.398761849491629,11.353893559338589,225.5857611430092
766,766,3.2699874410731136,6.439379931761124,133.58576844797415
767,767,10.60805595107047,15.039060956153202,322.5857534410353
768,768,10.509898943836774,16.38067335145356,604.5857310497298
769,769,8.782065719286821,12.23817505571356,234.5857604283931
770,770,10.147835269970434,14.05698622493164,168.5857656689114
771,771,8.023323691056698,11.625340244495373,202.58576296925045
772,772,18.160151442374914,22.46446488807361,259.58575844334825
773,773,4.386040636755387,11.860108635481756,247.5857593961698
774,774,3.94210303341006,7.051237839841982,126.58576900378668
775,775,4.672636645232237,12.761140134937145,120.58576948019743
776,776,3.5823600230833232,12.25057348726816,271.5857574905268
777,777,5.344919403636744,18.12745902860025,87.5857721004566
778,778,7.181337143803259,10.564542326093813,849.5857115962906
779,779,9.36559945275839,12.912753936938884,207.58576257224152
780,780,3.0252366343249606,7.499616909658682,184.5857643984827
781,781,10.897294352764966,17.137730280616804,192.58576376326835
782,782,6.917095447391857,11.779256611892073,236.5857602695895
783,783,6.609634092771702,7.551095229969277,154.5857667805365
784,784,3.411645392525484,5.847761208540052,348.5857513765887
785,785,19.708090981839884,26.63130853658884,236.5857602695895
786,786,23.701052339597073,27.10910744925532,252.58575899916082
787,787,4.628438950771572,19.387264684110328,149.58576717754542
788,788,5.72789030846279,15.845430762503135,375.58574923274034
789,789,17.769395811580697,20.72473803232924,240.5857599519823
790,790,3.348469452501686,7.949536990428188,2181.5856058331024
791,791,10.991900869740439,32.646402292393326,365.5857500267583
792,792,8.01260872499945,16.842159071238488,473.5857414513646
793,793,23.234135695839466,28.092119298142023,287.5857562200981
794,794,5.9824566492209375,8.983101436542896,123.58576924199207
795,795,4.213171736720623,9.181362677620301,215.5857619370272
796,796,8.95556958273895,46.64152764953536,136.21973948250783
797,797,14.424242793102374,19.97518020822625,1205.5856833292526
798,798,2.2570432927058595,6.556538077347208,620.585729779301
799,799,17.470300515712527,31.76447910918121,313.58575415565144
800,800,2.975249497314106,8.573931652560132,108.58577043301895
801,801,3.2867537625304597,5.02796334930651,321.5857535204372
802,802,15.356261431894062,20.125822040703166,1241.5856804707878
803,803,6.538024067907919,17.394998283319786,59.585774323706815
804,804,2.657542066807599,5.771990413852284,72.58577329148352
805,805,12.772880514526506,20.20868228412198,344.5857516941958
806,806,7.373836367837003,72.00523726643755,200.4616029817949
807,807,5.123847665453479,8.729510053058798,324.58575328223185
808,808,5.045576325802808,9.762804696232855,980.5857011946556
809,809,2.504263207147706,6.056812231929992,122.58576932139387
810,810,6.446187859772638,10.766053201466462,400.58574724769545
811,811,6.533272420345341,9.85964354637736,201.58576304865227
812,812,4.317563585204948,9.265870810099944,85.58577225926021
813,813,4.82189704171035,8.752159751738228,231.60760465794567
814,814,6.149250107628206,8.253375494928749,436.58574438923085
815,815,5.809565458143911,17.807510922284308,542.5857359726408
816,816,7.661075803637867,17.978150551161605,114.5857699566082
817,817,2.5307668491203694,6.3640573340841335,2092.585612899862
818,818,4.272092083807404,23.980316716477322,689.5857243005772
819,819,4.3049419928258645,8.785099852284974,1062.5856946837089
820,820,3.0590214978739985,5.4537436691285075,592.5857320025513
821,821,3.1462394347247487,6.6074940224828485,617.5857300175064
822,822,2.4210636328702044,9.843244054133644,488.5857402603377
823,823,2.3895560955119457,6.731919153003128,634.585728667676
824,824,5.280439658570558,8.139468521642405,457.5857427217933
825,825,19.863395127437574,30.61235786337821,293.58575574368734
826,826,16.885663423372502,18.207704771494857,256.58575868155367
827,827,2.988124920885248,6.224502938587676,309.58575447325865
828,828,7.63614594790603,20.920325973549765,503.5857390693108
829,829,2.878259629186911,5.5338958207683895,61.58577416490324
830,830,2.4108578047509512,8.01299890259615,500.5857393075161
831,831,2.4762218918164174,7.4216314663344916,680.5857250151935
832,832,3.1202466391083683,12.618952609860823,3305.585516585488
833,833,2.710778880900181,9.383118384143977,3289.585517855917
834,834,2.559490579711324,8.538380641943332,3261.585520079166
835,835,4.734768496919197,24.930623625487556,791.5857162015947
836,836,3.949623402948012,13.658931541789586,675.5857254122026
837,837,2.975457677362274,6.643359940466827,2552.585576375037
838,838,2.283661607426444,5.6883975561311075,1153.5856874581455
839,839,3.0628768472778063,7.0929354227088615,333.5857525676157
840,840,13.68053668326498,16.04597240529725,375.58574923274034
841,841,3.666864327203257,6.975104165773798,218.58576169882184
842,842,2.4223534210114046,4.8844826517794235,2275.5855983693336
843,843,2.999094596342624,7.404118977458611,3592.585493797173
844,844,5.273042152951432,16.66508538040053,2071.5856145673
845,845,2.7979469879267835,5.621074949319844,2097.585612502853
846,846,2.858292331914228,5.8600692416489455,2094.5856127410584
847,847,2.9363026131274097,6.024938301941124,1872.5856303682565
848,848,4.942528582946583,12.854553136214257,1867.5856307652653
849,849,2.8755238051242515,5.730203909668522,2100.5856122646474
850,850,5.190229887229399,14.033304771758035,1191.5856844408775
851,851,3.6600428804145566,9.631052682614367,1220.5856821382256
852,852,6.008462625850536,10.49293708143779,402.585747088892
853,853,2.8099742185439913,7.913831108357103,1519.5856583970894
854,854,2.6036787760271918,7.28823481693923,1520.5856583176874
855,855,2.31812702387017,6.335838313121685,1153.1905864961611
856,856,2.0181536803248994,7.349291979669143,643.5857279530597
857,857,5.8226786832427635,5.8226786832427635,1310.585674992064
858,858,4.53798233718391,8.511935822823808,719.5857219185235
859,859,2.296650424779191,10.163728499879163,547.5857355756318
860,860,3.167463237593187,10.553205907850804,1271.585678088734
861,861,6.315656538660871,9.6640940958123,289.5857560612945
862,862,1.9084173097941333,5.297206623722704,852.4579164643103
863,863,2.6854951421790507,6.682741256055768,271.5857574905268
864,864,5.6004025417483465,17.02819393755799,302.5857550290712
865,865,16.14827445356991,142.26979524739187,268.5857577287321
866,866,10.999274814958632,17.686467289149586,221.58576146061642
867,867,9.967243224596146,20.498073440082056,213.01151280128758
868,868,6.072294920627417,9.443920966910838,240.5857599519823
869,869,4.1140265441194215,11.09805414078361,767.5857181072374
870,870,2.4751185928393062,4.6998260411907165,1147.5856879345565
871,871,5.5165897625358165,10.190490693459457,458.5857426423914
872,872,5.681015910403433,7.32102360571209,121.58576940079568
873,873,11.09086402496313,26.34908472663373,296.585755505482
874,874,8.606597352737943,22.69224433770475,363.58575018556184
875,875,2.4580517408281968,8.462797118732707,1524.5856580000805
876,876,2.219309534193067,4.884184602928992,1373.585669989751
877,877,2.466150112975616,4.637418420888097,1177.5856855525024
878,878,3.43199148810054,10.605220075803523,929.5857052441472
879,879,2.3714604294586903,6.362268043065964,575.5857333523818
880,880,2.4688794423567058,16.857492688891607,468.9700846237468
881,881,6.356714864629632,10.449762635665506,406.58574677128473
882,882,2.9142475020248466,7.21986471844257,2564.458303244592
883,883,5.463001002644229,17.18406010290259,1976.585622110471
884,884,4.6357539387775235,11.43419290382891,1733.5856414051057
885,885,4.619141801683712,11.317447948979886,1853.58563187689
886,886,3.4273060832018527,8.758524074534739,1188.5856846790828
887,887,2.8397410552605318,13.435810894544352,3337.58551404463
888,888,5.081161523094325,11.1258891577656,652.5857272384436
889,889,11.417020262598289,20.659559439377926,361.5857503443654
890,890,4.700100854995321,6.7846941905777065,552.5857351786229
891,891,6.5131169315651976,10.952839917279437,412.58574629487396
892,892,3.4730167993097543,10.265994217447425,777.5857173132196
893,893,2.466148519166051,4.637397974401348,1177.5856855525024
894,894,3.7467780827676873,10.229053404522023,1309.585675071466
895,895,4.23624491376068,7.854685621602227,640.5857281912653
896,896,9.076958736571843,23.681113431060343,479.58574097495386
897,897,22.95988076445916,33.593856831109164,185.58576431908094
898,898,4.83453750571627,10.336790926317393,335.58575240881197
899,899,7.601065265297635,12.414475303905627,260.58575836394647
900,900,3.6377108747013738,14.736896326671081,526.5857372430696
901,901,2.4076840920239047,9.727213606522255,436.58574438923085
902,902,4.188962079535009,11.483162062814634,742.5857200922823
903,903,7.137256579649229,10.602602877775457,845.5857119138975
904,904,4.155771291446242,51.78081704600593,887.811580454068
905,905,18.681292674118367,21.14795231961389,258.58575852275004
906,906,5.3564679290834665,12.5034660260054,165.58576590711678
907,907,17.495108346866285,32.710111821910004,442.58574391282013
908,908,7.7134477217111375,22.23049620881395,226.58576106360744
909,909,3.3603672502449027,8.913867216349326,605.585730970328
910,910,5.736506957790994,16.418137287696883,445.5857436746148
911,911,2.3305811046683336,7.636390475824169,533.585736687257
912,912,18.010094660540926,21.424070733227342,501.58573922811433
913,913,2.2421894306825534,5.279956645121226,1394.5856683223135
914,914,3.2098913012197436,6.424197320664471,910.5857067527812
915,915,7.01693747081475,11.715590029256745,500.5857393075161
916,916,6.3429228592645135,16.201822914022742,614.5857302557117
917,917,5.543581132311528,45.936432087856026,856.608845977842
918,918,12.039025914507327,18.0899412829028,207.58576257224152
919,919,22.864693531546337,27.340691851331247,244.5857596343752
920,920,2.597030534203752,5.784927827549605,2096.5856125822547
921,921,10.099571470543745,12.902656149866688,194.5857636044648
922,922,8.636064855155611,12.485975292917088,353.58575097957976
923,923,21.060419418224047,25.29603972675752,206.5857626516433
924,924,8.092449893278634,12.625356205559196,371.58574955034754
925,925,4.136859883960351,7.358561852738602,452.5857431188022
926,926,7.248595440236494,10.660001122318773,232.5857605871967
927,927,6.367267207215214,9.672142270512033,237.58576019018776
928,928,3.6387096097182483,17.203431629906735,439.5857441510256
929,929,3.804290729289288,6.525746387585246,669.5857258886133
930,930,3.912584993330079,7.1652667963723715,628.5857291440867
931,931,3.4533835778989084,6.204770888390633,620.585729779301
932,932,7.492552210912982,12.292035060757296,490.58574010153404
933,933,2.4411099882473746,7.131233979129942,1321.5856741186446
934,934,5.63983970995245,13.977243030632046,509.5857385929
935,935,5.722711738650818,30.594882497911787,834.5857127873172
936,936,4.209216352970773,7.41033983157376,674.5857254916042
937,937,4.935302638624656,11.873834260181875,536.7372200565968
938,938,5.280855149288544,17.75450004440292,465.5857420865789
939,939,4.74054619552808,19.161646388919,749.5857195364697
940,940,3.188012341024496,6.269296979891587,1342.5856724512068
941,941,4.617120992384487,15.955537338082593,926.5857054823524
942,942,19.168692145624306,22.642156114227664,365.5857500267583
943,943,3.693937256838957,13.217570363361904,2657.585568037849
944,944,3.544539332846108,10.352466841783619,734.5857207274968
945,945,3.5465945483069135,14.46516056933591,142.58576773335804
946,946,5.68063716544146,9.358691110185957,572.5857335905872
947,947,5.02631553228732,12.761713365753307,589.5857322407568
948,948,4.4227336151215395,32.01813876952391,740.5857202510858
949,949,4.720002112596167,15.691795178002401,619.5857298587027
950,950,3.84119419438842,8.01972041699281,199.5857632074558
951,951,4.930178074335559,11.82390284614217,537.5857363696499
952,952,8.320002695461051,12.330934305823419,225.5857611430092
953,953,3.7892472855501462,7.933728179951072,163.58576606592038
954,954,9.468299006381123,16.54332140208042,237.58576019018776
955,955,3.6309541333430486,21.489973350914536,861.5857106434689
956,956,4.273527093903971,16.24163828461278,480.58574089555196
957,957,3.1310146413027944,4.06654485006473,477.5857411337574
958,958,7.664375036287288,21.980885384974627,541.5857360520424
959,959,3.935655598715928,19.680855872123526,539.5857362108462
960,960,7.544723711161058,23.457510934729342,539.651141832417
961,961,4.684692668650674,44.106378099764974,737.4038770818173
962,962,3.2795078081366427,9.237740624763527,1129.5856893637886
963,963,7.622525245106119,12.167322786831493,464.58574216598083
964,964,9.570692627519412,18.20842772577922,596.5857316849441
965,965,13.540952105823722,13.955631783659319,296.585755505482
966,966,10.597641616431467,30.87844682786931,781.5857169956122
967,967,25.855832893813663,36.16774456677968,310.5857543938568
968,968,3.2377889921569127,4.184137939599217,520.5857377194803
969,969,3.068912503950556,8.005016091744926,270.5857575699285
970,970,5.449230266784885,12.000325748985805,611.5857304939171
971,971,3.1025399497640525,9.903924065619963,934.5857048471382
972,972,3.379139686650593,10.283802622834038,745.585719854077
973,973,2.3150200658330107,5.4994601762210475,1288.5856767389034
974,974,7.221693747415018,10.59366150256347,932.5857050059418
975,975,7.118853308704934,11.918504423122306,227.5857609842057
976,976,7.53431395232468,12.103162541362686,195.58576352506302
977,977,4.1059537169286475,18.24298425856247,544.5857358138372
978,978,22.554990072636013,36.31486107371214,289.5857560612945
979,979,4.465498030159004,7.766226614597876,447.58574351581115
980,980,8.676744295615268,12.786384052869446,229.585760825402
981,981,3.057512074322595,7.236004265301028,289.5857560612945
982,982,3.5539249256879426,8.659279073031692,663.5857263650239
983,983,5.765640999405153,8.595168115648901,603.5857311291314
984,984,7.0938937142049525,13.936926530732356,193.5857636838666
985,985,6.5474373061541264,18.914778061548365,319.58575367924067
986,986,4.6080541620115545,10.659408255606918,450.5857432776057
987,987,9.844661224853539,31.97633377184581,381.5857487563297
988,988,4.658737511911447,29.27344319172944,759.5857187424518
989,989,15.38922196008889,23.40643705863668,190.58576392207195
990,990,12.01164423111931,18.876617993648363,222.5857613812146
991,991,14.111359153860226,20.72800307312265,192.58576376326835
992,992,5.6384446489035325,7.607333003036102,426.5857451832489
993,993,5.679336350352948,15.464960957873034,769.1800191221088
994,994,11.18563448391721,16.35814822564651,444.58574375401656
995,995,2.1086441156782665,8.138559033400067,607.5857308115244
996,996,2.142644699886972,3.7502697207227182,1208.585683091047
997,997,2.4119183912523936,4.227490464937263,990.5857004006378
998,998,5.169314364648341,11.222233248265626,674.5857254916042
999,999,2.7763795659978765,6.125831890177162,832.5857129461209
1000,1000,3.293751291044017,7.891178666732049,829.0174567200193
1001,1001,2.3697626602170754,9.14585894516582,562.5857343846051
1002,1002,5.991400244808794,10.08433360784902,465.5857420865789
1003,1003,6.613238049917553,9.201811112967263,387.5857482799189
1004,1004,8.756577580927228,11.014123971889815,332.5857526470174
1005,1005,8.474887454817637,10.836399469332266,332.5857526470174
1006,1006,9.94933400448839,13.210825561758456,329.58575288522275
1007,1007,3.970548077930925,6.844908124502277,635.5857285882743
1008,1008,3.0035897358996624,5.3058908952771455,642.5857280324616
1009,1009,2.6679970068092165,5.383933739192041,632.5857288264797
1010,1010,5.515074454270806,9.390226728402334,351.58575113838333
1011,1011,5.511214181794671,9.093854610803207,350.5857512177851
1012,1012,7.819139662134421,12.711358835141144,426.5857451832489
1013,1013,12.086656204173396,14.972844719347684,357.5857506619725
1014,1014,10.658437183045203,12.176556059241367,375.58574923274034
1015,1015,12.305382096071527,14.160360408418267,266.5857578875357
1016,1016,11.520651320706826,13.042091860772553,259.58575844334825
1017,1017,8.367401419878831,12.50755503094878,423.1282952930162
1018,1018,3.73751829036152,18.496132621095953,449.5857433570076
1019,1019,3.833028350681948,19.52333055285221,443.58574383341835
1020,1020,2.5177546798148183,7.578538157194995,615.58573017631
1021,1021,4.597562797542572,12.246069156667852,269.5857576493304
1022,1022,3.2633520919320684,9.569353909388608,1343.585672371805
1023,1023,8.761448411333014,10.56307654108285,375.58574923274034
1024,1024,10.475182204579843,11.931519763891096,326.5857531234282
1025,1025,1.9117291555592328,4.717506232800296,729.6775748147577
1026,1026,5.9372684707007135,10.548628692701254,674.5857254916042
1027,1027,3.267169292835113,6.291368359662354,174.58576519250062
1028,1028,4.957226118716544,18.757629270187554,799.5857155663801
1029,1029,3.6161539268325193,9.859684660069405,903.5857073085936
1030,1030,7.099490531509754,10.430921260877453,849.5857115962906
1031,1031,4.603378521438441,12.814119733957822,647.5857276354526
1032,1032,2.5941852179953933,6.854360940633801,1531.5856574442678
1033,1033,4.086277340393848,18.999934076410614,545.5857357344355
1034,1034,8.292228533918651,12.804365841303772,282.58575661710705
1035,1035,3.012624695119646,6.814519967372428,533.585736687257
1036,1036,5.0864655051418985,13.522640076349802,418.58574581846324
1037,1037,5.277572018793384,14.254658328368855,411.5857463742758
1038,1038,3.930522501214544,11.676248203551035,354.58575090017797
1039,1039,2.6865700627149693,7.3168370681178345,1445.585664272822
1040,1040,3.34567283962904,14.801096358190089,483.81583242757483
1041,1041,3.905541223835781,16.99986953969631,557.585734781614
1042,1042,2.4429167808124395,6.59391831717713,588.5857323201583
1043,1043,15.572842438636608,16.20418176024735,464.58574216598083
1044,1044,14.350225768290224,18.79178219281786,739.5857203304878
1045,1045,13.669168283220898,17.493714899725106,734.5857207274968
1046,1046,15.858071008386734,19.352833325853734,689.5857243005772
1047,1047,2.1152085466688395,5.92934141849948,588.5857323201583
1048,1048,5.664902716688744,10.09636167151971,478.5857410543556
1049,1049,2.469041471268585,4.837384283020076,616.5857300969083
1050,1050,3.2708293675546094,5.883964097420182,621.5857296998992
1051,1051,4.431537595719857,11.738270367718394,310.5857543938568
1052,1052,5.124368813145695,8.251811990351502,505.58573891050713
1053,1053,2.6041036777076925,5.831334999033327,2109.5856115500314
1054,1054,11.958086846187275,19.59218639442187,314.5857540762497
1055,1055,12.616412264886868,21.48648769115819,288.5857561406963
1056,1056,8.847979409165445,16.43695475037292,310.5857543938568
1057,1057,13.747484408699913,23.69608531349689,276.58575709351777
1058,1058,9.77102447727954,16.921456467320677,288.5857561406963
1059,1059,7.8428553442453675,54.19138060327989,462.6991086384732
1060,1060,8.56572446980166,98.15366506570486,440.3395289741532
1061,1061,6.132408197558418,10.73652142170256,670.5857258092112
1062,1062,18.796236237176632,21.678804884290265,494.58573978392684
1063,1063,4.553791237257894,41.03038440507317,726.5857213627112
1064,1064,6.1174771892261255,10.030689142288,166.585765827715
1065,1065,5.7244374776781335,18.527152243205915,731.5857209657021
1066,1066,2.7036442561097282,9.683037217559864,436.58574438923085
1067,1067,2.250405905217092,6.38294902916618,459.58574256298965
1068,1068,17.648230215630086,32.2082514897999,384.58574851812415
1069,1069,13.380332791378072,31.929300574888515,456.5857428011951
1070,1070,3.617447019386845,14.288249822039099,496.5857396251232
1071,1071,3.173981401420236,9.31464367065494,800.5857154869783
1072,1072,10.850059989341693,17.83762790547821,243.5857597137769
1073,1073,3.358042273723384,6.148339225231407,125.58576908318848
1074,1074,3.744285345050541,8.214710854655907,399.5857473270973
1075,1075,6.530477125645603,11.387182495325506,356.58575074137434
1076,1076,2.2204258414368847,10.002038310283963,204.58576281044685
1077,1077,2.7490994560707955,20.302521409338933,213.47561009872064
1078,1078,2.980686701983791,9.6396251931776,1186.5856848378864
1079,1079,4.746423098252318,12.55307558237734,717.5857220773271
1080,1080,8.294407870980317,15.944212655326824,250.5857591579644
1081,1081,5.872413349397951,16.697859190924518,1091.5856923810568
1082,1082,24.91044759165171,41.794091022872024,113.58577003600998
1083,1083,18.59677629216504,19.83894627905555,442.58574391282013
1084,1084,6.181183617503521,10.110004800854602,208.5857624928397
1085,1085,6.040813786609348,9.563951933304374,207.58576257224152
1086,1086,7.214905825506631,11.392857427099754,175.58576511309886
1087,1087,24.05509729660204,36.79255322727745,107.58577051242077
1088,1088,30.246471566243876,44.471278006922645,94.58577154464407
1089,1089,16.742388792231555,22.00489859574515,354.58575090017797
1090,1090,11.129431080075333,19.17983294834273,493.5857398633288
1091,1091,4.234729388938603,9.131104506996683,195.58576352506302
1092,1092,36.823599780143454,188.39760211076614,168.24815042310587
1093,1093,41.25587998027545,69.26650584101519,412.58574629487396
1094,1094,5.1786594623206685,7.527584475538488,143.5857676539562
1095,1095,110.33084005916372,143.63936397872038,122.58576932139387
1096,1096,37.9682100215118,51.21292707774784,121.58576940079568
1097,1097,12.624788202579696,23.687219025317198,618.5857299381046
1098,1098,3.6836990444070383,20.17739378867368,636.5857285088722
1099,1099,3.91438480161508,14.35252657096697,1315.585674595055
1100,1100,6.59876236361292,14.314406571634484,251.99023701445657
1101,1101,2.9208351992732737,7.372619316715528,731.5857209657021
1102,1102,3.8863184413068974,8.430101003765358,376.58574915333855
1103,1103,6.274718757530413,9.81247844361784,353.58575097957976
1104,1104,4.977981544814544,8.524887239548994,324.58575328223185
1105,1105,4.104860584128076,8.356241340991616,366.5857499473565
1106,1106,3.652763013415002,17.325473918197755,693.5857239829703
1107,1107,8.654406053554725,27.88713945261752,474.58574137196274
1108,1108,2.021671497236256,6.000273551399897,603.5857311291314
1109,1109,6.462372430308304,15.619876707755973,673.585725571006
1110,1110,6.757702249259374,10.31714335653673,566.5857340669977
1111,1111,7.936473075994573,13.34744042312461,284.58575645830336
1112,1112,4.225813530077923,11.986041905750339,716.5857221567288
1113,1113,2.1760243314389385,6.35055674973187,450.5857432776057
1114,1114,3.0567151139848363,6.5882913914857575,1052.5856954777264
1115,1115,2.731060701015325,6.106117747657119,1106.5856911900298
1116,1116,8.442026632065394,10.628004992110226,418.58574581846324
1117,1117,9.577472681148274,11.567887097239987,366.5857499473565
1118,1118,10.625597903136343,12.548657085837927,376.58574915333855
1119,1119,8.826114718175196,11.06655371509124,179.58576479549168
1120,1120,3.2531204935530567,9.727216370562315,1376.5856697515458
1121,1121,4.367630044659474,11.295225963508866,656.5857269208365
1122,1122,7.319120583105416,12.706467948796798,262.5857582051429
1123,1123,6.875530074287632,12.985647338725768,217.5857617782236
1124,1124,5.881225147383642,10.516704347086927,463.58574224538256
1125,1125,6.736652564802522,12.431524878430176,214.585762016429
1126,1126,4.405761294224802,5.0832934432635914,657.5857268414347
1127,1127,2.7795588181977244,14.568440762714618,405.017588021876
1128,1128,4.924731692603594,18.14208856580382,795.5857158839873
1129,1129,6.948393161153367,10.451955149156076,203.58576288984864
1130,1130,4.6129351631763935,9.315064531397383,335.58575240881197
1131,1131,3.209977803781714,5.9634748849918795,481.5857408161503
1132,1132,3.671204779418794,6.156930354943725,254.58575884035724
1133,1133,11.412225798893356,54.30874512487626,313.352607426604
1134,1134,17.234456201837098,23.18159058542749,357.5857506619725
1135,1135,3.6921086529542273,9.857194573916084,657.5857268414347
1136,1136,3.5506173652546607,9.541061362472966,652.5857272384436
1137,1137,3.5413405038368992,10.081964742860473,644.585727873658
1138,1138,1.8985291892793992,5.799331890864441,894.5857080232097
1139,1139,2.037602378387492,5.870784348268112,711.5857225537379
1140,1140,7.988706205444344,15.487937885545255,630.5857289852831
1141,1141,6.173942961749103,13.318389112369358,282.39473424405037
1142,1142,17.40078302035954,21.398891643416327,504.5857389899089
1143,1143,5.107832615474494,14.225932258538885,286.5857562994999
1144,1144,2.5920599339356354,6.671165657024237,869.7640424355068
1145,1145,20.94721550124264,25.952019751081878,239.5857600313841
1146,1146,21.856552903346078,27.07025314367054,228.58576090480392
1147,1147,23.51070174755505,30.28207921636857,272.585757411125
1148,1148,15.38632900970467,21.294035408663426,1204.5856834086542
1149,1149,4.196755803584053,8.451455211861086,346.5857515353923
1150,1150,3.5333649701178813,11.891184232599322,1298.5856759448855
1151,1151,2.3261404288644574,5.809618337079465,584.5857326377655
1152,1152,3.853587310333572,6.2738878994023874,252.58575899916082
1153,1153,17.591226431279406,17.951104239735184,486.5857404191413
1154,1154,16.49302148154694,21.53088301273224,359.5857505031691
1155,1155,13.167197176053426,20.62688796052201,188.58576408087555
1156,1156,9.551349056485217,17.158405981780792,186.5857642396791
1157,1157,10.218128242445184,10.584835246510428,223.58576130181282
1158,1158,6.424796761448147,17.457609001602005,666.5857261268186
1159,1159,7.892700699776566,34.341846230457634,659.5857266826313
1160,1160,10.324271188940092,54.22379510988989,331.5857527264192
1161,1161,7.473046716262412,39.67031241357631,446.0864616460566
1162,1162,4.827176824965319,12.560804053699169,250.5857591579644
1163,1163,13.732379707734168,231.33533114932416,580.256144779931
1164,1164,12.322606987905324,155.00214486408296,590.5857321613547
1165,1165,6.1586982320129655,9.112689061005597,341.58575193240125
1166,1166,7.706270824691943,11.279565211920962,242.58575979317874
1167,1167,6.90681507101734,9.611545084949233,241.58575987258044
1168,1168,24.100925050254286,42.77377557264507,308.58575455266043
1169,1169,1.8689598965252303,6.050826015609857,624.5857294616939
1170,1170,8.476774929476159,26.960680616233123,781.5857169956122
1171,1171,8.725300291020497,14.515258867398474,497.5857395457216
1172,1172,9.26609539274947,15.949826030879018,306.58575471146406
1173,1173,10.884445449768018,17.147693166946016,254.58575884035724
1174,1174,10.396337184800093,16.086226590230858,259.58575844334825
1175,1175,11.028789754828004,17.267127115500088,252.58575899916082
1176,1176,11.881508871623733,19.800758932270558,328.5857529646245
1177,1177,12.68199944756132,22.82141887742065,297.5857554260802
1178,1178,14.858549373695858,23.264652085929193,212.5857621752325
1179,1179,13.555645567153768,18.36942255777517,468.58574184837363
1180,1180,2.2124906969216305,8.761614107275125,493.5857398633288
1181,1181,5.340497242214088,20.880629331836136,783.5857168368087
1182,1182,2.7518089047418703,5.2147117798026175,2042.5856168699515
1183,1183,21.338780700426465,32.157187831718375,282.58575661710705
1184,1184,9.215475760685514,39.384647883607336,199.98222989173425
1185,1185,19.844074884742177,34.57149356042981,276.58575709351777
1186,1186,17.348970637615253,19.800724879821484,273.5857573317232
1187,1187,20.50063590870149,25.280598789508534,343.58575177359774
1188,1188,20.96436980230423,37.5220960076298,320.5857535998389
1189,1189,18.670195613623907,22.274294015084944,283.58575653770527
1190,1190,20.797697069919387,36.9869423018079,315.58575399684787
1191,1191,16.568277107378474,20.050163477640048,331.5857527264192
1192,1192,17.73985224947883,25.31443943005857,273.5857573317232
1193,1193,23.30435642362475,28.58636487245257,248.585759316768
1194,1194,6.716577684021957,10.454390776830577,305.58575479086585
1195,1195,6.587284482772138,10.546828527486033,223.58576130181282
1196,1196,20.268506991639075,24.15656495373599,211.58576225463432
1197,1197,26.404700356598376,29.524778067724966,196.5857634456612
1198,1198,12.940822058465555,20.040890070921137,364.58575010616005
1199,1199,17.908261600849592,22.941062739572374,368.58574978855285
1200,1200,16.201457790486845,20.135153189949733,320.5857535998389
1201,1201,17.013679884915472,20.894989998499913,211.58576225463432
1202,1202,12.442670567800008,27.946177022767515,177.58576495429523
1203,1203,5.98296002953261,10.607152100052224,780.5857170750141
1204,1204,2.093586206157641,5.606197253529174,640.5857281912653
1205,1205,3.6211038638525017,10.868256635669963,722.5857216803181
1206,1206,4.480129831090127,9.505046433545543,1117.5856903166102
1207,1207,11.161490333460536,13.874522369300475,328.5857529646245
1208,1208,8.432111514021834,12.932586893545887,491.5857400221323
1209,1209,4.827499712630343,10.04423795091258,1117.5856903166102
1210,1210,7.2053057626912675,13.042931962345483,317.58575383804435
1211,1211,4.630514034076799,8.777194683604725,308.58575455266043
1212,1212,3.192136355411096,8.755781781271436,296.585755505482
1213,1213,4.777404538790701,9.280061621673664,975.5857015916647
1214,1214,4.4663261508959335,9.214494686039439,1114.5856905548158
1215,1215,10.641619660393344,28.601672676078,765.585718266041
1216,1216,4.890030632624256,8.860502840147957,231.03896111579812
1217,1217,6.09669384886766,13.351632838790715,566.5857340669977
1218,1218,8.810304046274359,20.329482199726773,211.58576225463432
1219,1219,23.75978294044332,25.278597264619552,411.5857463742758
1220,1220,3.4208002510388504,7.7833231233537665,471.84628776184684
1221,1221,2.739219443364128,5.633829982347398,949.5857036561116
1222,1222,9.65458819558752,20.638450477863604,311.585754314455
1223,1223,4.690616314313144,18.02893513219874,806.5857150105676
1224,1224,2.8417462247392984,4.798695537940108,358.5857505825708
1225,1225,9.862502852070202,15.325081157822433,1801.585636005784
1226,1226,8.749993613781081,18.048369823946114,217.5857617782236
1227,1227,6.6977900129795165,11.764860018297824,294.5857556642855
1228,1228,9.504061076123834,16.82119586115287,154.5857667805365
1229,1229,23.081573899416533,28.776369646545547,1159.5856869817349
1230,1230,23.00700914139277,28.07295893603149,1208.585683091047
1231,1231,16.324067581870278,21.83097779970093,1124.5856897607975
1232,1232,4.376323295842064,9.052887721327737,308.7520560368611
1233,1233,14.609317025194912,20.342134420605767,1230.5856813442074
1234,1234,2.280931121265612,7.3000125185655165,334.58575248821387
1235,1235,3.4982339596307543,10.270237010513588,1496.5856602233305
1236,1236,2.062141986426601,6.117499779614544,645.5857277942563
1237,1237,10.034238455989463,10.848362844440718,607.5857308115244
1238,1238,2.110939544245411,7.738132550530717,634.585728667676
1239,1239,2.5215113066207686,5.92956587524845,1377.585669672144
1240,1240,5.963040644942386,12.859624115947994,224.58576122241104
1241,1241,6.197317738451347,11.84007583356651,201.58576304865227
1242,1242,7.885165224646705,19.744485658735982,73.56765209308998
1243,1243,8.847243298855961,38.8823774443412,334.58575248821387
1244,1244,5.166884069961943,12.057861565156061,289.5857560612945
1245,1245,4.421372475683678,8.497309511382737,848.5857116756923
1246,1246,5.205162614034123,9.617790745910387,229.9570867399526
1247,1247,2.1997232008849825,6.903011257389362,511.5857384340965
1248,1248,3.8003390006537217,14.207988483156328,224.58576122241104
1249,1249,9.382427458964058,24.95049025661304,955.5857031797003
1250,1250,7.503346851951197,16.855217066366816,918.5857061175667
1251,1251,2.414218653636845,9.740511596474118,477.2236575467816
1252,1252,2.3481403309475644,7.949270520542946,506.5857388311055
1253,1253,7.488991649204782,23.592067300797357,1340.341044368494
1254,1254,6.190919694441379,19.298323000505718,1423.5856660196616
1255,1255,2.725933168266437,13.07210866601148,501.58573922811433
1256,1256,3.0564471849526016,21.19001674311028,507.58573875170373
1257,1257,2.6739361217081936,12.657641885203793,411.5857463742758
1258,1258,2.985587193291144,8.912953895709721,285.58575637890164
1259,1259,6.407354894036986,19.41912307263997,1390.5856686399204
1260,1260,3.393288108057774,10.36010815635044,276.58575709351777
1261,1261,4.168270845806608,10.467776113243632,1317.5856744362516
1262,1262,8.781896145832663,18.59890930021029,1335.5856730070195
1263,1263,2.3414075036896653,9.826829930901226,512.5857383546946
1264,1264,8.211035298886522,17.883540802718613,1012.5856986537982
1265,1265,9.788479522133963,22.225099640340176,1002.9447513380701
1266,1266,12.988365149490411,18.93808210024282,1297.5856760242873
1267,1267,3.901526186895056,9.115237093737793,1407.5856672900907
1268,1268,14.530686835047627,24.38810557873612,1840.5856329091127
1269,1269,9.13608010542996,11.97269286550165,404.58574693008836
1270,1270,8.131738901570344,14.096123291461055,555.5857349404176
1271,1271,12.477459521836787,13.438097731988925,289.5857560612945
1272,1272,10.88522419594591,11.312723775012104,261.5857582845447
1273,1273,19.457105896953568,30.971911782142676,262.5857582051429
1274,1274,6.1402010067485495,9.021772769490838,653.5857271590419
1275,1275,7.278053829161244,11.532402430570464,595.5857317643457
1276,1276,10.030207986835283,13.355995034175491,608.5857307321222
1277,1277,7.014535148527052,10.40346160879602,605.9291732079247
1278,1278,3.5549038959042814,6.328492434989084,622.5857296204973
1279,1279,7.491622710473749,12.125038468817095,634.585728667676
1280,1280,4.6637921022299125,7.539661094484828,675.5857254122026
1281,1281,10.649524742442297,19.061861662414657,525.5857373224713
1282,1282,4.650514724291972,8.244955464478373,603.5857311291314
1283,1283,11.669404931769964,12.307763907474401,620.585729779301
1284,1284,5.260121278216076,167.8133681364839,238.4559452332465
1285,1285,3.0045427433466885,67.04366798363621,225.52557371613608
1286,1286,5.275632090316158,15.147144168324502,190.0023038850011
1287,1287,3.0409188118310446,6.491750347185242,157.58576654233113
1288,1288,4.679723174720492,43.87845226872114,774.5857175514249
1289,1289,3.1512703704143767,7.162716612675697,212.5857621752325
1290,1290,4.1560617103036614,8.078300336944702,541.5857360520424
1291,1291,4.178159066457984,14.155680952479575,142.58576773335804
1292,1292,3.548201904451575,13.938312614242609,223.58576130181282
1293,1293,3.960980341792485,9.617663191725487,219.71838321658527
1294,1294,4.613953686865667,4.972619254814037,1090.5856924604586
1295,1295,13.421259839474725,13.456055072568276,1038.5856965893518
