,Unnamed: 0,nsites,space_group,volume,eij_max
0,0,2.0,216.0,73.2195833241,0.091464
1,1,2.0,216.0,72.8272079484,0.004848
2,2,2.0,216.0,11.9172094079,0.517745
3,3,2.0,216.0,40.4756751405,0.030692
4,4,2.0,216.0,59.1456154302,0.068884
5,5,2.0,216.0,24.818433116399998,0.378684
6,6,2.0,216.0,47.3376454287,0.032961000000000004
7,7,2.0,216.0,13.9805480869,0.06907999999999999
8,8,2.0,216.0,23.4804762501,0.074259
9,9,2.0,216.0,54.93133766,0.078345
10,10,2.0,216.0,23.499693655,0.012228
11,11,2.0,216.0,24.81667048,0.19127
12,12,2.0,216.0,46.2527357237,0.193647
13,13,2.0,216.0,54.0138265644,0.141287
14,14,2.0,216.0,52.418232898599996,0.114685
15,15,2.0,216.0,69.05665589680001,0.089395
16,16,2.0,216.0,60.5606242212,0.056721
17,17,2.0,216.0,39.4673826504,0.30995
18,18,2.0,216.0,21.000595641500002,0.083797
19,19,2.0,216.0,46.2742587821,0.179525
20,20,2.0,216.0,21.3169782775,0.285852
21,21,2.0,216.0,59.952796101800004,0.042499
22,22,2.0,216.0,41.736858953,0.117793
23,23,2.0,216.0,47.1256605779,0.044071
24,24,2.0,216.0,27.9820320941,0.027774
25,25,2.0,216.0,28.955804656999998,0.110072
26,26,2.0,216.0,52.8399833962,0.057048
27,27,2.0,216.0,41.7553308856,0.00035800000000000003
28,28,2.0,216.0,45.505511938699996,0.097226
29,29,2.0,216.0,34.8236764116,0.120108
30,30,2.0,216.0,63.4004344505,0.14651
31,31,3.0,216.0,52.3552561909,0.283006
32,32,3.0,216.0,53.4209297795,0.422794
33,33,3.0,216.0,63.4232905084,0.134952
34,34,3.0,216.0,59.6433548946,0.8373370000000001
35,35,3.0,216.0,53.1671135998,1.338533
36,36,3.0,216.0,30.0596171971,0.293646
37,37,3.0,216.0,64.6226315002,0.164743
38,38,3.0,216.0,57.045654235,0.074347
39,39,3.0,216.0,51.176825379600004,0.651209
40,40,3.0,216.0,76.1775939473,0.136235
41,41,3.0,216.0,63.957433375600004,0.154928
42,42,3.0,216.0,71.3232683171,0.408312
43,43,3.0,216.0,62.2694983041,0.159374
44,44,3.0,216.0,74.09857402680001,0.19552
45,45,3.0,216.0,70.7935627119,0.163571
46,46,3.0,216.0,64.42130046529999,0.038963
47,47,3.0,216.0,64.81862282109999,0.18297
48,48,3.0,216.0,47.7213324634,0.398655
49,49,3.0,216.0,80.3345007275,0.015918
50,50,3.0,216.0,59.9678425179,0.067619
51,51,3.0,216.0,55.2136727938,1.238672
52,52,3.0,216.0,60.6512466548,0.395647
53,53,3.0,216.0,59.3955927884,0.670725
54,54,3.0,216.0,70.6694287077,0.29222
55,55,3.0,216.0,72.3752279917,0.200779
56,56,3.0,216.0,71.2695409671,0.203926
57,57,3.0,216.0,65.3123990524,0.15895
58,58,3.0,216.0,48.5076125789,2.125692
59,59,3.0,216.0,71.7544396817,0.199215
60,60,3.0,216.0,69.6390147559,0.091743
61,61,3.0,216.0,66.3601475604,0.166302
62,62,3.0,216.0,50.9976140897,0.063584
63,63,3.0,216.0,64.4224646622,0.232449
64,64,3.0,216.0,60.5041180354,0.092503
65,65,3.0,216.0,79.3111706147,0.28273200000000004
66,66,3.0,216.0,45.1962279979,0.558571
67,67,3.0,216.0,47.958072637,0.752663
68,68,3.0,216.0,46.4549702997,0.565228
69,69,3.0,216.0,54.4434705742,0.09783
70,70,3.0,216.0,53.3503106714,0.488148
71,71,3.0,216.0,43.1745158771,0.541179
72,72,3.0,216.0,31.4712667964,0.23661
73,73,3.0,216.0,40.261107857199995,0.517976
74,74,4.0,216.0,63.5200920813,0.328091
75,75,4.0,216.0,71.729938592,0.119379
76,76,4.0,198.0,173.526210051,6e-06
77,77,5.0,217.0,87.5788835315,0.046294
78,78,5.0,217.0,90.6071880785,0.070637
79,79,6.0,216.0,111.005853822,0.049192
80,80,6.0,216.0,117.588221066,0.019166
81,81,6.0,216.0,117.984344669,0.117523
82,82,6.0,216.0,57.291298363100005,0.06407
83,83,6.0,215.0,58.280853635,0.112676
84,84,6.0,215.0,67.0025189751,0.07509
85,85,7.0,215.0,154.82277049700002,0.196767
86,86,7.0,215.0,201.353885622,0.175655
87,87,8.0,215.0,158.59241505100002,0.062311
88,88,8.0,215.0,186.21336445900002,0.019089
89,89,8.0,198.0,106.837313438,0.752108
90,90,8.0,198.0,110.184736497,0.7725350000000001
91,91,8.0,198.0,202.51664049200002,0.000537
92,92,8.0,215.0,180.413874086,0.093721
93,93,8.0,215.0,169.427163336,0.024235
94,94,8.0,215.0,168.64670629399998,0.00199
95,95,8.0,215.0,186.37574495599998,0.036481
96,96,8.0,215.0,233.98002729900003,0.003043
97,97,8.0,215.0,227.549223685,0.003006
98,98,8.0,215.0,211.221228252,0.040873
99,99,5.0,215.0,298.93892245,0.015419
100,100,6.0,216.0,133.136310637,0.03022
101,101,6.0,216.0,121.344091075,0.276324
102,102,6.0,216.0,94.6928738634,0.531482
103,103,8.0,217.0,216.809137622,0.459594
104,104,8.0,215.0,214.668400365,0.037389
105,105,8.0,217.0,243.81174261599998,0.392544
106,106,8.0,217.0,262.739894032,0.217369
107,107,8.0,217.0,226.02189649599998,0.238834
108,108,8.0,217.0,241.05413976900002,0.229499
109,109,2.0,216.0,47.5318726451,0.171565
110,110,3.0,216.0,62.8158170917,0.113105
111,111,3.0,216.0,58.511375094499996,0.004311
112,112,3.0,216.0,72.7228164426,0.266463
113,113,3.0,216.0,69.3492897374,0.199157
114,114,3.0,216.0,57.151729414799995,0.085779
115,115,3.0,216.0,68.0737391907,0.11466400000000003
116,116,3.0,216.0,68.578199897,0.177716
117,117,3.0,216.0,65.4498150933,0.066109
118,118,3.0,216.0,61.2078051882,0.009161
119,119,4.0,216.0,73.8823092105,0.021195
120,120,4.0,216.0,58.832521676300004,0.720943
121,121,4.0,216.0,52.862702131199995,0.094114
122,122,6.0,216.0,86.4925825175,0.583697
123,123,7.0,215.0,167.581810474,0.275469
124,124,7.0,216.0,157.843297881,0.16211
125,125,8.0,198.0,88.13336945280001,0.65927
126,126,8.0,198.0,119.521990511,0.614064
127,127,10.0,216.0,134.783891808,0.168811
128,128,10.0,216.0,132.553278499,0.032695
129,129,10.0,216.0,134.114379708,0.135493
130,130,10.0,216.0,140.58330498,0.06857200000000001
131,131,10.0,216.0,131.274130461,0.029855
132,132,10.0,216.0,142.73991272,0.072625
133,133,11.0,217.0,230.393097035,1.336073
134,134,12.0,198.0,192.367405385,0.335908
135,135,12.0,198.0,227.45765736299998,0.006795000000000001
136,136,12.0,198.0,185.058559035,0.35478200000000004
137,137,12.0,198.0,174.119848253,0.071135
138,138,12.0,198.0,204.064121457,0.185197
139,139,12.0,216.0,256.17464042299997,0.117362
140,140,12.0,216.0,112.06534628200001,0.03639
141,141,12.0,216.0,145.405239188,0.217765
142,142,6.0,122.0,94.7080071299,0.044229
143,143,6.0,122.0,138.94250559,0.020398
144,144,6.0,121.0,84.95478335140001,0.028027
145,145,7.0,111.0,97.2588385425,0.269118
146,146,8.0,122.0,74.3908538754,0.233298
147,147,8.0,122.0,76.1721335141,0.224297
148,148,8.0,121.0,85.3905715652,0.477234
149,149,8.0,121.0,90.9001869219,0.543962
150,150,8.0,122.0,88.2530261921,0.394263
151,151,8.0,122.0,59.0698708236,0.223767
152,152,8.0,122.0,67.7259238095,0.076628
153,153,8.0,122.0,49.479356135699994,0.191827
154,154,8.0,122.0,86.5142191978,0.405113
155,155,6.0,121.0,89.0362793373,0.048555
156,156,8.0,113.0,206.51021689400002,0.208291
157,157,8.0,122.0,108.427279045,0.803421
158,158,8.0,122.0,169.417714244,0.123405
159,159,8.0,121.0,87.2948758577,0.286851
160,160,8.0,122.0,113.52470447,0.501121
161,161,8.0,121.0,86.5346840632,0.237345
162,162,8.0,121.0,83.72649099729999,0.241234
163,163,6.0,122.0,164.305908964,0.030575
164,164,6.0,122.0,152.309957961,0.0005809999999999999
165,165,7.0,121.0,210.874112832,0.091564
166,166,7.0,111.0,243.75133951900003,0.085792
167,167,7.0,111.0,280.266690614,0.104115
168,168,7.0,111.0,212.493136105,0.097643
169,169,7.0,111.0,169.623776314,0.008254000000000001
170,170,7.0,121.0,158.066786058,0.028623000000000006
171,171,7.0,121.0,179.115136055,0.008647
172,172,7.0,121.0,152.73388383,0.041155
173,173,7.0,121.0,199.141165102,0.084638
174,174,7.0,121.0,149.273767627,0.044448
175,175,7.0,121.0,193.85698441,0.029214
176,176,7.0,111.0,200.795674975,0.008397
177,177,8.0,122.0,245.831011727,0.027734
178,178,8.0,113.0,236.16325747599998,0.166425
179,179,8.0,113.0,241.03635549700002,0.18296
180,180,8.0,113.0,242.042666481,0.191203
181,181,8.0,113.0,239.858640063,0.18496
182,182,8.0,122.0,113.79510978,0.002483
183,183,8.0,122.0,173.81530770400002,0.13531700000000002
184,184,8.0,122.0,149.48509867,0.07647999999999999
185,185,8.0,122.0,202.94216217299999,0.095551
186,186,8.0,122.0,177.68537908099998,0.10456
187,187,8.0,121.0,127.97132129100001,0.501544
188,188,8.0,121.0,95.5160194449,1.483453
189,189,8.0,121.0,141.193615868,0.376736
190,190,8.0,122.0,178.36815311799995,0.061492
191,191,8.0,122.0,152.700890101,0.022913
192,192,8.0,122.0,185.246459097,0.008608
193,193,8.0,122.0,173.74813194,0.047127
194,194,8.0,122.0,217.89431663099998,0.049639
195,195,8.0,122.0,154.878266411,0.031891
196,196,8.0,121.0,170.712372295,1.646216
197,197,8.0,121.0,166.735120161,0.022686
198,198,8.0,122.0,164.24975576100002,0.050728
199,199,8.0,122.0,186.23935144799998,0.047237
200,200,8.0,121.0,165.132339406,0.228486
201,201,8.0,121.0,188.36112165400002,0.072507
202,202,8.0,121.0,160.796066391,1.21272
203,203,8.0,121.0,152.321991334,0.021256
204,204,8.0,113.0,237.895319796,0.175924
205,205,8.0,122.0,177.39211842900002,0.024283
206,206,8.0,121.0,195.46736139400002,0.029197000000000008
207,207,8.0,113.0,236.713907851,0.124958
208,208,8.0,122.0,198.73230569400002,0.008008
209,209,8.0,121.0,130.080019233,0.032865
210,210,8.0,122.0,180.33417229,0.081795
211,211,8.0,121.0,213.800743873,0.117779
212,212,8.0,121.0,154.034192403,0.259998
213,213,8.0,122.0,175.52844893099999,0.091389
214,214,8.0,121.0,168.41109249299998,0.247722
215,215,8.0,121.0,178.71693245900002,0.084235
216,216,8.0,121.0,123.929096591,0.275958
217,217,6.0,122.0,177.823697953,0.039997000000000005
218,218,7.0,121.0,242.337820448,0.07232999999999999
219,219,7.0,121.0,255.617914954,0.080219
220,220,8.0,121.0,164.741549394,0.126842
221,221,8.0,121.0,242.207946145,0.08609800000000001
222,222,8.0,121.0,259.247761204,0.25405500000000003
223,223,8.0,122.0,272.941359898,0.012182
224,224,8.0,122.0,246.59890795400003,0.014911
225,225,8.0,122.0,249.12223872,0.015662
226,226,8.0,122.0,202.53279585200002,0.145808
227,227,8.0,122.0,252.15506729900002,0.024847
228,228,8.0,122.0,223.849689566,0.019180000000000003
229,229,8.0,122.0,225.141925351,0.076711
230,230,8.0,122.0,206.937650723,0.057571
231,231,8.0,122.0,210.01533538400002,0.008214
232,232,8.0,122.0,253.89963181599998,0.021289
233,233,9.0,121.0,157.149936816,0.075421
234,234,9.0,121.0,151.975829379,0.439262
235,235,9.0,121.0,189.569884203,0.002887
236,236,12.0,111.0,146.873983644,0.374775
237,237,12.0,112.0,311.275233443,0.029707
238,238,12.0,112.0,313.62852601599997,0.022218
239,239,12.0,121.0,136.872452062,1.120883
240,240,12.0,121.0,181.956597675,0.210325
241,241,12.0,121.0,192.42011836400002,0.325681
242,242,12.0,121.0,214.358543553,0.143989
243,243,12.0,121.0,213.844753895,0.140254
244,244,12.0,121.0,192.96121914,0.394117
245,245,12.0,121.0,241.45394960299998,0.058267999999999986
246,246,13.0,121.0,231.036773384,0.013508
247,247,6.0,82.0,66.1969942503,0.155476
248,248,6.0,82.0,72.6287199437,0.042097
249,249,6.0,82.0,72.3230101698,0.214414
250,250,6.0,82.0,101.943673998,0.108117
251,251,6.0,82.0,96.28050568440001,0.157919
252,252,6.0,82.0,87.51540565549999,0.01926
253,253,7.0,82.0,72.728001542,0.186009
254,254,7.0,82.0,68.4100107148,0.150988
255,255,6.0,82.0,95.4150647355,0.15016600000000002
256,256,6.0,82.0,101.980553844,0.150473
257,257,7.0,82.0,89.21893728719999,0.189043
258,258,7.0,82.0,86.5345069937,0.138035
259,259,7.0,82.0,98.5600986874,0.234528
260,260,7.0,82.0,91.9294205494,0.22199
261,261,7.0,82.0,91.00748197809999,0.219852
262,262,7.0,82.0,106.56414046299999,0.242328
263,263,7.0,82.0,77.7802563163,0.236009
264,264,7.0,82.0,88.6931861303,0.184843
265,265,7.0,82.0,85.826562639,0.150095
266,266,6.0,82.0,154.39681225200002,0.068301
267,267,7.0,82.0,212.015731091,0.086248
268,268,7.0,82.0,158.366724405,0.048602
269,269,7.0,82.0,189.718560318,0.049385000000000005
270,270,7.0,82.0,165.252793351,0.088818
271,271,7.0,82.0,188.885449148,0.113456
272,272,7.0,82.0,179.245834169,0.031036
273,273,7.0,82.0,151.24368553899998,0.043856
274,274,7.0,82.0,163.082928685,0.132069
275,275,7.0,82.0,165.96436137700002,0.13878900000000002
276,276,7.0,82.0,188.090208458,0.08679500000000001
277,277,7.0,82.0,190.57990781400002,0.07749
278,278,7.0,82.0,211.348658097,0.125737
279,279,7.0,82.0,153.98992959,0.035061
280,280,7.0,82.0,147.218893696,0.077081
281,281,7.0,82.0,175.603559444,0.026644
282,282,7.0,82.0,198.66661296900003,0.076914
283,283,7.0,82.0,236.478202208,0.062831
284,284,7.0,82.0,174.34518186900002,0.042905
285,285,7.0,82.0,236.55601932599998,0.050632
286,286,7.0,82.0,213.493095373,0.096115
287,287,7.0,82.0,163.742533893,0.172727
288,288,7.0,82.0,222.233375406,0.030024
289,289,7.0,82.0,89.8792022466,0.213711
290,290,7.0,82.0,88.32261278809997,0.196928
291,291,7.0,82.0,99.7554327066,0.172302
292,292,6.0,82.0,242.607027985,0.020387
293,293,6.0,82.0,77.83670538289998,0.199557
294,294,7.0,82.0,281.162297954,0.089257
295,295,7.0,82.0,236.18381062900002,0.043711
296,296,7.0,82.0,221.74431781200002,0.037002
297,297,7.0,82.0,261.197814024,0.06697
298,298,7.0,82.0,261.562757546,0.068256
299,299,7.0,82.0,245.8968348,0.061121
300,300,7.0,82.0,236.35979968700002,0.039887
301,301,7.0,82.0,84.50865036319999,0.183785
302,302,10.0,82.0,130.761771818,0.484918
303,303,10.0,82.0,131.76632341799998,0.336214
304,304,11.0,82.0,154.801865816,0.06500800000000001
305,305,11.0,82.0,196.720604599,0.028855
306,306,12.0,82.0,156.204362836,1.064162
307,307,12.0,82.0,193.642030564,0.068373
308,308,12.0,82.0,142.168093694,0.036143
309,309,3.0,187.0,98.4395674811,0.21684
310,310,3.0,187.0,77.059930082,0.387163
311,311,3.0,187.0,83.0265559849,0.35139000000000004
312,312,3.0,187.0,68.0403361475,0.62025
313,313,3.0,187.0,49.319385409700004,0.34869
314,314,3.0,187.0,50.4528009963,0.32817
315,315,4.0,187.0,38.7289695212,0.402833
316,316,7.0,187.0,116.57962106,0.354053
317,317,7.0,187.0,121.719916591,0.093787
318,318,2.0,187.0,28.4828209908,0.66598
319,319,3.0,187.0,82.7052199267,0.198063
320,320,7.0,187.0,104.100981294,0.337677
321,321,8.0,187.0,224.85833304599998,0.19825
322,322,9.0,189.0,157.608907777,0.005913
323,323,9.0,189.0,391.880467911,0.667693
324,324,9.0,189.0,128.87972715,0.244087
325,325,9.0,189.0,273.490335923,0.63488
326,326,9.0,189.0,260.890892627,0.021027
327,327,9.0,189.0,248.961651828,0.149057
328,328,9.0,189.0,209.585540631,0.034997
329,329,9.0,189.0,341.99661671,0.089587
330,330,9.0,189.0,162.779981913,0.215767
331,331,9.0,189.0,144.07259287899998,0.287367
332,332,9.0,189.0,149.111295853,0.264137
333,333,9.0,189.0,92.4335927065,1.517583
334,334,9.0,189.0,130.412554583,1.7387
335,335,9.0,189.0,374.75372351699997,0.565087
336,336,12.0,189.0,527.680387785,0.01992
337,337,12.0,189.0,590.136056465,0.022743
338,338,12.0,189.0,275.730788922,0.057167
339,339,12.0,189.0,489.33978172900004,0.045237
340,340,12.0,189.0,431.41701533099996,0.070203
341,341,12.0,189.0,431.11701339300004,0.041263
342,342,12.0,189.0,378.01162761300003,0.06652999999999999
343,343,12.0,189.0,290.887142099,0.098313
344,344,12.0,189.0,343.82262450800005,0.11415
345,345,12.0,189.0,153.90561536299998,0.191913
346,346,3.0,107.0,35.8032147161,0.344731
347,347,4.0,186.0,48.5413017076,2.25674
348,348,4.0,186.0,28.0101304371,0.19632
349,349,4.0,186.0,23.8907724088,1.09478
350,350,4.0,186.0,49.7187230543,1.03681
351,351,4.0,186.0,42.5272833628,1.46115
352,352,4.0,186.0,46.9428273596,0.46451
353,353,4.0,186.0,104.86286284399999,0.33356
354,354,4.0,186.0,110.061038434,0.0983
355,355,4.0,186.0,83.43782258659999,0.10089
356,356,4.0,186.0,94.2439490389,0.01928
357,357,4.0,186.0,83.3948059468,0.27398
358,358,4.0,186.0,42.0055087195,0.27594
359,359,4.0,186.0,48.7399018351,0.82715
360,360,4.0,186.0,32.1240784545,0.3223
361,361,5.0,99.0,71.1046993827,8.72945
362,362,5.0,99.0,68.7489259236,2.876113
363,363,5.0,99.0,69.635438476,2.5790450000000003
364,364,5.0,99.0,71.70397337930001,2.0466
365,365,5.0,99.0,67.5157807737,3.4873300000000005
366,366,5.0,99.0,68.4707663464,3.25783
367,367,5.0,99.0,67.5951363309,3.4477
368,368,6.0,186.0,102.232250244,0.69881
369,369,6.0,186.0,81.8093432478,0.013969999999999998
370,370,6.0,102.0,39.4054314535,0.57821
371,371,6.0,109.0,82.59305994340001,2.987247
372,372,7.0,107.0,87.8469336529,1.98414
373,373,8.0,186.0,162.057460164,0.07275
374,374,8.0,186.0,83.96318312310001,0.06233
375,375,8.0,107.0,112.361246341,0.35042
376,376,8.0,186.0,74.6272174082,0.765324
377,377,8.0,186.0,77.2970610245,0.732927
378,378,8.0,186.0,98.2130066434,1.1669
379,379,4.0,186.0,146.311550544,0.19526
380,380,4.0,186.0,88.1625527586,1.78562
381,381,4.0,186.0,145.822665212,0.025266
382,382,4.0,186.0,138.261815509,0.22304
383,383,6.0,107.0,105.47672156,0.36441
384,384,6.0,186.0,124.956339482,0.5411
385,385,8.0,186.0,130.192389179,0.87603
386,386,8.0,186.0,125.87762761,0.85945
387,387,4.0,186.0,159.518909085,2.25966
388,388,6.0,186.0,204.88329293599998,0.00131
389,389,6.0,186.0,227.725039103,0.133188
390,390,6.0,186.0,244.114985768,0.00612
391,391,6.0,186.0,196.157851072,0.213373
392,392,6.0,186.0,226.762776677,0.18281
393,393,6.0,186.0,157.033662053,0.29939
394,394,8.0,186.0,142.407783935,0.5106890000000001
395,395,8.0,186.0,294.95447205,0.100127
396,396,8.0,186.0,152.709632851,0.46589
397,397,4.0,186.0,134.038284323,0.17284000000000002
398,398,4.0,186.0,64.4149225282,2.158723
399,399,4.0,186.0,81.0743208329,0.08771
400,400,4.0,186.0,119.893368723,0.15705999999999998
401,401,4.0,186.0,94.8044294905,0.0587
402,402,4.0,186.0,95.04547155190001,0.50648
403,403,6.0,186.0,132.69936264700002,0.48507
404,404,6.0,186.0,298.18273027099997,0.002024
405,405,6.0,186.0,108.226325101,0.42521
406,406,9.0,99.0,120.81338495600001,2.49392
407,407,10.0,99.0,142.43136003200001,1.6781
408,408,10.0,99.0,140.362327551,1.751137
409,409,10.0,107.0,202.486630373,0.389381
410,410,10.0,107.0,150.446898545,0.52847
411,411,10.0,107.0,212.49607208,0.12394
412,412,10.0,107.0,200.18661696700002,0.844677
413,413,10.0,107.0,225.062635581,0.11868
414,414,10.0,107.0,152.041746365,0.58772
415,415,10.0,107.0,225.54454819,0.327353
416,416,10.0,109.0,303.914726586,0.045751
417,417,10.0,186.0,136.902597099,27.4628
418,418,10.0,186.0,111.930404918,0.07622000000000001
419,419,12.0,107.0,184.53584219400003,2.74012
420,420,12.0,109.0,139.51720284,0.6507
421,421,12.0,109.0,127.517545561,1.03034
422,422,12.0,109.0,138.338529392,0.91195
423,423,12.0,109.0,126.351076866,2.90685
424,424,12.0,109.0,135.835817851,0.43279
425,425,12.0,109.0,127.373682977,2.502636
426,426,12.0,109.0,137.80920616,0.033638
427,427,12.0,109.0,138.763901825,0.10515
428,428,12.0,109.0,140.62637198299998,0.79732
429,429,12.0,109.0,137.227732445,0.967463
430,430,12.0,109.0,138.47684769100002,0.13945
431,431,12.0,186.0,481.172674733,0.002258
432,432,12.0,186.0,125.95656276,0.03525
433,433,12.0,186.0,560.851298965,0.004737
434,434,12.0,186.0,214.89076388200002,0.36332
435,435,12.0,186.0,123.38353879299999,0.08069
436,436,12.0,186.0,101.53104307299999,0.07801
437,437,13.0,99.0,198.005773932,0.070602
438,438,6.0,79.0,101.12246856799999,2.89625
439,439,6.0,79.0,159.043444564,0.38161
440,440,8.0,173.0,406.95250982199997,0.054052
441,441,10.0,79.0,93.0774679442,2.27252
442,442,10.0,79.0,92.27800879370001,6.52334
443,443,10.0,173.0,140.42016491299998,0.963214
444,444,10.0,173.0,139.666134788,0.955902
445,445,3.0,160.0,52.5936018537,0.285696
446,446,3.0,160.0,31.251516743000003,1.05861
447,447,3.0,160.0,31.251516743000003,1.058611
448,448,4.0,156.0,73.28913124600001,0.5567810000000001
449,449,4.0,160.0,59.1621407912,0.187744
450,450,4.0,160.0,34.092710591199996,0.8229700000000001
451,451,4.0,160.0,36.3952037089,4.23353
452,452,4.0,156.0,38.917036257199996,0.92595
453,453,5.0,160.0,63.7311756004,0.156802
454,454,5.0,160.0,70.3968596439,0.13559300000000002
455,455,5.0,160.0,46.5361546334,0.179883
456,456,2.0,160.0,56.2649656275,2.134628
457,457,3.0,156.0,125.123193375,0.275163
458,458,3.0,160.0,71.0540638306,0.129185
459,459,3.0,156.0,113.71956305799999,0.29413
460,460,4.0,156.0,69.8478540325,1.04529
461,461,4.0,156.0,85.6151018636,0.33052
462,462,4.0,156.0,76.9106694898,0.6682600000000001
463,463,4.0,156.0,74.8749579363,1.599
464,464,4.0,156.0,91.35145259049999,0.369136
465,465,4.0,156.0,91.39033245969999,0.385767
466,466,4.0,156.0,93.30910924450001,0.3836
467,467,4.0,156.0,94.81248639639999,0.366078
468,468,5.0,160.0,67.5940644242,2.862757
469,469,5.0,160.0,67.7727467501,3.812244
470,470,5.0,160.0,81.6906958513,0.22158000000000005
471,471,5.0,160.0,92.1589288341,0.6837
472,472,5.0,160.0,95.64284155370001,0.44003
473,473,5.0,160.0,68.4183839858,4.653448
474,474,5.0,160.0,98.2304533062,0.61957
475,475,5.0,160.0,94.232953175,0.63726
476,476,5.0,160.0,99.07158701030001,0.95213
477,477,5.0,160.0,93.02606456129999,1.35995
478,478,5.0,160.0,79.4379635678,0.44322
479,479,5.0,160.0,68.0507977989,8.92597
480,480,8.0,156.0,136.186213129,0.416915
481,481,3.0,160.0,69.81976961630001,0.118515
482,482,3.0,160.0,62.6493334284,0.5155649999999999
483,483,4.0,160.0,130.162391725,0.094153
484,484,4.0,160.0,86.3300668946,0.193474
485,485,4.0,160.0,74.191981771,0.591104
486,486,5.0,160.0,96.3952831002,1.5507799999999998
487,487,5.0,160.0,152.587883188,0.849504
488,488,5.0,160.0,109.806263089,0.3351
489,489,5.0,160.0,98.01916379229999,0.72935
490,490,5.0,160.0,89.1476743807,0.43672
491,491,5.0,160.0,109.076935506,0.33777
492,492,7.0,156.0,168.853670477,1.12355
493,493,3.0,160.0,66.5547153535,0.40749
494,494,4.0,160.0,77.3113031135,0.145057
495,495,5.0,160.0,66.94304677859999,0.211931
496,496,5.0,160.0,168.036987335,0.49535
497,497,8.0,160.0,162.983716265,0.11837
498,498,9.0,160.0,79.3302523408,0.154834
499,499,10.0,156.0,104.8877324,0.090904
500,500,10.0,160.0,137.491741373,0.113773
501,501,10.0,161.0,129.49887992799998,3.133435
502,502,10.0,161.0,94.49164774270001,0.23706
503,503,10.0,161.0,151.196343757,0.24241
504,504,10.0,161.0,117.57008746700001,0.5801689999999999
505,505,10.0,161.0,125.344066203,2.49227
506,506,10.0,161.0,136.226899966,0.59573
507,507,10.0,161.0,109.133343736,2.947115
508,508,10.0,161.0,111.672619825,3.2156700000000003
509,509,10.0,161.0,125.90040634,4.049288
510,510,10.0,161.0,113.675333681,4.11937
511,511,10.0,161.0,130.558960861,2.01461
512,512,10.0,161.0,108.994228408,2.541761
513,513,10.0,161.0,123.16895051200001,0.47956
514,514,10.0,161.0,104.070799511,2.326601
515,515,10.0,161.0,155.422488381,4.582136
516,516,10.0,161.0,141.52823280799998,3.3775230000000005
517,517,10.0,161.0,127.114649822,0.631467
518,518,10.0,161.0,157.850200639,3.472726
519,519,10.0,161.0,125.049788189,3.050819
520,520,10.0,161.0,116.96494586700001,0.787095
521,521,10.0,161.0,160.112857502,4.208699
522,522,10.0,161.0,174.44002516400002,3.806018
523,523,10.0,161.0,111.26706391100001,3.416243
524,524,11.0,156.0,311.669765823,0.15005
525,525,11.0,156.0,375.34688408,0.23432
526,526,11.0,160.0,126.23508936399999,0.799294
527,527,11.0,160.0,133.89822036,0.944385
528,528,11.0,160.0,146.796530789,0.274334
529,529,11.0,160.0,149.982930452,0.272337
530,530,11.0,160.0,141.41874087,0.8897
531,531,12.0,156.0,139.753440455,0.16442
532,532,12.0,156.0,336.550078397,0.01316
533,533,12.0,156.0,480.573738094,0.003758
534,534,12.0,156.0,133.983549356,0.8618299999999999
535,535,12.0,156.0,133.078954185,0.73585
536,536,12.0,156.0,140.571379675,1.05881
537,537,12.0,156.0,147.176368143,1.34607
538,538,13.0,160.0,132.73059201200002,0.20773000000000005
539,539,13.0,160.0,136.251597283,0.23377
540,540,13.0,160.0,126.37138376200001,0.32589
541,541,13.0,160.0,141.92444888,0.26565
542,542,13.0,160.0,122.236749499,0.28337
543,543,13.0,160.0,152.650240887,0.586806
544,544,3.0,154.0,104.552877265,1.23232
545,545,8.0,149.0,98.75109953030001,0.122505
546,546,4.0,155.0,67.35611188770001,0.11791
547,547,5.0,155.0,90.5327782784,0.124015
548,548,5.0,155.0,101.42668867399999,0.129065
549,549,5.0,155.0,124.869383701,0.28736
550,550,6.0,152.0,200.51546601599998,0.57447
551,551,7.0,155.0,99.1894360739,0.138375
552,552,3.0,152.0,105.094437531,1.185505
553,553,5.0,155.0,188.335021582,0.23539
554,554,9.0,149.0,133.835568424,0.17585
555,555,9.0,149.0,147.817160801,0.00461
556,556,9.0,149.0,126.14829829899999,0.06176
557,557,9.0,149.0,114.68486688700001,0.19725
558,558,9.0,150.0,123.79795141,0.16502
559,559,9.0,152.0,120.335696953,0.13685
560,560,9.0,152.0,129.144563313,0.16245
561,561,9.0,152.0,167.36456525399998,0.05735
562,562,9.0,152.0,105.355136674,0.066455
563,563,9.0,152.0,183.169470224,0.107765
564,564,9.0,154.0,120.21179347700001,0.137425
565,565,9.0,154.0,271.700741805,0.005205
566,566,9.0,154.0,128.914158361,0.17605
567,567,9.0,154.0,117.925374352,0.144775
568,568,9.0,155.0,111.479908199,0.00761
569,569,9.0,155.0,146.616358854,0.004145
570,570,9.0,155.0,118.163713975,0.00916
571,571,9.0,155.0,126.282123753,0.01985
572,572,10.0,155.0,111.66919959799999,1.671605
573,573,11.0,155.0,168.406009858,0.093035
574,574,12.0,150.0,334.30325067900003,0.56803
575,575,12.0,150.0,213.132436465,0.025005
576,576,12.0,150.0,170.886753368,0.111415
577,577,12.0,152.0,213.34359295299998,0.231725
578,578,12.0,152.0,258.8809371,0.027495
579,579,12.0,152.0,209.544822035,0.6025
580,580,12.0,152.0,210.88400210400002,0.6943050000000001
581,581,12.0,152.0,221.554245132,0.00657
582,582,12.0,152.0,211.45886579900002,0.586155
583,583,12.0,155.0,183.868823557,0.27324
584,584,12.0,155.0,191.474423322,0.352575
585,585,12.0,155.0,214.955219931,0.190415
586,586,12.0,155.0,171.935634657,0.32447
587,587,5.0,146.0,121.85550996299999,0.150167
588,588,6.0,144.0,177.256417048,0.14477
589,589,9.0,143.0,305.121043684,0.02177
590,590,9.0,143.0,312.816090082,0.005903
591,591,9.0,143.0,123.02423802,9.61902
592,592,9.0,145.0,104.658775445,0.254865
593,593,10.0,146.0,126.57283775399999,2.77096
594,594,10.0,146.0,139.360746897,0.5586
595,595,10.0,146.0,121.46554534200001,4.66601
596,596,10.0,146.0,100.909346669,2.56954
597,597,10.0,146.0,121.958334465,0.96662
598,598,10.0,146.0,99.8344095307,2.16736
599,599,10.0,146.0,152.352217647,0.6028979999999999
600,600,11.0,146.0,174.20863789,0.111067
601,601,11.0,146.0,161.991582699,0.39726
602,602,11.0,146.0,166.381906104,0.186248
603,603,11.0,146.0,165.88787685100002,0.4335
604,604,2.0,44.0,53.069994031099995,0.17073
605,605,2.0,42.0,16.497247499,0.48243
606,606,4.0,44.0,55.887791209899994,0.074681
607,607,4.0,44.0,55.6722976268,0.3671
608,608,4.0,44.0,33.1742216491,0.41231
609,609,4.0,31.0,82.2636336361,0.59306
610,610,4.0,36.0,38.594858476700004,1.92677
611,611,4.0,36.0,95.515818169,0.21289
612,612,4.0,38.0,63.762445818,0.944885
613,613,5.0,38.0,67.775117355,3.43676
614,614,6.0,41.0,123.03741736,0.266929
615,615,6.0,44.0,97.5546951082,0.25167
616,616,6.0,40.0,96.05078555680001,0.17875
617,617,6.0,39.0,57.7766283902,0.76021
618,618,6.0,38.0,73.895795351,0.39826
619,619,6.0,31.0,69.9667795835,0.633904
620,620,7.0,25.0,116.02145860200001,0.170526
621,621,8.0,44.0,77.0709100876,0.5028729999999999
622,622,8.0,31.0,65.7511341325,0.734471
623,623,8.0,31.0,65.8001463996,1.84833
624,624,8.0,31.0,58.1943327593,1.837347
625,625,8.0,31.0,69.2073934963,1.29627
626,626,8.0,31.0,83.0365740042,0.94965
627,627,8.0,36.0,65.8665972605,0.47139
628,628,8.0,36.0,66.3165471913,0.44775
629,629,8.0,36.0,64.54709616,0.4204600000000001
630,630,8.0,31.0,94.2686406335,1.00393
631,631,8.0,31.0,92.34393858790001,0.96266
632,632,8.0,31.0,94.1302514331,1.01787
633,633,8.0,31.0,71.0893257758,0.507498
634,634,4.0,44.0,63.2229369723,0.28345
635,635,4.0,36.0,108.733072415,0.22968
636,636,4.0,44.0,55.729793478199994,4.90296
637,637,5.0,38.0,76.3583841648,2.1964900000000003
638,638,6.0,41.0,108.915254191,1.32601
639,639,6.0,36.0,123.320801375,0.23917600000000006
640,640,6.0,38.0,79.8289321888,0.55201
641,641,6.0,31.0,96.9284307658,1.777057
642,642,8.0,40.0,140.216302803,0.53254
643,643,8.0,36.0,141.375173179,1.05624
644,644,8.0,29.0,188.001044627,0.99145
645,645,8.0,36.0,125.517123504,0.22549
646,646,8.0,46.0,130.960076063,0.10769
647,647,8.0,36.0,86.4764448158,0.48522
648,648,8.0,36.0,77.7881556172,0.4681
649,649,8.0,31.0,109.52566195,0.3951
650,650,8.0,36.0,115.349162492,0.83295
651,651,8.0,38.0,127.620908856,3.72691
652,652,4.0,36.0,124.686150195,1.26802
653,653,4.0,36.0,145.521125575,0.005838
654,654,6.0,36.0,128.132301345,0.061786
655,655,6.0,25.0,266.876575806,0.13838
656,656,7.0,44.0,102.510070036,0.35024
657,657,7.0,38.0,152.778247857,0.7538279999999999
658,658,7.0,44.0,167.799229717,4.25368
659,659,8.0,41.0,289.976132872,0.215996
660,660,8.0,41.0,305.544871294,1.5e-05
661,661,8.0,40.0,137.763050327,0.82744
662,662,8.0,44.0,169.275744003,0.4123439999999999
663,663,8.0,41.0,206.214062277,1.03735
664,664,8.0,39.0,187.29569756599997,1.96014
665,665,8.0,40.0,136.020805359,0.8849799999999999
666,666,4.0,39.0,194.710371598,1.82147
667,667,4.0,39.0,205.828734838,4.34366
668,668,6.0,36.0,230.201795673,0.03102
669,669,6.0,36.0,291.90175557099997,0.08206000000000001
670,670,8.0,43.0,192.42937443900001,8.682324000000001
671,671,9.0,35.0,160.248140309,0.456221
672,672,9.0,44.0,125.81675174700001,1.880727
673,673,10.0,26.0,248.73737067599998,5.71508
674,674,10.0,26.0,263.184330709,7.427860000000001
675,675,10.0,26.0,198.40680094200002,5.7842699999999985
676,676,10.0,31.0,219.35607480299998,0.57882
677,677,10.0,31.0,153.109091046,1.3869
678,678,10.0,31.0,211.653531771,0.08524
679,679,10.0,34.0,173.148754252,0.770228
680,680,10.0,36.0,76.8136210574,0.79605
681,681,10.0,36.0,142.395485486,0.225446
682,682,10.0,36.0,121.68848735899999,0.24806
683,683,10.0,36.0,234.957470485,0.2168
684,684,10.0,36.0,180.84827845400002,0.150921
685,685,10.0,36.0,233.90261595400003,0.18078
686,686,10.0,36.0,358.540849359,0.207767
687,687,10.0,36.0,407.937128555,0.107071
688,688,10.0,36.0,321.52791441,0.08932000000000001
689,689,10.0,36.0,205.888941049,0.031072
690,690,10.0,36.0,206.86978490099997,0.12709
691,691,10.0,36.0,121.50605054299999,0.13412000000000002
692,692,10.0,36.0,284.98813,0.113028
693,693,10.0,36.0,320.110777997,0.329346
694,694,10.0,36.0,191.43511398099997,0.20037
695,695,10.0,36.0,135.029450868,0.167882
696,696,10.0,36.0,133.908532229,0.331092
697,697,10.0,36.0,117.012252459,0.738442
698,698,10.0,36.0,138.72876019999998,0.45175
699,699,10.0,38.0,170.92311439600002,0.05599
700,700,10.0,38.0,286.878104361,1.04985
701,701,10.0,38.0,127.308599681,0.26488
702,702,10.0,38.0,121.138652491,2.2e-05
703,703,10.0,40.0,116.355529516,1.67838
704,704,10.0,40.0,128.49754568,0.93787
705,705,10.0,40.0,121.225473209,1.1661700000000002
706,706,10.0,40.0,117.210516286,1.26136
707,707,10.0,40.0,120.537082645,1.17079
708,708,10.0,40.0,118.517970246,1.26116
709,709,10.0,42.0,204.13706727099998,1.31882
710,710,10.0,43.0,141.033070375,0.305898
711,711,10.0,43.0,132.928321361,0.252598
712,712,10.0,43.0,137.236175305,0.39041
713,713,10.0,43.0,135.42377486700002,0.43152
714,714,10.0,43.0,104.612709919,0.4139390000000001
715,715,10.0,44.0,128.558321918,0.498283
716,716,11.0,25.0,241.884905723,0.200762
717,717,11.0,35.0,155.934340218,1.95064
718,718,12.0,26.0,193.020401021,0.530918
719,719,12.0,26.0,190.985908806,0.150376
720,720,12.0,26.0,138.6731186,0.90401
721,721,12.0,28.0,266.217220443,0.55618
722,722,12.0,29.0,108.52037898799999,1.39791
723,723,12.0,29.0,174.23129063099998,0.116366
724,724,12.0,29.0,141.635206952,1.235111
725,725,12.0,29.0,228.451634327,0.199077
726,726,12.0,29.0,227.79093936299998,0.090926
727,727,12.0,29.0,134.766655429,1.218718
728,728,12.0,30.0,132.184554453,0.780299
729,729,12.0,31.0,163.752110626,0.2755
730,730,12.0,31.0,156.18869169,0.89949
731,731,12.0,31.0,180.027848756,0.57127
732,732,12.0,31.0,145.983162785,0.477004
733,733,12.0,31.0,148.02567364700002,0.406796
734,734,12.0,31.0,170.106772672,0.84891
735,735,12.0,33.0,320.681243409,0.57053
736,736,12.0,33.0,181.163917907,0.17468
737,737,12.0,33.0,338.431674757,0.10249
738,738,12.0,33.0,288.11946745,0.018233000000000003
739,739,12.0,33.0,242.275997787,1.17495
740,740,12.0,33.0,287.769966677,0.12552
741,741,12.0,36.0,207.341706085,0.795342
742,742,12.0,36.0,172.98071601900003,0.90224
743,743,12.0,36.0,132.60845797,2.48109
744,744,12.0,36.0,183.73957520099998,0.586922
745,745,12.0,36.0,129.516693713,0.2824
746,746,12.0,36.0,122.55616623200001,1.18405
747,747,12.0,36.0,159.58060660799998,0.5404899999999999
748,748,12.0,36.0,213.468148555,0.143039
749,749,12.0,36.0,189.283452091,0.62192
750,750,12.0,36.0,183.497549647,0.53073
751,751,12.0,36.0,257.051504536,1.07944
752,752,12.0,36.0,234.260347878,0.4466189999999999
753,753,12.0,36.0,168.76985171799998,2.21809
754,754,12.0,36.0,284.83504784,0.641632
755,755,12.0,36.0,201.69225755099998,0.48493
756,756,12.0,36.0,201.898561073,0.23013000000000006
757,757,12.0,36.0,119.044041511,0.77927
758,758,12.0,36.0,150.917613439,0.42379
759,759,12.0,36.0,133.178670413,0.96836
760,760,12.0,36.0,188.763217396,0.677717
761,761,12.0,36.0,145.08072508,0.22484
762,762,12.0,36.0,155.07024279,0.31771
763,763,12.0,36.0,124.894469465,0.27257
764,764,12.0,36.0,150.312096705,0.72092
765,765,12.0,36.0,141.842894283,0.16067
766,766,12.0,36.0,175.30485072099998,1.15122
767,767,12.0,36.0,242.837780283,0.7487699999999999
768,768,12.0,36.0,133.609663249,1.41724
769,769,12.0,36.0,243.96208398599998,0.49742
770,770,12.0,36.0,163.508772363,1.17897
771,771,12.0,36.0,298.742648824,0.430713
772,772,12.0,36.0,163.59189614,1.90961
773,773,12.0,36.0,160.190837007,1.291
774,774,12.0,38.0,266.608037206,0.567763
775,775,12.0,38.0,142.79308966600001,0.477157
776,776,12.0,40.0,189.23153361400003,1e-05
777,777,12.0,40.0,139.91988063,1.26666
778,778,12.0,44.0,142.155913536,0.376974
779,779,12.0,44.0,143.91496950200002,2.629036
780,780,12.0,46.0,215.79989911299998,0.14902
781,781,13.0,44.0,255.624647637,0.35228200000000004
782,782,6.0,24.0,76.6682347938,0.093334
783,783,8.0,19.0,220.62619810799998,0.469832
784,784,8.0,24.0,80.1620241092,0.197379
785,785,6.0,23.0,175.190943599,0.010746
786,786,8.0,23.0,208.04569394,0.021177
787,787,8.0,23.0,235.413563916,0.00562
788,788,10.0,20.0,141.94758990100001,0.041954000000000005
789,789,10.0,21.0,137.031952919,0.117146
790,790,10.0,21.0,141.450546786,0.064201
791,791,10.0,21.0,134.700964589,0.25108400000000003
792,792,11.0,21.0,157.938824207,0.128686
793,793,12.0,16.0,374.437347955,0.0008560000000000001
794,794,12.0,19.0,188.77915844400002,0.031943
795,795,12.0,19.0,231.67836409400002,0.005985
796,796,12.0,19.0,399.433212409,0.004906000000000001
797,797,12.0,19.0,214.79159760299999,0.020608
798,798,12.0,19.0,200.97228383900003,0.122008
799,799,12.0,19.0,197.684082088,0.002017
800,800,12.0,19.0,269.639351012,0.023581
801,801,12.0,19.0,260.08358211,0.704325
802,802,12.0,19.0,126.749598437,0.053349
803,803,12.0,20.0,193.78403567,0.129867
804,804,12.0,20.0,166.558640596,0.557949
805,805,12.0,20.0,175.43731937599998,0.527565
806,806,12.0,20.0,188.261425258,0.57023
807,807,12.0,20.0,98.14970836139999,0.015964
808,808,12.0,21.0,163.32650345,0.050568
809,809,13.0,21.0,198.23922948400002,0.1118
810,810,5.0,8.0,70.52028932489999,0.164928
811,811,6.0,6.0,67.048181126,1.564626
812,812,8.0,7.0,222.987316964,0.073475
813,813,8.0,8.0,119.867583861,0.350053
814,814,8.0,8.0,122.385990649,2.07248
815,815,8.0,8.0,87.4599656634,0.817401
816,816,8.0,9.0,77.8463747112,2.34136
817,817,10.0,8.0,106.047631955,0.875906
818,818,10.0,9.0,107.57797297399999,0.211352
819,819,11.0,8.0,105.22250712600001,0.454212
820,820,12.0,7.0,160.453002113,1.195054
821,821,12.0,9.0,112.144574856,0.697296
822,822,5.0,5.0,39.935253211799996,0.96021
823,823,5.0,5.0,40.7429788826,0.46464
824,824,5.0,5.0,52.8170653404,0.7756850000000001
825,825,5.0,5.0,42.7221771383,0.71631
826,826,5.0,5.0,42.5942126525,0.84906
827,827,5.0,5.0,46.21772720680001,1.024427
828,828,5.0,5.0,56.460292843199994,0.83534
829,829,5.0,5.0,43.8504970471,0.7163579999999999
830,830,5.0,5.0,65.81308138029999,0.09956
831,831,5.0,5.0,56.34178006649999,0.98301
832,832,6.0,4.0,66.9620204095,0.431958
833,833,6.0,4.0,103.436645274,0.090306
834,834,6.0,4.0,89.80915383969999,0.134856
835,835,8.0,4.0,101.30386575799999,0.4693310000000001
836,836,3.0,5.0,88.1458506871,0.2973
837,837,4.0,5.0,50.8436008304,0.11844
838,838,5.0,5.0,96.1741663884,0.054636
839,839,5.0,5.0,70.29965538260001,0.24996
840,840,6.0,4.0,146.378332825,0.40547
841,841,6.0,4.0,127.463535464,0.734234
842,842,6.0,4.0,132.221150999,1.028376
843,843,6.0,5.0,98.2218005526,1.822829
844,844,9.0,5.0,123.521946233,0.39419
845,845,9.0,5.0,100.108643541,3.039611
846,846,9.0,5.0,197.252645278,0.0933
847,847,9.0,5.0,114.04906518700001,0.48645
848,848,10.0,4.0,247.32372800299999,0.64589
849,849,10.0,4.0,164.94598970299998,0.28204
850,850,10.0,4.0,145.47053610700002,1.056037
851,851,10.0,5.0,119.91712082,0.750674
852,852,10.0,5.0,111.13692932,1.05362
853,853,10.0,5.0,107.928495337,1.46602
854,854,10.0,5.0,141.141726914,0.213379
855,855,11.0,5.0,134.06411885100002,1.749669
856,856,11.0,5.0,150.188261496,0.6781550000000001
857,857,11.0,5.0,130.45131244700002,0.59436
858,858,11.0,5.0,124.25671869,0.631698
859,859,11.0,5.0,143.02447846200002,0.29635
860,860,11.0,5.0,119.876762253,0.551672
861,861,11.0,5.0,130.014281014,0.20007
862,862,11.0,5.0,118.158019132,0.559921
863,863,11.0,5.0,121.56566316,0.210374
864,864,11.0,5.0,129.730848565,0.113528
865,865,11.0,5.0,146.329622183,1.237953
866,866,11.0,5.0,102.976892535,1.30352
867,867,11.0,5.0,149.509795571,0.12174
868,868,12.0,3.0,148.932784571,0.146608
869,869,12.0,4.0,161.501613641,3.02301
870,870,12.0,4.0,194.356796884,0.17115
871,871,12.0,4.0,268.740193627,0.141374
872,872,12.0,4.0,200.42303594,0.041132
873,873,12.0,4.0,150.965283484,0.407263
874,874,12.0,4.0,143.059843066,0.000166
875,875,12.0,4.0,154.359622508,1.08682
876,876,12.0,4.0,155.78741871399998,0.13847
877,877,12.0,5.0,159.704761557,0.13758
878,878,12.0,5.0,178.022326197,0.07615
879,879,12.0,5.0,110.565599006,0.15939
880,880,13.0,3.0,153.777031566,0.47818
881,881,13.0,3.0,195.97856483299998,0.2208
882,882,13.0,3.0,150.161854998,0.150697
883,883,14.0,4.0,128.45559678,0.03488
884,884,14.0,4.0,425.758997304,0.43468
885,885,5.0,1.0,48.8803534404,0.960304
886,886,5.0,1.0,44.2845115166,3.921181
887,887,4.0,1.0,74.1398995988,3.385664
888,888,5.0,1.0,80.0427005968,0.8468610000000001
889,889,5.0,1.0,123.20734432399999,0.593046
890,890,6.0,1.0,132.708491411,0.35265100000000005
891,891,6.0,1.0,105.724264547,0.192983
892,892,6.0,1.0,144.37088499799998,0.104828
893,893,7.0,1.0,111.521851665,2.929233
894,894,8.0,1.0,120.83403637100001,0.15723800000000002
895,895,8.0,1.0,106.893706577,0.7548050000000001
896,896,8.0,1.0,107.362159561,0.652668
897,897,4.0,1.0,123.58847294200001,0.409463
898,898,7.0,1.0,195.24285490900002,2.426426
899,899,9.0,1.0,153.128149668,0.17626
900,900,9.0,1.0,144.392233589,0.171771
901,901,9.0,1.0,194.757462722,1.109733
902,902,9.0,1.0,104.13961433200001,0.708495
903,903,9.0,1.0,101.796551915,1.7165979999999998
904,904,10.0,1.0,151.295837015,46.192855
905,905,10.0,1.0,179.08822734,0.098665
906,906,10.0,1.0,132.99233406,1.430472
907,907,10.0,1.0,104.922725681,0.5239149999999999
908,908,10.0,1.0,165.396818545,12.916294
909,909,10.0,1.0,183.587964936,2.072499
910,910,10.0,1.0,101.329069394,3.542281
911,911,10.0,1.0,107.43909884899999,3.304937
912,912,10.0,1.0,106.45487185299999,5.07089
913,913,10.0,1.0,110.37355126700001,3.778991
914,914,10.0,1.0,109.490154921,1.643289
915,915,10.0,1.0,112.900243965,1.103232
916,916,10.0,1.0,113.450462764,11.835329
917,917,11.0,1.0,123.695479,0.912857
918,918,11.0,1.0,225.742646502,0.101974
919,919,11.0,1.0,118.34223528700001,0.490413
920,920,11.0,1.0,124.20155513,0.380107
921,921,11.0,1.0,106.90751332200001,0.485098
922,922,12.0,1.0,167.800203794,0.047843
923,923,12.0,1.0,208.767709372,0.432661
924,924,12.0,1.0,206.11968322200002,0.131998
925,925,12.0,1.0,175.54953517799999,0.06027
926,926,12.0,1.0,203.558624514,0.22313
927,927,12.0,1.0,194.255797344,30.542384
928,928,12.0,1.0,138.80212506,1.0867719999999998
929,929,12.0,1.0,110.872731716,0.541667
930,930,12.0,1.0,160.82157315,0.248395
931,931,12.0,1.0,158.22897123799999,0.145819
932,932,12.0,1.0,216.20222609,0.449849
933,933,12.0,1.0,126.897786001,0.291658
934,934,13.0,1.0,131.247535507,0.15498900000000002
935,935,13.0,1.0,133.71671259299998,0.23022
936,936,13.0,1.0,258.802052727,1.440424
937,937,13.0,1.0,145.770644002,0.270014
938,938,13.0,1.0,171.143702799,0.566652
939,939,13.0,1.0,172.63499389,0.472229
940,940,13.0,1.0,149.498911775,0.614441
