,Unnamed: 0,c,mn,si,cr,ni,mo,v,n,nb,co,w,al,ti,yield strength,tensile strength,elongation
0,0,0.02,0.05,0.05,0.01,19.7,2.95,0.01,0.0,0.01,15.0,0.0,0.15,1.55,2411.5,2473.5,7.0
1,1,0.18,0.01,0.01,13.44,0.01,3.01,0.46,0.04,0.01,19.46,2.35,0.04,0.0,1123.1,1929.2,8.0
2,2,0.0,0.01,0.01,8.67,13.45,0.82,0.01,0.0,0.01,13.9,0.0,0.39,0.57,1736.3,1871.8,
3,3,0.01,0.05,0.05,0.01,17.7,3.95,0.01,0.0,0.01,15.0,0.0,0.13,1.47,2487.3,2514.9,9.0
4,4,0.01,0.05,0.05,0.01,19.4,1.45,0.01,0.0,0.01,14.9,0.0,0.13,1.55,2249.6,2315.0,8.5
5,5,0.19,0.02,0.49,12.56,0.94,1.96,0.01,0.0,0.01,20.1,0.0,0.03,0.0,1328.3,1779.5,19.7
6,6,0.0,0.05,0.05,0.01,18.1,3.6,0.01,0.0,0.01,13.0,0.0,0.11,2.25,2501.1,2570.0,3.7
7,7,0.1,0.57,0.24,12.19,0.01,8.9,0.01,0.02,0.01,15.2,0.0,0.03,0.0,1228.9,1795.6,2.0
8,8,0.01,0.01,1.99,17.5,2.1,0.02,0.01,0.0,0.01,11.8,0.0,0.03,0.05,1088.6,1419.3,10.0
9,9,0.16,0.01,0.01,14.56,0.01,4.9,0.48,0.05,0.01,15.6,0.0,0.04,0.0,1502.0,2008.4,11.5
10,10,0.01,0.05,0.05,0.01,18.0,3.6,0.01,0.0,0.01,13.0,0.0,0.08,1.88,2411.5,2475.8,7.7
11,11,0.0,0.05,0.05,0.01,18.1,3.5,0.01,0.0,0.01,13.0,0.0,0.1,1.62,2331.1,2397.7,9.3
12,12,0.16,0.01,0.01,13.56,0.01,4.7,0.4,0.04,0.01,16.2,0.0,0.04,0.0,1274.7,1949.9,12.0
13,13,0.0,0.05,0.05,0.01,18.0,3.6,0.5,0.0,0.01,12.0,0.0,0.02,1.9,2402.3,2468.9,8.3
14,14,0.16,0.01,0.01,14.24,0.01,7.15,0.41,0.03,0.01,13.6,0.0,0.04,0.0,1460.7,2197.9,4.0
15,15,0.2,0.01,0.01,14.13,0.92,1.99,0.01,0.0,0.08,17.0,0.0,0.03,0.0,1243.4,1792.3,20.8
16,16,0.02,0.05,0.05,0.01,17.0,4.07,0.69,0.0,0.01,12.3,0.0,0.16,1.58,2381.6,2436.8,9.7
17,17,0.16,0.01,0.67,14.5,0.01,5.09,0.41,0.02,0.01,13.41,0.0,0.04,0.0,1412.5,2129.0,4.0
18,18,0.01,0.01,0.01,0.01,15.0,6.02,0.01,0.0,0.01,14.8,0.0,0.03,0.62,1603.3,1751.6,10.3
19,19,0.01,0.01,1.93,15.6,4.1,0.02,0.01,0.0,0.01,10.5,0.0,0.03,0.06,1185.1,1453.8,18.0
20,20,0.01,0.05,0.05,0.01,17.5,4.15,0.01,0.0,0.01,11.5,0.0,0.62,1.48,2510.3,2570.0,7.7
21,21,0.01,0.05,0.05,0.01,17.2,3.95,0.01,0.0,0.01,12.2,0.0,0.23,1.78,2372.4,2441.3,8.7
22,22,0.07,0.01,0.01,15.54,0.01,4.99,0.41,0.03,0.01,13.41,0.0,0.03,0.0,1312.6,2011.9,11.5
23,23,0.16,0.56,0.01,14.46,0.01,5.12,0.41,0.03,0.01,13.41,0.0,0.05,0.0,1350.4,2039.4,12.0
24,24,0.16,0.01,0.03,13.99,1.09,4.95,0.01,0.0,0.27,13.94,0.0,0.03,0.0,1169.4,1603.4,21.8
25,25,0.2,0.01,0.51,12.51,0.95,1.97,0.01,0.0,0.08,17.06,0.0,0.03,0.0,1322.1,1770.7,17.8
26,26,0.01,0.01,0.01,11.14,8.01,4.99,0.01,0.0,0.01,8.62,0.0,1.22,0.01,1870.6,1970.6,11.5
27,27,0.01,0.01,0.01,0.01,15.1,5.1,0.01,0.0,0.01,15.3,0.0,0.03,0.2,1580.0,1675.6,13.6
28,28,0.15,0.01,0.01,14.48,0.01,5.06,0.46,0.15,0.01,13.49,0.0,0.05,0.0,1164.4,2032.6,4.0
29,29,0.16,0.01,0.01,14.34,0.01,5.09,0.87,0.04,0.01,13.45,0.0,0.05,0.0,1550.3,2122.1,12.0
30,30,0.01,0.05,0.05,0.01,17.5,3.9,0.01,0.0,0.01,11.8,0.0,0.17,1.54,2381.6,2436.8,9.3
31,31,0.21,0.01,0.01,14.6,0.01,5.02,0.41,0.02,0.01,13.48,0.0,0.05,0.0,1405.6,2122.1,12.0
32,32,0.21,0.01,0.01,14.58,0.01,5.02,0.46,0.02,0.01,13.45,0.0,0.05,0.0,1529.6,2108.3,12.0
33,33,0.01,0.01,0.01,10.96,7.97,5.0,0.01,0.0,0.01,8.55,0.0,1.21,0.01,1825.8,1953.3,11.0
34,34,0.21,0.43,0.5,12.53,1.18,2.06,0.01,0.0,0.01,15.95,0.0,0.03,0.0,1352.2,1839.4,19.0
35,35,0.0,0.01,0.01,10.97,7.99,4.98,0.01,0.0,0.01,8.51,0.0,1.19,0.02,1837.9,1949.8,12.5
36,36,0.07,0.57,0.32,11.76,0.01,6.32,0.01,0.05,0.01,15.2,0.0,0.03,0.0,1133.4,1931.2,13.4
37,37,0.2,0.01,0.03,14.09,0.01,1.98,0.01,0.0,0.08,16.62,0.0,0.03,0.0,1358.2,1841.4,13.8
38,38,0.21,0.01,1.99,12.58,0.94,1.98,0.01,0.0,0.08,13.88,0.0,0.03,0.0,1354.2,1769.8,19.1
39,39,0.09,0.66,0.27,12.28,0.01,0.02,0.01,0.03,0.01,14.8,8.0,0.03,0.0,1081.1,1678.6,5.8
40,40,0.12,0.01,0.01,14.52,0.01,5.09,0.43,0.03,0.01,13.48,0.0,0.03,0.0,1515.8,2101.5,6.0
41,41,0.17,0.01,0.01,14.26,0.01,5.09,0.41,0.03,0.01,13.64,0.0,0.03,0.0,1502.0,2094.6,11.0
42,42,0.01,0.05,0.05,0.01,14.7,1.5,0.01,0.0,0.01,15.3,0.0,0.76,1.16,2157.3,2239.3,8.5
43,43,0.04,0.55,0.27,12.29,0.01,5.85,0.01,0.03,0.01,15.0,0.0,0.03,0.0,1287.4,1891.1,11.0
44,44,0.08,0.01,0.01,14.48,0.01,4.99,0.46,0.07,0.01,13.56,0.0,0.03,0.0,1311.4,2016.5,13.3
45,45,0.2,0.51,0.52,12.66,1.02,1.99,0.01,0.0,0.01,15.56,0.0,0.03,0.0,1245.4,1754.6,18.5
46,46,0.1,0.51,0.32,12.0,0.01,6.3,0.01,0.04,0.01,14.6,0.0,0.03,0.0,1155.0,1848.0,13.4
47,47,0.12,0.01,0.01,14.4,0.01,4.99,0.41,0.03,0.01,13.45,0.0,0.05,0.0,1322.9,1984.3,16.0
48,48,0.01,0.01,0.01,0.01,14.8,2.5,0.01,0.0,0.01,15.0,0.0,0.03,1.8,1571.2,1701.7,10.6
49,49,0.01,0.01,0.01,0.01,18.5,4.8,0.43,0.0,0.01,8.7,0.0,0.95,0.72,1288.4,1453.8,20.0
50,50,0.02,0.01,1.86,15.9,4.0,0.02,0.01,0.0,0.01,9.2,0.0,0.02,0.05,1143.7,1350.4,17.0
51,51,0.16,0.01,0.01,14.36,0.01,5.15,0.01,0.03,0.01,13.45,0.0,0.07,0.0,1460.7,2067.0,12.0
52,52,0.2,0.51,0.51,12.59,1.03,1.98,0.01,0.0,0.01,15.4,0.0,0.03,0.0,1300.3,1741.5,17.9
53,53,0.24,0.01,0.01,8.9,8.7,1.5,0.28,0.0,0.01,13.0,0.0,0.03,0.02,1309.1,1757.0,14.3
54,54,0.15,0.01,0.01,14.5,0.01,5.0,0.01,0.0,0.01,13.5,0.0,0.05,0.0,1338.0,1792.7,14.1
55,55,0.01,0.01,0.01,0.01,18.5,4.7,0.01,0.0,0.01,8.8,0.0,1.02,0.71,1309.1,1495.1,19.0
56,56,0.01,0.01,0.01,0.01,14.9,3.15,0.01,0.0,0.01,15.3,0.0,0.03,0.7,1669.3,1726.8,10.8
57,57,0.2,0.01,1.5,12.63,0.94,1.98,0.01,0.0,0.08,13.83,0.0,0.03,0.0,1382.2,1764.8,18.5
58,58,0.01,0.01,0.01,8.14,11.95,0.02,0.01,0.0,0.01,10.48,0.0,0.39,1.11,1768.0,1828.6,
59,59,0.09,0.63,0.37,12.3,0.01,3.97,0.01,0.04,0.01,15.2,0.0,0.03,0.0,1131.9,1595.4,13.4
60,60,0.15,0.01,0.01,14.13,0.14,4.8,0.21,0.0,0.01,13.33,0.0,0.03,0.0,1341.7,1745.5,18.5
61,61,0.0,0.01,0.01,11.85,10.25,1.47,0.01,0.0,0.01,7.48,0.0,0.43,0.56,1586.7,1671.3,
62,62,0.0,0.01,0.01,10.09,6.98,5.48,0.01,0.01,0.01,10.96,0.0,0.03,0.0,1373.9,1640.2,11.4
63,63,0.01,0.01,0.01,0.01,18.5,4.9,0.39,0.0,0.01,8.7,0.0,0.51,0.65,1164.4,1371.1,22.0
64,64,0.16,0.01,0.01,14.36,0.01,3.01,0.97,0.03,0.01,13.33,0.0,0.05,0.0,1240.2,1598.5,14.0
65,65,0.19,0.46,0.49,12.67,0.95,1.49,0.01,0.0,0.01,15.1,0.0,0.03,0.0,1250.8,1737.4,18.1
66,66,0.11,0.01,0.01,9.2,3.7,2.0,0.5,0.0,0.01,16.7,0.0,0.03,0.03,1453.8,1701.8,17.0
67,67,0.19,0.02,0.49,12.54,0.96,1.49,0.46,0.0,0.01,15.1,0.0,0.03,0.0,1241.0,1719.7,18.5
68,68,0.2,0.01,0.51,12.51,0.95,1.98,0.01,0.0,0.08,15.16,0.0,0.03,0.0,1314.2,1775.6,15.3
69,69,0.15,0.01,0.01,14.36,0.01,5.09,0.41,0.03,0.01,12.23,0.0,0.04,0.0,1471.0,1939.6,12.5
70,70,0.16,0.01,0.01,14.4,0.01,5.28,0.41,0.13,0.01,11.74,0.0,0.04,0.0,1646.7,2149.7,10.0
71,71,0.2,0.02,0.49,12.55,0.94,1.97,0.01,0.0,0.02,15.08,0.0,0.03,0.0,1258.6,1738.3,16.9
72,72,0.15,0.01,0.01,14.36,0.01,3.04,0.41,0.03,0.01,13.64,0.0,0.03,0.0,1233.3,1612.3,14.0
73,73,0.17,0.01,0.01,14.48,0.01,5.22,0.41,0.12,0.01,11.41,0.0,0.13,0.0,1536.5,2135.9,10.0
74,74,0.2,0.01,1.0,12.6,0.94,1.98,0.21,0.0,0.08,13.77,0.0,0.03,0.0,1344.4,1736.9,17.8
75,75,0.19,0.01,0.49,12.53,0.96,1.48,0.33,0.0,0.01,14.95,0.0,0.03,0.0,1218.4,1738.3,19.3
76,76,0.22,0.01,1.01,12.61,0.94,1.98,0.01,0.0,0.08,13.78,0.0,0.03,0.0,1383.7,1773.6,16.2
77,77,0.24,0.01,0.01,8.9,7.4,1.7,0.28,0.0,0.01,13.0,0.0,0.03,0.03,1550.3,1940.7,14.3
78,78,0.25,0.01,0.01,14.09,0.93,2.0,0.01,0.0,0.08,13.88,0.0,0.03,0.0,1438.6,1826.1,11.0
79,79,0.01,0.01,0.01,8.84,10.81,1.19,0.41,0.0,0.01,9.24,0.0,0.43,0.57,1755.2,1820.7,
80,80,0.01,0.04,0.04,9.9,6.99,2.75,0.0,0.0,0.0,8.02,2.43,1.8,0.0,1680.6,1768.7,6.5
81,81,0.01,0.01,0.01,0.01,14.6,3.1,0.01,0.0,0.01,15.4,0.0,0.03,0.12,1267.1,1331.5,15.8
82,82,0.02,0.01,1.82,13.9,5.1,0.02,0.01,0.0,0.01,8.9,0.0,0.02,0.04,1226.4,1329.8,17.0
83,83,0.01,0.01,0.01,7.74,11.91,0.98,0.01,0.0,0.01,9.95,0.0,0.27,0.71,1779.7,1856.2,
84,84,0.21,0.01,0.01,14.08,0.93,2.0,0.01,0.0,0.08,13.83,0.0,0.03,0.0,1372.9,1800.2,16.8
85,85,0.35,0.01,0.01,9.0,1.5,2.0,0.3,0.0,0.01,18.0,0.0,0.03,0.02,1731.7,2232.4,
86,86,0.0,0.01,0.01,11.11,10.0,1.23,0.01,0.0,0.01,7.51,0.28,0.57,0.59,1729.4,1817.2,
87,87,0.19,0.01,0.5,12.53,0.95,1.48,0.01,0.0,0.01,15.02,0.0,0.03,0.0,1311.1,1789.4,16.2
88,88,0.01,0.01,0.01,10.12,7.01,5.48,0.01,0.0,0.01,10.05,0.0,0.03,0.0,1486.2,1700.3,14.6
89,89,0.04,0.01,0.01,0.01,18.8,6.0,0.01,0.0,0.01,8.0,0.0,0.16,0.42,1012.8,1198.9,6.0
90,90,0.15,0.01,0.01,14.01,0.93,1.99,0.01,0.0,0.08,13.76,0.0,0.03,0.0,1278.2,1610.8,17.7
91,91,0.17,0.01,0.78,12.54,0.95,1.99,0.01,0.0,0.08,13.99,0.0,0.03,0.0,1368.5,1727.5,17.3
92,92,0.21,0.01,0.56,12.54,0.99,1.97,0.34,0.0,0.08,13.76,0.0,0.03,0.0,1280.7,1772.2,12.5
93,93,0.18,0.11,0.09,0.01,17.8,0.02,4.32,0.0,0.01,8.06,0.0,0.11,0.08,1605.4,1639.8,13.0
94,94,0.21,0.01,0.73,12.51,0.94,1.98,0.01,0.0,0.08,13.78,0.0,0.03,0.0,1369.5,1759.4,15.9
95,95,0.01,0.01,1.72,15.7,4.1,0.02,0.01,0.0,0.01,7.4,0.0,0.02,0.04,1205.8,1281.5,16.0
96,96,0.19,0.01,0.73,12.47,0.95,1.98,0.01,0.0,0.08,13.78,0.0,0.03,0.0,1275.3,1741.8,17.6
97,97,0.22,0.01,0.01,8.5,4.6,1.5,0.28,0.0,0.01,15.3,0.5,0.03,0.03,1575.5,1998.1,14.7
98,98,0.21,0.01,0.5,12.55,0.94,1.98,0.01,0.0,0.08,13.75,0.0,0.03,0.0,1369.5,1767.4,17.7
99,99,0.23,0.01,0.52,12.47,0.95,1.97,0.01,0.0,0.08,13.78,0.0,0.03,0.0,1359.7,1809.9,7.3
100,100,0.03,0.01,0.01,0.01,18.4,4.9,0.01,0.0,0.01,7.0,0.0,0.15,1.77,1233.3,1378.0,24.0
101,101,0.19,0.01,0.5,12.64,0.98,1.95,0.01,0.0,0.02,13.67,0.0,0.03,0.0,1376.3,1732.4,17.7
102,102,0.2,0.01,0.01,13.82,1.13,0.99,0.01,0.0,0.09,13.74,0.0,0.03,0.0,1376.7,1809.3,18.0
103,103,0.21,0.01,0.01,14.04,0.01,1.99,0.01,0.0,0.08,13.79,0.0,0.03,0.0,1348.9,1727.5,9.6
104,104,0.21,0.01,0.37,12.59,0.96,1.98,0.01,0.0,0.08,13.75,0.0,0.03,0.0,1332.7,1774.1,16.8
105,105,0.01,0.01,0.01,0.01,17.0,4.8,0.34,0.0,0.01,8.7,0.0,0.39,0.67,1287.3,1429.7,19.3
106,106,0.02,0.01,0.01,0.01,14.5,0.92,0.01,0.0,0.01,15.4,0.0,0.03,0.41,1212.0,1272.2,14.8
107,107,0.01,0.05,0.05,0.01,17.4,4.97,0.01,0.0,0.01,7.9,0.0,0.13,1.5,2356.4,2404.6,8.0
108,108,0.2,0.01,0.3,12.46,0.95,1.97,0.01,0.0,0.08,13.75,0.0,0.03,0.0,1299.8,1770.2,13.6
109,109,0.16,0.01,0.01,14.26,0.01,4.93,0.46,0.03,0.01,10.55,0.0,0.04,0.0,1405.6,1894.8,14.0
110,110,0.02,0.01,0.01,0.01,14.7,0.02,0.01,0.0,0.01,15.5,0.0,0.03,0.43,1144.8,1176.2,16.5
111,111,0.2,0.01,0.01,12.43,1.21,2.01,0.01,0.0,0.08,13.82,0.0,0.03,0.0,1423.8,1818.8,16.5
112,112,0.0,0.01,0.01,14.3,8.3,2.6,0.01,0.0,0.01,4.3,0.0,0.1,0.49,1350.4,1478.0,
113,113,0.0,0.01,0.01,14.3,8.4,2.5,0.01,0.0,0.01,4.3,0.0,0.12,0.47,1274.7,1347.0,
114,114,0.02,0.01,1.93,13.9,6.0,0.02,0.01,0.0,0.01,6.0,0.0,0.03,0.05,1130.0,1212.6,14.0
115,115,0.06,2.09,0.32,16.42,5.14,1.51,0.01,0.0,0.01,2.03,0.0,0.88,0.0,1237.0,1374.2,9.9
116,116,0.19,0.01,0.01,12.61,0.99,1.98,0.01,0.0,0.07,13.79,0.0,0.03,0.0,1371.4,1730.5,15.6
117,117,0.2,0.01,0.01,11.94,2.48,0.99,0.01,0.0,0.1,13.64,0.0,0.03,0.0,1273.3,1640.2,18.6
118,118,0.01,0.01,0.01,0.01,15.2,5.1,0.01,0.0,0.01,9.2,0.0,0.9,0.7,1393.5,1521.4,13.8
119,119,0.01,0.01,0.01,0.01,15.1,5.1,0.01,0.0,0.01,9.2,0.0,0.92,0.7,1580.1,1719.1,10.2
120,120,0.02,0.01,1.92,15.5,3.9,0.02,0.01,0.0,0.01,6.0,0.0,0.04,0.07,1109.3,1178.2,12.0
121,121,0.23,0.01,0.36,12.6,0.95,1.97,0.01,0.0,0.08,12.77,0.0,0.03,0.0,1302.8,1721.7,18.1
122,122,0.25,0.01,0.01,9.0,6.2,1.3,0.29,0.0,0.01,12.2,0.0,0.03,0.03,1405.6,1798.3,16.0
123,123,0.02,0.01,0.01,0.01,18.6,5.1,0.01,0.0,0.01,6.7,0.0,0.12,0.89,1088.6,1226.4,21.0
124,124,0.02,0.01,0.01,0.01,18.6,5.1,0.01,0.0,0.01,6.9,0.0,0.12,0.64,1026.6,1178.2,14.0
125,125,0.24,0.01,0.01,8.9,5.1,1.7,0.29,0.0,0.01,13.0,0.0,0.03,0.03,1429.7,1925.8,15.5
126,126,0.22,0.01,0.01,3.03,11.17,1.18,0.01,0.0,0.01,13.89,0.0,0.03,0.01,1810.0,1970.0,12.2
127,127,0.01,0.01,0.01,0.01,15.3,5.1,0.01,0.0,0.01,9.1,0.0,0.6,0.68,1123.1,1198.9,13.0
128,128,0.15,0.01,0.01,9.0,4.8,1.5,0.5,0.0,0.01,13.0,0.0,0.03,0.02,1412.5,1688.1,10.0
129,129,0.2,0.01,0.01,10.53,2.49,1.98,0.01,0.0,0.1,13.67,0.0,0.03,0.0,1282.2,1668.7,17.8
130,130,0.23,0.01,0.01,3.11,11.26,1.19,0.01,0.0,0.01,13.48,0.0,0.01,0.01,1777.6,1954.6,15.6
131,131,0.03,0.01,0.01,0.01,15.0,5.0,0.01,0.0,0.2,8.8,0.0,0.98,0.26,1026.6,1164.4,35.0
132,132,0.03,0.01,0.01,0.01,18.3,5.1,0.01,0.0,0.01,6.7,0.0,0.11,0.7,1109.3,1281.5,18.0
133,133,0.1,0.62,0.37,12.195,0.01,6.15,0.01,0.03,0.01,10.2,0.0,0.03,0.0,1258.2,1650.9,12.0
134,134,0.22,0.01,0.01,3.11,11.22,1.19,0.01,0.0,0.01,13.51,0.0,0.01,0.01,1743.5,1925.4,16.8
135,135,0.21,0.01,0.01,3.1,11.18,1.19,0.01,0.0,0.01,13.52,0.0,0.01,0.01,1792.1,1991.2,15.0
136,136,0.23,0.01,0.01,3.1,11.08,1.19,0.01,0.0,0.01,13.49,0.0,0.01,0.01,1741.8,1933.4,15.6
137,137,0.23,0.01,0.01,3.11,11.16,1.18,0.01,0.0,0.01,13.46,0.0,0.01,0.01,1746.6,1945.8,14.8
138,138,0.24,0.01,0.01,3.12,11.06,1.19,0.01,0.0,0.01,13.46,0.0,0.01,0.01,1804.2,2010.8,15.9
139,139,0.03,0.6,0.3,14.5,8.5,2.5,0.01,0.0,0.01,0.01,0.0,1.2,0.0,1478.4,1617.0,5.0
140,140,0.21,0.01,0.01,3.11,11.11,1.19,0.01,0.0,0.01,13.48,0.0,0.01,0.01,1795.5,1991.9,13.4
141,141,0.23,0.01,0.02,3.12,11.03,1.2,0.01,0.0,0.01,13.45,0.0,0.01,0.01,1818.0,2022.2,14.4
142,142,0.08,0.59,0.3,12.16,0.01,6.3,0.01,0.05,0.01,10.0,0.0,0.03,0.0,1287.4,1801.8,9.7
143,143,0.02,0.01,0.01,0.01,18.1,4.8,0.01,0.0,0.3,6.8,0.0,0.09,0.41,1005.9,1109.3,28.0
144,144,0.01,0.01,0.03,7.93,10.02,0.2,0.0,0.01,0.0,8.14,2.29,0.2,0.49,1525.0,1635.0,9.8
145,145,0.07,0.6,0.3,17.0,7.0,0.02,0.01,0.0,0.01,0.01,0.0,1.2,0.0,1362.9,1447.6,9.0
146,146,0.02,0.01,0.01,5.1,11.2,5.1,0.01,0.0,0.01,6.2,0.0,0.71,0.94,1071.4,1229.8,24.5
147,147,0.02,0.01,0.01,5.1,11.2,5.1,0.49,0.0,0.01,6.3,0.0,0.41,0.74,1136.8,1205.8,22.5
148,148,0.09,2.8,0.32,17.48,4.44,0.02,0.01,0.0,0.01,0.01,0.0,0.9,0.0,1236.6,1381.9,12.9
149,149,0.01,0.01,0.01,5.1,11.2,5.1,0.94,0.0,0.01,6.3,0.0,0.09,0.78,1040.4,1164.4,22.0
150,150,0.02,0.01,0.01,0.01,14.6,5.0,0.43,0.0,0.2,8.9,0.0,0.48,0.2,1026.6,1178.2,18.0
151,151,0.02,0.01,0.01,0.01,14.9,4.8,0.26,0.0,0.01,8.7,0.0,0.36,0.71,1164.4,1260.9,24.0
152,152,0.04,0.44,0.32,12.0,0.01,6.16,0.01,0.03,0.01,10.0,0.0,0.03,0.0,1219.7,1674.0,12.5
153,153,0.04,0.01,0.01,0.01,15.0,5.0,0.01,0.0,0.2,8.8,0.0,0.5,0.24,1019.7,1157.5,15.0
154,154,0.21,0.01,0.6,8.2,2.6,1.3,0.29,0.0,0.01,14.2,0.0,0.03,0.02,1391.8,1839.6,11.0
155,155,0.01,0.01,0.01,5.0,11.2,5.0,0.01,0.0,0.01,6.2,0.0,0.09,1.81,1164.4,1288.4,33.0
156,156,0.17,0.16,0.05,2.97,10.02,1.21,0.01,0.0,0.01,13.74,0.0,0.01,0.0,1547.3,1663.9,14.4
157,157,0.07,0.6,0.3,15.0,7.0,2.25,0.01,0.0,0.01,0.01,0.0,1.2,0.0,1463.0,1555.4,6.5
158,158,0.03,0.05,0.17,0.01,16.4,0.02,4.0,0.0,0.01,6.9,0.0,0.1,0.14,1536.5,1536.5,11.0
159,159,0.35,0.07,4.75,0.01,18.5,0.02,0.01,0.0,0.01,0.01,0.0,0.03,0.0,1250.5,1949.9,2.0
160,160,0.01,0.01,0.01,5.0,11.1,5.1,0.01,0.0,0.01,6.3,0.0,0.1,1.29,1123.1,1247.1,23.0
161,161,0.09,1.0,0.5,17.5,4.2,2.75,0.01,0.1,0.01,0.01,0.0,0.03,0.0,1016.4,1324.4,12.0
162,162,0.19,0.01,0.01,6.8,2.8,2.4,0.28,0.0,0.01,14.2,1.3,0.03,0.02,1371.1,1812.1,13.0
163,163,0.09,0.5,0.28,17.12,4.18,2.02,0.01,0.0,0.01,2.02,0.0,0.03,0.0,1117.3,1286.6,20.2
164,164,0.1,0.53,0.26,12.32,0.01,0.02,0.01,0.03,0.01,9.75,6.0,0.03,0.0,1232.0,1566.2,14.7
165,165,0.16,0.16,0.05,1.97,10.05,1.0,0.01,0.0,0.01,13.88,0.0,0.01,0.0,1592.9,1729.6,14.5
166,166,0.16,0.06,0.04,1.95,10.15,0.98,0.01,0.0,0.01,13.8,0.0,0.01,0.01,1629.9,1760.8,14.5
167,167,0.02,0.01,0.01,5.0,11.1,4.8,0.01,0.0,0.01,6.2,0.0,0.09,0.82,1047.3,1178.2,18.0
168,168,0.11,0.58,0.22,11.89,0.01,3.88,0.01,0.02,0.01,10.2,0.0,0.03,0.0,1096.5,1492.3,14.5
169,169,0.24,0.01,0.01,9.1,2.8,1.3,0.37,0.0,0.01,12.4,0.0,0.03,0.03,1615.8,1960.2,15.5
170,170,0.23,0.01,0.01,9.0,2.8,1.3,0.3,0.0,0.01,12.5,0.0,0.03,0.03,1522.7,2024.0,14.4
171,171,0.02,0.01,0.01,0.01,13.0,5.0,0.47,0.0,0.01,8.9,0.0,0.2,0.71,1061.1,1198.9,23.0
172,172,0.18,0.01,0.01,9.1,2.8,1.3,0.29,0.0,0.01,12.5,0.0,0.03,0.03,1426.2,1800.6,16.0
173,173,0.24,0.01,0.01,9.0,2.8,1.3,0.29,0.0,0.01,12.4,0.0,0.03,0.02,1564.0,1939.6,16.0
174,174,0.1,3.0,0.3,17.0,4.2,0.02,0.01,0.0,0.01,0.01,0.0,0.03,0.0,1130.4,1350.6,30.5
175,175,0.15,0.16,0.05,2.97,10.06,1.0,0.01,0.0,0.01,12.05,0.0,0.01,0.0,1455.4,1567.7,16.7
176,176,0.09,2.16,0.18,16.92,4.26,1.04,0.01,0.0,0.01,0.01,0.0,0.03,0.0,1028.7,1315.2,18.0
177,177,0.03,0.01,0.01,12.64,8.44,2.24,0.01,0.0,0.01,0.01,0.0,1.31,0.01,1521.3,1572.3,13.5
178,178,0.02,0.1,4.27,0.01,18.1,0.02,0.01,0.0,0.01,0.01,0.0,0.07,0.09,1801.8,1915.4,4.0
179,179,0.15,0.16,0.06,2.01,10.08,1.22,0.01,0.0,0.01,12.15,0.0,0.01,0.0,1503.4,1642.2,16.0
180,180,0.03,0.01,0.01,12.51,8.36,2.22,0.01,0.0,0.01,0.01,0.0,1.06,0.09,1350.3,1413.2,18.2
181,181,0.04,0.01,0.02,12.52,8.63,2.1,0.01,0.0,0.01,0.01,0.0,1.0,0.0,1308.0,1431.4,14.3
182,182,0.03,0.01,0.01,12.49,8.31,2.21,0.01,0.01,0.01,0.01,0.0,1.06,0.09,1357.9,1408.6,16.8
183,183,0.03,0.01,0.01,12.49,8.31,2.22,0.01,0.0,0.01,0.01,0.0,1.07,0.05,1317.0,1526.5,18.1
184,184,0.03,0.01,0.01,12.52,8.34,2.21,0.01,0.01,0.01,0.01,0.0,1.06,0.02,1269.0,1325.2,16.2
185,185,0.03,0.01,0.01,12.57,8.29,2.22,0.01,0.01,0.01,0.01,0.0,1.05,0.01,1306.9,1336.4,15.9
186,186,0.03,0.01,0.01,12.54,8.38,2.24,0.01,0.0,0.01,0.01,0.0,1.03,0.01,1285.0,1311.3,16.0
187,187,0.04,0.01,0.01,12.49,8.3,2.23,0.01,0.0,0.01,0.01,0.0,1.07,0.01,1297.5,1343.3,15.5
188,188,0.04,0.01,0.01,12.51,8.32,2.22,0.01,0.0,0.01,0.01,0.0,1.06,0.05,1344.0,1511.0,17.8
189,189,0.04,0.01,0.01,12.45,8.33,2.2,0.01,0.0,0.01,0.01,0.0,1.04,0.1,1348.6,1440.6,17.3
190,190,0.12,0.18,0.06,2.01,10.07,1.0,0.01,0.0,0.01,12.1,0.0,0.01,0.0,1463.3,1574.7,15.4
191,191,0.03,0.01,0.01,12.51,8.28,2.2,0.01,0.01,0.01,0.01,0.0,1.05,0.05,1276.7,1334.0,18.3
192,192,0.03,0.01,0.01,12.51,8.31,2.22,0.01,0.0,0.01,0.01,0.0,1.06,0.02,1296.0,1355.3,18.2
193,193,0.03,0.01,0.01,12.56,8.31,2.22,0.01,0.0,0.01,0.01,0.0,1.02,0.01,1277.7,1308.8,16.1
194,194,0.04,0.01,0.01,12.49,8.3,2.21,0.01,0.0,0.01,0.01,0.0,1.02,0.09,1391.2,1426.0,16.6
195,195,0.04,0.01,0.01,12.46,8.34,2.24,0.01,0.0,0.01,0.01,0.0,1.04,0.01,1312.0,1344.4,14.6
196,196,0.03,0.01,0.01,12.47,8.31,2.2,0.01,0.0,0.01,0.01,0.0,1.03,0.02,1276.5,1463.8,18.6
197,197,0.2,0.01,0.01,8.2,2.1,1.3,0.29,0.0,0.01,12.4,0.0,0.03,0.02,1357.3,1777.6,11.0
198,198,0.04,0.01,0.01,12.35,8.27,2.21,0.01,0.0,0.01,0.01,0.0,1.04,0.03,1294.9,1352.1,18.2
199,199,0.13,1.0,0.25,15.5,4.2,2.75,0.01,0.1,0.01,0.01,0.0,0.03,0.0,1155.0,1409.1,14.0
200,200,0.14,3.0,0.24,15.69,4.14,0.02,0.01,0.0,0.01,0.01,0.0,0.03,0.0,1153.4,1359.8,17.2
201,201,0.04,0.01,0.01,12.58,8.39,2.2,0.01,0.0,0.01,0.01,0.0,0.77,0.02,1280.2,1343.8,18.4
202,202,0.12,0.54,1.2,12.02,2.0,3.01,0.35,0.05,0.41,4.0,0.0,0.03,0.0,1074.9,1342.9,17.9
203,203,0.01,0.07,0.11,11.3,10.3,2.05,0.01,0.0,0.01,0.01,0.0,0.24,0.23,1157.5,1187.8,16.5
204,204,0.04,0.01,0.04,12.44,8.26,2.19,0.01,0.0,0.01,0.01,0.0,0.77,0.02,1280.8,1340.1,16.1
205,205,0.4,0.16,0.01,12.14,0.01,5.84,0.96,0.0,0.01,4.92,0.0,0.03,0.0,1667.4,2122.1,4.0
206,206,0.03,0.01,0.01,11.2,9.61,0.02,0.01,0.0,0.01,0.01,4.0,0.39,0.26,1199.0,1266.5,10.3
207,207,0.04,0.01,0.01,12.38,8.25,2.2,0.01,0.0,0.01,0.01,0.0,0.81,0.03,1305.4,1361.8,18.2
208,208,0.01,0.01,0.01,0.01,21.0,2.1,0.01,0.0,0.01,0.01,0.0,0.13,1.9,1661.2,1888.4,6.0
209,209,0.01,0.1,3.3,0.01,18.5,0.02,0.01,0.0,0.01,0.01,0.0,0.05,0.11,1474.4,1529.6,13.5
210,210,0.01,0.01,0.01,10.5,10.3,3.1,0.01,0.0,0.01,0.01,0.0,0.36,0.11,1091.4,1140.3,22.0
211,211,0.02,0.74,0.1,10.2,10.2,1.98,0.01,0.0,0.01,0.01,0.0,0.3,0.22,1145.8,1196.1,18.0
212,212,0.01,0.05,0.02,10.6,10.6,2.06,0.01,0.0,0.01,0.01,0.0,0.36,0.08,1194.0,1235.4,17.0
213,213,0.1,0.5,0.3,12.0,2.0,0.02,0.01,0.0,0.01,5.0,6.0,0.03,0.0,1235.9,1520.0,15.6
214,214,0.0,0.1,0.41,10.2,10.4,2.0,0.01,0.0,0.01,0.01,0.0,0.25,0.23,1221.6,1282.9,17.5
215,215,0.01,0.05,0.1,7.7,12.2,3.05,0.01,0.0,0.01,0.01,0.0,0.63,0.2,1506.8,1546.8,14.0
216,216,0.02,0.11,3.18,0.01,18.3,0.02,0.01,0.0,0.01,0.01,0.0,0.03,0.0,1419.4,1481.4,14.0
217,217,0.0,0.07,0.1,10.4,10.4,2.2,0.01,0.0,0.01,0.01,0.0,0.25,0.24,1224.7,1241.2,15.5
218,218,0.0,0.11,0.3,10.2,10.4,2.05,0.01,0.0,0.01,0.01,0.0,0.2,0.22,1173.8,1232.0,18.0
219,219,0.01,0.08,0.05,9.4,10.7,3.2,0.01,0.0,0.01,0.01,0.0,0.27,0.22,1267.8,1285.0,15.0
220,220,0.03,0.01,0.01,10.7,9.46,2.45,0.01,0.0,0.01,0.01,0.0,0.46,0.28,1182.0,1254.5,10.1
221,221,0.0,0.05,0.02,11.2,9.9,2.05,0.01,0.0,0.01,0.01,0.0,0.13,0.3,1172.0,1213.3,18.0
222,222,0.0,0.36,0.08,10.2,10.3,2.02,0.01,0.0,0.01,0.01,0.0,0.3,0.23,1178.9,1234.4,18.5
223,223,0.0,0.44,0.08,10.1,10.3,2.0,0.01,0.0,0.01,0.01,0.0,0.3,0.22,1163.0,1219.6,17.5
224,224,0.01,0.11,0.18,10.2,10.3,2.05,0.01,0.0,0.01,0.01,0.0,0.27,0.22,1175.4,1224.4,19.0
225,225,0.01,0.03,0.03,10.2,10.5,2.2,0.01,0.0,0.01,0.01,0.0,0.23,0.24,1340.8,1353.2,13.0
226,226,0.01,0.12,0.06,10.3,10.2,2.05,0.01,0.0,0.01,0.01,0.0,0.31,0.21,1258.8,1289.1,15.0
227,227,0.01,0.05,0.09,7.65,12.2,3.05,0.01,0.0,0.01,0.01,0.0,0.46,0.2,1414.5,1465.5,15.0
228,228,0.02,0.24,0.1,10.2,10.3,1.94,0.01,0.0,0.01,0.01,0.0,0.24,0.23,1167.2,1207.8,16.5
229,229,0.0,0.05,0.02,10.4,10.0,2.05,0.01,0.0,0.01,0.01,0.0,0.35,0.31,1282.2,1344.2,16.0
230,230,0.01,0.01,0.01,0.01,17.5,2.1,2.0,0.0,0.01,0.01,0.0,0.12,2.0,1998.6,2088.4,10.0
231,231,0.02,0.48,0.1,10.0,10.0,1.92,0.01,0.0,0.01,0.01,0.0,0.29,0.21,1188.6,1236.4,16.5
232,232,0.0,0.05,0.02,10.3,10.2,2.06,0.01,0.0,0.01,0.01,0.0,0.35,0.17,1243.0,1292.6,16.0
233,233,0.0,0.12,0.07,9.9,10.5,2.1,0.01,0.0,0.01,0.01,0.0,0.23,0.22,1150.6,1202.6,17.0
234,234,0.36,0.22,0.01,6.75,0.01,5.75,0.96,0.0,0.01,9.46,0.0,0.03,0.0,1846.5,2177.2,6.0
235,235,0.02,0.06,0.13,10.4,9.9,2.15,0.01,0.0,0.01,0.01,0.0,0.09,0.13,1005.9,1033.5,21.0
236,236,0.03,0.05,0.11,7.5,12.1,3.05,0.01,0.0,0.01,0.01,0.0,0.25,0.2,1218.8,1260.2,18.0
237,237,0.0,0.05,0.03,10.3,10.3,2.06,0.01,0.0,0.01,0.01,0.0,0.09,0.09,1032.1,1063.1,20.0
238,238,0.01,0.07,0.1,7.7,12.0,3.02,0.01,0.0,0.01,0.01,0.0,0.08,0.06,1010.8,1041.1,19.0
239,239,0.03,0.01,0.01,11.3,8.64,0.02,0.01,0.0,0.01,0.01,1.84,0.39,0.27,1194.0,1259.0,10.8
240,240,0.01,0.08,0.12,9.0,8.5,3.25,0.01,0.0,0.01,0.01,0.0,0.9,0.23,1462.7,1533.0,12.0
241,241,0.02,0.06,0.08,7.4,10.3,3.25,0.01,0.0,0.01,0.01,0.0,0.91,0.23,1555.8,1598.5,12.0
242,242,0.0,0.12,0.08,10.4,9.2,1.97,0.01,0.0,0.01,0.01,0.0,0.26,0.21,1207.8,1223.7,16.0
243,243,0.02,0.01,0.01,0.01,17.9,3.1,0.9,0.0,0.01,0.01,0.0,0.07,1.4,1730.2,1819.5,10.0
244,244,0.03,0.01,0.01,10.7,10.3,0.02,0.01,0.0,0.01,0.01,0.0,0.21,0.31,1125.0,1217.5,15.4
245,245,0.03,0.01,0.01,0.01,18.1,2.2,0.01,0.0,0.01,0.01,0.0,0.1,2.5,2006.0,2130.0,5.0
246,246,0.03,0.01,0.01,0.01,18.1,2.2,0.01,0.0,0.01,0.01,0.0,0.11,2.5,2005.5,2129.5,5.0
247,247,0.01,0.06,2.58,0.01,17.8,0.02,0.01,0.0,0.01,0.01,0.0,0.05,0.07,1309.1,1374.6,16.0
248,248,0.01,0.12,0.08,9.8,10.0,1.7,0.01,0.0,0.01,0.01,0.0,0.2,0.19,1087.0,1130.2,15.4
249,249,0.01,0.05,0.1,7.7,10.4,3.07,0.01,0.0,0.01,0.01,0.0,0.67,0.2,1475.8,1529.6,16.0
250,250,0.01,0.01,0.01,0.01,17.8,3.1,1.0,0.0,0.01,0.01,0.33,0.05,1.1,1688.1,1750.1,12.0
251,251,0.03,0.01,0.01,0.01,17.3,0.02,1.8,0.0,2.5,0.01,0.0,0.1,1.07,1730.2,1771.4,8.0
252,252,0.38,0.18,0.01,7.43,0.01,9.67,0.96,0.0,0.01,4.91,0.0,0.03,0.0,1577.8,1943.0,3.0
253,253,0.4,0.18,0.01,9.69,0.01,5.84,0.96,0.0,0.01,4.87,0.0,0.03,0.0,1798.3,2135.9,6.0
254,254,0.02,0.1,2.02,0.01,18.4,0.02,0.01,0.0,0.01,0.01,0.0,0.03,0.0,1298.8,1343.6,15.0
255,255,0.01,0.05,0.09,7.6,10.3,3.05,0.01,0.0,0.01,0.01,0.0,0.52,0.2,1383.5,1424.9,15.0
256,256,0.02,0.01,0.01,0.01,17.5,0.02,1.9,0.0,0.01,0.01,0.0,0.09,2.06,1730.2,1943.5,6.0
257,257,0.01,0.05,0.06,5.32,12.95,2.93,0.01,0.0,0.01,0.01,0.0,0.51,0.2,1404.2,1429.0,15.0
258,258,0.01,0.03,0.01,0.01,18.11,3.07,0.01,0.0,0.01,0.01,0.0,0.09,1.41,1641.2,1709.9,10.7
259,259,0.01,0.02,0.01,0.01,18.2,3.06,0.01,0.0,0.01,0.01,0.0,0.09,1.26,1599.4,1670.1,12.5
260,260,0.29,0.01,0.01,1.02,10.46,2.0,0.1,0.0,0.01,7.17,1.28,0.03,0.01,1683.0,1990.0,14.0
261,261,0.0,0.01,0.01,0.01,18.1,3.1,0.01,0.0,0.01,0.01,0.0,0.05,1.4,1716.3,1833.4,13.0
262,262,0.03,0.01,0.01,0.01,18.5,0.02,0.01,0.0,0.01,0.01,3.0,0.1,1.4,1600.0,1650.0,8.0
263,263,0.0,0.07,0.08,7.5,10.5,3.3,0.01,0.0,0.01,0.01,0.0,0.21,0.23,1263.6,1279.5,16.0
264,264,0.01,0.04,0.1,7.95,10.2,3.08,0.01,0.0,0.01,0.01,0.0,0.08,0.05,1061.7,1079.0,18.0
265,265,0.01,0.08,0.12,8.9,8.35,3.25,0.01,0.0,0.01,0.01,0.0,0.25,0.2,1169.2,1181.6,18.0
266,266,0.01,0.06,0.05,7.8,10.2,3.2,0.01,0.0,0.01,0.01,0.0,0.06,0.1,1036.9,1054.9,19.0
267,267,0.03,0.07,0.04,8.9,8.45,3.25,0.01,0.0,0.01,0.01,0.0,0.15,0.23,1150.6,1168.5,17.0
268,268,0.01,0.01,0.01,0.01,18.1,1.0,0.01,0.0,0.01,0.01,0.0,0.08,1.8,1737.2,1840.3,9.0
269,269,0.02,0.21,0.19,4.98,12.26,2.97,0.01,0.0,0.01,0.01,0.0,0.23,0.14,1194.0,1223.7,15.0
270,270,0.01,0.08,0.05,4.65,12.11,3.13,0.01,0.0,0.01,0.01,0.0,0.57,0.2,1390.4,1413.8,15.0
271,271,0.01,2.5,0.02,0.01,18.0,0.02,0.01,0.0,0.01,0.01,0.0,0.05,0.04,1471.1,1522.7,12.0
272,272,0.01,0.05,0.12,4.8,12.16,2.99,0.01,0.0,0.01,0.01,0.0,0.4,0.19,1272.6,1318.1,17.5
273,273,0.01,0.01,0.01,0.01,17.4,1.44,0.01,0.0,0.01,0.01,0.0,0.08,1.9,1392.4,1640.4,12.0
274,274,0.01,0.01,0.01,0.01,17.1,2.0,0.01,0.0,0.01,0.01,0.0,0.07,1.82,1874.6,1971.2,10.0
275,275,0.02,0.01,0.01,0.01,17.8,0.64,0.01,0.0,0.01,0.01,0.0,0.08,2.03,1730.2,1854.2,10.0
276,276,0.01,0.06,0.03,4.67,12.14,3.17,0.01,0.0,0.01,0.01,0.0,0.47,0.19,1390.4,1413.8,15.0
277,277,0.01,0.1,0.18,4.87,12.08,2.97,0.01,0.0,0.01,0.01,0.0,0.25,0.15,1230.6,1262.2,16.0
278,278,0.01,0.02,0.03,5.0,12.16,3.0,0.01,0.0,0.01,0.01,0.0,0.31,0.21,1309.8,1345.6,15.0
279,279,0.02,0.01,0.01,0.01,17.9,0.3,0.01,0.0,0.01,0.01,0.0,0.1,1.95,1674.6,1778.3,9.0
280,280,0.02,0.08,0.04,4.73,12.08,3.15,0.01,0.0,0.01,0.01,0.0,0.38,0.23,1243.6,1267.1,17.0
281,281,0.01,0.05,0.06,4.86,11.6,2.95,0.01,0.0,0.01,0.01,0.0,0.58,0.22,1437.3,1459.3,16.0
282,282,0.01,0.03,0.11,4.77,12.21,3.03,0.01,0.0,0.01,0.01,0.0,0.26,0.2,1216.8,1249.8,17.0
283,283,0.37,0.18,0.01,7.41,0.01,6.85,0.96,0.0,0.01,4.88,0.0,0.03,0.0,1784.5,2129.0,5.0
284,284,0.0,0.04,0.06,5.01,11.83,2.98,0.01,0.0,0.01,0.01,0.0,0.39,0.2,1324.3,1351.8,16.0
285,285,0.01,0.04,1.87,0.01,16.7,0.02,0.01,0.0,0.01,0.01,0.0,0.05,0.08,1188.5,1223.0,18.0
286,286,0.01,0.08,0.04,4.7,12.2,3.13,0.01,0.0,0.01,0.01,0.0,0.26,0.19,1212.6,1244.3,18.0
287,287,0.36,0.21,0.01,7.72,0.01,5.71,1.15,0.0,0.01,4.93,0.0,0.03,0.0,1819.0,2135.9,6.0
288,288,0.37,0.23,0.01,7.19,0.01,5.71,1.1,0.0,0.78,4.99,0.0,0.03,0.0,1340.1,1998.1,10.0
289,289,0.0,0.05,0.06,4.81,11.5,2.95,0.01,0.0,0.01,0.01,0.0,0.66,0.2,1451.7,1494.4,16.0
290,290,0.35,0.23,0.01,7.15,0.01,5.78,1.02,0.0,0.01,4.9,1.54,0.03,0.0,1688.1,2039.4,6.0
291,291,0.01,0.07,0.04,4.57,12.05,3.12,0.01,0.0,0.01,0.01,0.0,0.34,0.18,1254.0,1286.4,16.0
292,292,0.01,1.72,0.02,0.01,18.1,0.02,0.01,0.0,0.01,0.01,0.0,0.05,0.06,1136.9,1192.0,8.0
293,293,0.36,0.17,0.01,7.11,0.01,0.25,1.08,0.0,0.01,5.03,9.18,0.03,0.0,1681.2,2032.6,2.0
294,294,0.01,0.05,0.11,4.62,12.08,2.79,0.01,0.0,0.01,0.01,0.0,0.21,0.2,1167.2,1220.9,17.5
295,295,0.43,0.21,0.01,7.14,0.01,5.62,1.02,0.0,0.01,4.99,0.0,0.03,0.0,1736.3,2039.4,6.0
296,296,0.02,0.01,0.01,0.01,15.7,2.0,0.01,0.0,0.01,0.01,0.0,0.1,1.98,1723.2,1847.2,10.0
297,297,0.39,0.22,0.01,6.99,0.01,5.75,1.08,0.0,0.01,4.9,0.0,0.03,0.0,1688.1,1998.1,8.0
298,298,0.02,0.07,0.11,4.7,10.2,3.1,0.01,0.0,0.01,0.01,0.0,0.7,0.22,1420.0,1455.9,12.0
299,299,0.4,0.14,0.01,7.41,0.01,5.75,0.56,0.0,0.01,4.83,0.0,0.03,0.0,1805.2,2101.5,4.0
300,300,0.02,0.07,0.1,4.83,10.2,3.2,0.01,0.0,0.01,0.01,0.0,0.52,0.24,1304.3,1338.7,14.0
301,301,0.36,0.23,0.01,6.55,0.01,5.75,0.86,0.0,0.41,5.1,0.0,0.03,0.0,1653.6,1963.7,6.0
302,302,0.02,0.01,0.01,0.01,15.3,1.4,0.01,0.0,0.01,0.01,0.0,0.12,2.1,1792.2,1916.2,4.0
303,303,0.38,0.19,0.01,7.39,0.01,5.75,0.06,0.0,0.01,4.88,0.0,0.03,0.0,1564.0,1887.9,8.0
304,304,0.11,0.68,0.25,11.9,2.38,1.76,0.33,0.02,0.01,0.01,0.0,0.03,0.0,1021.0,1128.8,23.6
305,305,0.32,0.23,0.01,6.61,0.01,5.75,0.92,0.0,0.01,4.9,0.0,0.03,0.0,1681.2,1984.3,8.0
306,306,0.01,0.06,0.08,4.72,10.1,3.13,0.01,0.0,0.01,0.01,0.0,0.25,0.23,1172.0,1198.2,16.0
307,307,0.38,0.18,0.01,7.27,0.01,3.77,0.96,0.0,0.01,4.9,0.0,0.03,0.0,1722.5,1998.1,5.0
308,308,0.0,0.06,0.05,5.15,10.2,3.2,0.01,0.0,0.01,0.01,0.0,0.03,0.09,1019.0,1019.0,19.0
309,309,0.37,0.17,0.01,5.2,0.01,5.84,1.05,0.0,0.91,4.88,0.0,0.03,0.0,1860.3,2156.6,3.0
310,310,0.41,0.19,0.01,6.99,0.01,5.84,0.92,0.0,0.01,0.02,0.0,0.03,0.0,1812.1,2087.7,2.0
311,311,0.27,0.27,0.01,0.41,8.28,0.49,0.07,0.0,0.01,3.9,0.0,0.03,0.0,1139.7,1236.3,15.4
