,formula,pearson symbol,space group,mpid,oqmdid,e_form expt,e_form mp,e_form oqmd
0,ScAg2,tI6,I4/mmm,mp-1018128,27633.0,-0.2809,-0.30212525,-0.30750919
1,ScAg,cP2,Pm-3m,mp-11237,10665.0,-0.2715,-0.27875396,-0.28691687
2,Ag51Y14,hP68,P6/m,,,-0.2301,,
3,YAg,cP2,Pm-3m,mp-2474,10681.0,-0.2778,-0.33641916,-0.34309354
4,Ag51La14,hP68,P6/m,,,-0.2218,,
5,LaAg,cP2,Pm-3m,mp-1948,10639.0,-0.1752,-0.26173778,-0.26489469
6,Ag51Ce14,hP68,P6/m,,,-0.2,,
7,CeAg,cP2,Pm-3m,mp-2756,10361.0,-0.1399,-0.03966432,-0.24419368
8,Ag51Pr14,hP68,P6/m,,,-0.22899999999999998,,
9,PrAg,cP2,Pm-3m,mp-2525,10662.0,-0.2529,-0.24710848,-0.25770733
10,Ag51Nd14,hP68,P6/m,,,-0.1834,,
11,NdAg,cP2,Pm-3m,mp-1236,10660.0,-0.2052,-0.25934894,-0.26962121
12,ZrAg,tP4,P4/nmm,mp-11239,10690.0,-0.0323,-0.12296924,-0.12506091
13,Zr2Ag,tI6,I4/mmm,mp-2221,10691.0,-0.0152,-0.10909721,-0.11036623
14,HfAg,tP4,P4/nmm,mp-13156,20652.0,-0.1113,-0.11973231,-0.11913138
15,Al0.67Ni0.17Y0.16,oC24,Cmcm,,,-0.5597,,
16,YAl2Ni,oS16,Cmcm,mp-13094,10532.0,-0.6509,-0.64821439,-0.65212275
17,Al0.18Ni0.55Y0.27,cI44,Im-3m,,,-0.5027,,
18,Al0.8Ni0.15Y0.05,,Cmcm,,,-0.37,,
19,Al0.6Ni0.07Y0.33,cF24,Fd-3m,,,-0.5877,,
20,YAlNi,hP9,P-62m,mp-13095,27924.0,-0.5607,-0.59861675,-0.60450311
21,YAl3Ni2,hP18,P6/mmm,mp-5063,647439.0,-0.6509,-0.65817815,-0.66654722
22,Al0.25Ni0.58Y0.17,hP6,P6/mmm,,,-0.5006,,
23,Al0.15Ni0.68Y0.17,hP6,P6/mmm,,,-0.4902,,
24,Al0.05Ni0.78Y0.17,hP6,P6/mmm,,,-0.3746,,
25,Al0.08Ni0.67Y0.25,hP24,P63/mmc,,,-0.3928,,
26,HfAlNi2,cF16,Fm-3m,mp-5748,10473.0,-0.6032,-0.63745526,-0.64536214
27,Al0.82Fe0.09Ni0.09,mP22,P121/c1,,,-0.2674,,
28,Al0.72Fe0.14Ni0.14,,,,,-0.3804,,
29,Al0.18Fe0.07Ni0.75,cP4,Pm-3m,,,-0.2933,,
30,AlFe2Ni,cP2,Pm-3m,,,-0.2892,,
31,AlFeNi2,cP2,Pm-3m,,,-0.3171,,
32,Al3Fe3Ni4,cP2,Pm-3m,,,-0.3545,,
33,Al0.33Fe0.57Ni0.1,cP2,Pm-3m,,,-0.256,,
34,Al2Fe3Ni,cP2,Pm-3m,,,-0.3348,,
35,AlFeNi,cP2,Pm-3m,,,-0.4084,,
36,Al3Fe2Ni4,cP2,Pm-3m,,,-0.42700000000000005,,
37,Al2FeNi3,cP2,Pm-3m,,,-0.4301,,
38,Al0.33Fe0.1Ni0.57,cP2,Pm-3m,,,-0.45399999999999996,,
39,Al4Fe5Ni,cP2,Pm-3m,,,-0.2933,,
40,Al2Fe2Ni,cP2,Pm-3m,,,-0.3399,,
41,Al4Fe3Ni3,cP2,Pm-3m,,,-0.3669,,
42,Al2FeNi2,cP2,Pm-3m,,,-0.4436,,
43,Al4FeNi5,cP2,Pm-3m,,,-0.5058,,
44,Al5Fe4Ni,cP2,Pm-3m,,,-0.3089,,
45,Al2FeNi,cP2,Pm-3m,,,-0.4612,,
46,Al5FeNi4,cP2,Pm-3m,,,-0.4944,,
47,AlFe2,cP2,Pm-3m,,,-0.2301,,
48,Al2Fe3,cP2,Pm-3m,,,-0.2684,,
49,AlFe,cP2,Pm-3m,mp-2658,54708.0,-0.2747,-0.33204742,-0.33175568
50,AlNbNi,hP12,P63/mmc,,,-0.4239,,
51,NbAlNi2,cF16,Fm-3m,mp-4813,10512.0,-0.4001,-0.42826975,-0.44036077
52,Al0.27Nb0.33Ni0.4,hP12,P63/mmc,,,-0.4052,,
53,Al0.4Nb0.33Ni0.2,hP12,P63/mmc,,,-0.4788,,
54,Al0.2Nb0.04Ni0.76,cP4,Pm-3m,,,-0.2943,,
55,Al0.45Ni0.45Ru0.1,cP2,Pm-3m,,,-0.5752,,
56,Al2Ni2Ru,cP2,Pm-3m,,,-0.5349,,
57,Al5NiRu4,cP2,Pm-3m,,,-0.6426,,
58,Al5Ni2Ru3,cP2,Pm-3m,,,-0.6544,,
59,Al5Ni4Ru,cP2,Pm-3m,,,-0.5794,,
60,Al5Ni3Ru2,cP2,Pm-3m,,,-0.6374,,
61,Al0.45Ni0.1Ru0.45,cP2,Pm-3m,,,-0.5816,,
62,Al0.45Ni0.35Ru0.2,cP2,Pm-3m,,,-0.597,,
63,Al0.45Ni0.2Ru0.35,cP2,Pm-3m,,,-0.5896,,
64,Al5CoNi4,cP2,Pm-3m,,,-0.5618,,
65,Al0.5Co0.2Ni0.3,cP2,Pm-3m,,,-0.5479999999999999,,
66,Al0.5Co0.3Ni0.2,cP2,Pm-3m,,,-0.5348,,
67,Al5Co4Ni,cP2,Pm-3m,,,-0.5304,,
68,AlCo,cP2,Pm-3m,mp-284,10411.0,-0.5367,-0.60278819,-0.61034217
69,Al4CoNi5,cP2,Pm-3m,,,-0.479,,
70,Al2CoNi2,cP2,Pm-3m,,,-0.4578,,
71,Al4Co3Ni3,cP2,Pm-3m,,,-0.4382,,
72,Al0.5Co0.05Ni0.45,cP2,Pm-3m,,,-0.6051,,
73,Al2Co2Ni,cP2,Pm-3m,,,-0.4353,,
74,Al4Co5Ni,cP2,Pm-3m,,,-0.4213,,
75,Al2Co3,cP2,Pm-3m,,,-0.3716,,
76,Al0.55Co0.1Ni0.35,cP2,Pm-3m,,,-0.6093,,
77,Al0.52Co0.18Ni0.3,cP2,Pm-3m,,,-0.5539,,
78,Al0.4Co0.05Ni0.55,cP2,Pm-3m,,,-0.486,,
79,Al0.33Co0.2Ni0.47,cP2,Pm-3m,,,-0.3758,,
80,Al0.25Co0.05Ni0.7,cp4,Pm-3m,,,-0.3238,,
81,Al0.71Co0.25Ni0.04,hP28,P63/mmc,,,-0.4208,,
82,AlCo,cP2,Pm-3m,mp-284,10411.0,-0.5535,-0.60278819,-0.61034217
83,AlNi,cP2,Pm-3m,mp-1487,94913.0,-0.6405,-0.65864811,-0.66944636
84,Al0.5Cu0.05Ni0.45,cP2,Pm-3m,,,-0.5815,,
85,Al5CuNi4,cP2,Pm-3m,,,-0.5675,,
86,Al0.5Cu0.15Ni0.35,cP2,Pm-3m,,,-0.426,,
87,Al5Cu2Ni3,cP2,Pm-3m,,,-0.4033,,
88,Al2CuNi,cP2,Pm-3m,,,-0.3319,,
89,Al5Cu3Ni2,cP2,Pm-3m,,,-0.3106,,
90,Al2Ni3,cP2,Pm-3m,,,-0.5317,,
91,Al4CuNi5,cP2,Pm-3m,,,-0.5068,,
92,Al2CuNi2,cP2,Pm-3m,,,-0.4315,,
93,Al0.4Cu0.25Ni0.35,cP2,Pm-3m,,,-0.4059,,
94,Al4Cu3Ni3,cP2,Pm-3m,,,-0.3888,,
95,Al2Cu2Ni,cP2,Pm-3m,,,-0.3029,,
96,Al0.4Cu0.45Ni0.15,cP2,Pm-3m,,,-0.3294,,
97,Al0.55Cu0.15Ni0.3,cP2,Pm-3m,,,-0.4294,,
98,AlCu8Ni,cF4,Fm-3m,,,-0.0685,,
99,Al3Cu5Ni2,cP2,Pm-3m,,,-0.2953,,
100,Al5Ni4Pt,cP2,Pm-3m,,,-0.7038,,
101,Al5Ni3Pt2,cP2,Pm-3m,,,-0.7472,,
102,Al0.45Ni0.45Pt0.1,cP2,Pm-3m,,,-0.6247,,
103,Al0.45Ni0.4Pt0.15,cP2,Pm-3m,,,-0.6389,,
104,Al0.5Ni0.45Pt0.05,cP2,Pm-3m,,,-0.6296,,
105,Al0.55Ni0.4Pt0.05,cP2,Pm-3m,,,-0.6321,,
106,Al6Ni3Pt,hP5,P-3m1,,,-0.6692,,
107,Al3NiPt,hP5,P-3m1,,,-0.8191,,
108,Al6NiPt3,hP5,P-3m1,,,-0.9105,,
109,Al0.27Ni0.63Pt0.1,cP2,Pm-3m,,,-0.5166,,
110,Al0.27Ni0.68Pt0.05,cP2,Pm-3m,,,-0.4337,,
111,Al0.05Ni0.9Pt0.05,cF4,Fm-3m,,,-0.1538,,
112,Al0.9Ni0.05Pt0.05,cF4,Fm-3m,,,-0.1919,,
113,Al5Ni4Pd,cP2,Pm-3m,,,-0.6777,,
114,Al5Ni3Pd2,cP2,Pm-3m,,,-0.7476,,
115,Al5Ni2Pd3,cP2,Pm-3m,,,-0.8079999999999999,,
116,Al5NiPd4,cP2,Pm-3m,,,-0.9033,,
117,AlPd,cP2,Pm-3m,mp-829,10550.0,-0.9457,-0.8822333000000001,-0.87597428
118,Al4Ni5Pd,cP2,Pm-3m,,,-0.5922,,
119,Al2Ni2Pd,cP2,Pm-3m,,,-0.6382,,
120,Al4Ni3Pd3,cP2,Pm-3m,,,-0.7154,,
121,Al2NiPd2,cP2,Pm-3m,,,-0.7781,,
122,Al0.54Ni0.46,cP2,Pm-3m,,,-0.6177,,
123,Al0.45Ni0.5Ti0.05,cP2,Pm-3m,,,-0.6156,,
124,Al4Ni5Ti,cP2,Pm-3m,,,-0.6229,,
125,Al0.45Ni0.55,cP2,Pm-3m,,,-0.6053,,
126,Al0.4Ni0.55Ti0.05,cP2,Pm-3m,,,-0.5882,,
127,Al0.5Ni0.42Ti0.08,cP2,Pm-3m,,,-0.5721,,
128,Al3Ni5Ti2,cF16,Fm-3m,,,-0.5599,,
129,TiAlNi2,cF16,Fm-3m,mp-7187,21081.0,-0.5783,-0.62052541,-0.64117697
130,Al2Ni5Ti3,cF16,Fm-3m,,,-0.569,,
131,Al0.05Ni0.5Ti0.45,cP2,Pm-3m,,,-0.4218,,
132,Al5Ni2Ti3,cF144,Fm-3m,,,-0.4995,,
133,Al0.21Ni0.74Ti0.05,cP4,Pm-3m,,,-0.2545,,
134,Al0.16Ni0.74Ti0.1,cP4,Pm-3m,,,-0.3341,,
135,Al0.11Ni0.74Ti0.15,cP4,Pm-3m,,,-0.4102,,
136,TiAl2Ni,cF144,Fm-3m,,509949.0,-0.5,,-0.33701128
137,Al0.05Ni0.75Ti0.2,hP16,P63/mmc,,,-0.3616,,
138,Al5IrNi4,cP2,Pm-3m,,,-0.6227,,
139,Al5Ir2Ni3,cP2,Pm-3m,,,-0.6825,,
140,Al5Ir4Ni,cP2,Pm-3m,,,-0.8476,,
141,AlIr,cP2,Pm-3m,mp-1885,10480.0,-0.8875,-0.9453517,-0.94632008
142,AlIr,cP2,Pm-3m,mp-1885,10480.0,-0.9618,-0.9453517,-0.94632008
143,Al4IrNi5,cP2,Pm-3m,,,-0.5559,,
144,Al2IrNi2,cP2,Pm-3m,,,-0.6187,,
145,Al4Ir3Ni3,cP2,Pm-3m,,,-0.6869,,
146,Al2Ir2Ni,cP2,Pm-3m,,,-0.7747,,
147,ScAu,cP2,Pm-3m,mp-11256,10797.0,-0.7887,-0.80003426,-0.8037018
148,YAu,cP2,Pm-3m,mp-11261,10822.0,-0.8157,-0.8561513000000001,-0.86178639
149,LaAu,oP8,Pnma,,28181.0,-0.7245,,-0.82187696
150,Au51Ce14,hP68,P6/m,,,-0.513,,
151,Au2Ce,oI12,Imma,,,-0.5959,,
152,CeAu,oP8,Pnma,,28133.0,-0.6509,,-0.78051986
153,Au51Pr14,hP68,P6/m,,,-0.569,,
154,PrAu2,oI12,Imma,mp-30415,10795.0,-0.6654,-0.76024071,-0.76304137
155,PrAu,oP8,Pnma,,28204.0,-0.7483,,-0.79399349
156,Au51Nd14,hP68,P6/m,,,-0.511,,
157,Au2Nd,tP106,P4/nmm,,,-0.7224,,
158,NdAu,oP8,Pnma,,28192.0,-0.7276,,-0.8085836
159,TiAu2,tI6,I4/mmm,mp-1018123,10816.0,-0.47600000000000003,-0.42368917,-0.43286958
160,TiAu,tP4,P4/nmm,mp-998972,28225.0,-0.4581,-0.42630756,-0.44766886
161,Ti3Au,cP8,Pm-3n,mp-1786,10815.0,-0.3253,-0.3503004,-0.40897919
162,ZrAu3,oP8,Pmmn,,28234.0,-0.5328,,-0.49745752
163,ZrAu2,tI6,I4/mmm,mp-1018103,28235.0,-0.6322,-0.57450582,-0.57476874
164,Au4Zr5,mP32,P12/m1,,,-0.4887,,
165,Zr3Au,cP8,Pm-3n,mp-11263,10833.0,-0.3117,-0.34064662,-0.344695
166,HfAu3,oP8,Pmmn,,28169.0,-0.5676,,-0.47940044
167,HfAu2,tI6,I4/mmm,mp-1018153,28170.0,-0.6424,-0.55926991,-0.56096042
168,HfAu,tP4,P4/nmm,mp-1007755,28171.0,-0.5911,-0.53970088,-0.54374941
169,Hf2Au,tI6,I4/mmm,mp-30383,10733.0,-0.4224,-0.44170843,-0.43916889
170,Au4V,,,,,-0.1015,,
171,Au2V,,,,,-0.1075,,
172,AuV4,,,,,-0.1009,,
173,Au2Nb,,,,,-0.1385,,
174,Au2Ta3,,,,,-0.2131,,
175,CeNi,oS8,Cmcm,mp-21188,19828.0,-0.314,-0.31832568,-0.2680098
176,CeNi5,hP6,P6/mmm,mp-1910,,-0.2912,-0.34174988,
177,CeRu2,cF24,Fd-3m,mp-607,31172.0,-0.2892,-0.28556185,-0.03192737
178,CeRh2,cF24,Fd-3m,mp-951,18272.0,-0.6892,-0.72223566,-0.60159683
179,CeRh3,cP4,Pm-3m,mp-1518,29167.0,-0.5721,-0.65070242,-0.22961403
180,Ce5Rh4,oP36,Pnma,mp-680602,27547.0,-0.7307,-0.6354721999999999,-0.56776512
181,CePd,oS8,Cmcm,mp-1018086,29155.0,-0.8115,-0.67666873,-0.76634775
182,CePd3,cP4,Pm-3m,mp-2092,18665.0,-0.7566,-0.84301504,-0.72610748
183,CeIr2,cF24,Fd-3m,mp-582,29113.0,-0.7649,-0.77569556,-0.62518661
184,CePt,oS8,Cmcm,mp-21245,18268.0,-1.0758,-1.09083658,-1.0789242
185,CePt2,cF24,Fd-3m,mp-2109,18795.0,-0.9390000000000001,-1.01138152,-0.99678888
186,CeCu6,oP28,Pnma,mp-21708,19222.0,-0.2166,-0.11954031,-0.11315403
187,CeCu6,oP28,Pnma,mp-21708,19222.0,-0.1047,-0.11954031,-0.11315403
188,CeCu2,oI12,Imma,mp-2801,29059.0,-0.2197,-0.15003585,-0.17359366
189,CeCu2,oI12,Imma,mp-2801,29059.0,-0.1534,-0.15003585,-0.17359366
190,TiCo,cP2,Pm-3m,mp-823,18811.0,-0.428,-0.39000135,-0.4096884
191,ZrCo2,cF24,Fd-3m,mp-929,31202.0,-0.371,-0.30849371,-0.32129482
192,ZrCo,cP2,Pm-3m,mp-2283,29537.0,-0.371,-0.28187688,-0.28789901
193,Zr2Co,tI12,I4/mcm,mp-628,29534.0,-0.2736,-0.25113077,-0.26078137
194,HfCo2,cF24,Fd-3m,mp-2337,29360.0,-0.4084,-0.36745692,-0.38035091
195,HfCo,cP2,Pm-3m,mp-2027,88389.0,-0.4923,-0.39554595,-0.39532442
196,HfCo,cP2,Pm-3m,mp-2027,88389.0,-0.4436,-0.39554595,-0.39532442
197,Cu4Sc,,,,,-0.1451,,
198,ScCu2,tI6,I4/mmm,mp-1018149,29783.0,-0.18,-0.25442908,-0.25688792
199,ScCu,cP2,Pm-3m,mp-1169,88926.0,-0.2161,-0.27157447,-0.27835424
200,Cu4Y,hP6,P6/mmm,,,-0.1662,,
201,YCu2,oI12,Imma,mp-2698,22909.0,-0.2021,-0.25999506,-0.263491
202,YCu,cP2,Pm-3m,mp-712,88957.0,-0.2004,-0.23550464,-0.2439541
203,LaCu6,oP28,Pnma,mp-636256,29713.0,-0.1027,-0.12873991,-0.13245614
204,LaCu2,hP3,P6/mmm,mp-2051,29715.0,-0.1675,-0.21782207,-0.22225439
205,PrCu6,oP28,Pnma,mp-30698,29754.0,-0.1171,-0.12151383,-0.1256437
206,Cu2Pr,oI12,Imma,,,-0.1503,,
207,Cu6Nd,oP28,Pnma,,,-0.1378,,
208,NdCu2,oI12,Imma,mp-11852,18310.0,-0.1752,-0.20811317,-0.20554552
209,CuTi,,,,,-0.0996,,
210,Cu3Zr,,,,,-0.1458,,
211,Cu3Zr2,,,,,-0.1276,,
212,CuZr,,,,,-0.0938,,
213,CuZr2,,,,,-0.1135,,
214,Cu4Hf,,,,,-0.1415,,
215,Cu3Hf2,,,,,-0.131,,
216,CuHf2,,,,,-0.1578,,
217,DyNi,oP8,Pnma,mp-2738,89117.0,-0.3648,-0.45827261,-0.46149673
218,DyNi5,hP6,P6/mmm,mp-1179,29892.0,-0.284,-0.33433602,-0.3363989
219,DyRu2,hP12,P63/mmc,,,-0.2829,,
220,DyRh,cP2,Pm-3m,mp-232,89140.0,-0.7929,-0.89557702,-0.87351625
221,DyRh2,cF24,Fd-3m,mp-1388,29923.0,-0.6457,-0.75729068,-0.75177647
222,Dy7Rh3,,,,,-0.5887,,
223,DyPd,,,,,-0.8633,,
224,Dy4Pd5,,,,,-0.8975,,
225,DyPd3,,,,,-0.7898,,
226,DyIr2,cF24,Fd-3m,mp-1358,29881.0,-0.7245,-0.81256708,-0.81551265
227,DyPt,oP8,Pnma,,29915.0,-1.1338,,-1.28752687
228,DyPt2,,,,,-1.0167,,
229,DyPt3,,,,,-0.8582,,
230,ErNi,oP8,Pnma,mp-567314,30015.0,-0.4363,-0.48549384,-0.49334426
231,ErNi5,hP6,P6/mmm,mp-853,9962.0,-0.3026,-0.33986862,-0.34341508
232,ErRu2,hP12,P63/mmc,mp-569220,19323.0,-0.2715,-0.36478196,-0.3528259
233,ErRh,cP2,Pm-3m,mp-2381,30040.0,-0.9058,-0.9528684000000001,-0.93567722
234,ErRh2,cF24,Fd-3m,mp-1762,30042.0,-0.7234,-0.76770201,-0.7658654
235,ErPd,cP2,Pm-3m,mp-851,89074.0,-0.9442,-0.93696182,-0.93152616
236,Er3Pd4,hR42,R-3,,30026.0,-0.9805,,-0.96967227
237,ErPd3,cP4,Pm-3m,mp-2825,18320.0,-0.9349,-0.91946738,-0.9140862
238,ErIr2,cF24,Fd-3m,mp-1495,29997.0,-0.7866,-0.82361226,-0.82946363
239,ErPt,oP8,Pnma,,30033.0,-1.2302,,-1.31429651
240,ErPt2,cF24,Fd-3m,mp-480,30034.0,-1.1173,-1.11267266,-1.1099039
241,ErPt3,cP4,Pm-3m,mp-1913,30031.0,-0.9701,-1.0588538,-1.05419548
242,ErIr,cP2,Pm-3m,mp-2713,30000.0,-0.8592,-0.90571141,-0.88723354
243,GdNi,oS8,Cmcm,mp-542632,31223.0,-0.3099,-0.39817732,-0.42645779999999994
244,GdNi5,hP6,P6/mmm,mp-21305,18493.0,-0.285,-0.31645859,-0.32547128
245,GdRu2,hP12,P63/mmc,,19322.0,-0.2249,,-0.27254295
246,GdRh,cP2,Pm-3m,mp-1742,89749.0,-0.7504,-0.79845049,-0.80485092
247,GdRh2,cF24,Fd-3m,mp-20084,18849.0,-0.6778,-0.72410801,-0.73098246
248,GdPd,oS8,Cmcm,mp-11427,30400.0,-0.8561,-0.87615604,-0.90098728
249,Gd3Pd4,,,,,-0.9172,,
250,GdPd3,cP4,Pm-3m,mp-21427,18693.0,-0.826,-0.85188089,-0.86843066
251,GdIr2,cF24,Fd-3m,,30381.0,-0.71,,-0.79258353
252,GdPt,oP8,Pnma,mp-11428,30403.0,-1.1328,-1.22332553,-1.25292099
253,GdPt2,cF24,Fd-3m,mp-1422,19392.0,-1.0364,-1.09387375,-1.09629062
254,Hf2Ni7,mS36,C12/m1,,,-0.4571,,
255,HfNi,oS8,Cmcm,mp-1018056,30515.0,-0.6146,-0.51942899,-0.51903074
256,HfNi,,,,,-0.5006,,
257,HfNi3,hP40,P63/mmc,mp-12174,,-0.4954,-0.53959734,
258,HfPt,oS8,Cmcm,mp-1007691,30519.0,-1.1784,-1.1551287000000001,-1.15022438
259,HfPd3,hP16,P63/mmc,mp-11453,17381.0,-0.9183,-0.88831847,-0.88228811
260,HfPd3,,,,,-0.9172,,
261,HfPd,,,,,-0.7203,,
262,HfPd,cP2,Pm-3m,mp-1002106,307534.0,-0.6986,-0.62011466,-0.62936267
263,HfRh,cP2,Pm-3m,mp-11457,17386.0,-0.9929,-0.84404262,-0.86225973
264,HfIr,,Pmma,mp-1018055,,-1.0022,-0.9168301999999999,
265,HoNi,oP8,Pnma,mp-11871,18379.0,-0.4322,-0.47223961,-0.47578984
266,HoNi5,hP6,P6/mmm,mp-1553,,-0.3099,-0.33706329,
267,HoRu2,hP12,P63/mmc,,,-0.2778,,
268,HoRh,cP2,Pm-3m,mp-2163,89924.0,-0.9038,-0.92349809,-0.90454717
269,HoRh2,cF24,Fd-3m,mp-546,17475.0,-0.7296,-0.762437,-0.75878765
270,Ho3Rh2,tI140,I4/mcm,,,-0.7607,,
271,HoPd,oP8,Pnma,,30553.0,-0.9483,,-0.93871055
272,Ho3Pd4,,,,,-0.9763,,
273,HoPd3,cP4,Pm-3m,mp-1979,17468.0,-0.9058,-0.91014537,-0.90423583
274,HoIr2,cF24,Fd-3m,mp-928,17458.0,-0.7711,-0.81827398,-0.82305063
275,HoPt,oP8,Pnma,,30556.0,-1.2624,,-1.30171123
276,HoPt2,cF24,Fd-3m,mp-2579,17471.0,-1.1048,-1.11254222,-1.10920807
277,HoPt3,cP4,Pm-3m,mp-195,17472.0,-0.9877,-1.04221636,-1.03721597
278,HoIr,cP2,Pm-3m,mp-11476,17457.0,-0.8364,-0.87271706,-0.85305838
279,LaIr2,cF24,Fd-3m,mp-1463,17488.0,-0.6519,-0.72561905,-0.72714162
280,LaIr3,hR36,R-3m,,30613.0,-0.5151,,-0.5348565
281,PrIr2,cF24,Fd-3m,mp-946,17509.0,-0.7328,-0.66232216,-0.66759489
282,TbIr2,cF24,Fd-3m,mp-2725,17519.0,-0.7317,-0.80297357,-0.58630438
283,LuIr,cP2,Pm-3m,mp-1529,17492.0,-0.8861,-0.9940064000000001,-0.97229331
284,LuIr2,cF24,Fd-3m,mp-1761,17493.0,-0.7359,-0.8276611999999999,-0.83185282
285,YIr,cP2,Pm-3m,mp-30746,17536.0,-0.6829999999999999,-0.80468492,-0.78488145
286,YIr2,cF24,Fd-3m,mp-2762,17537.0,-0.6156,-0.79612315,-0.80149427
287,ZrIr,cP2,Pm-3m,mp-11484,17541.0,-0.8882,-0.7304602,-0.76682189
288,TiIr,cP2,Pm-3m,mp-12594,116945.0,-0.8737,-0.74761197,-0.78383948
289,La3Ni,oP16,Pnma,,668142.0,-0.1358,,-0.19038848
290,LaNi,oS8,Cmcm,,30648.0,-0.257,,-0.33702567
291,LaNi5,hP6,P6/mmm,mp-2317,17564.0,-0.2726,-0.28580203,-0.28991384
292,LaRu2,cF24,Fd-3m,mp-2019,17577.0,-0.1068,-0.13222134,-0.11503042
293,LaRh,oS8,Cmcm,mp-1002107,31221.0,-0.5835,-0.75047637,-0.7408583000000001
294,LaRh2,cF24,Fd-3m,mp-1702,17575.0,-0.5959,-0.70925247,-0.70088488
295,LaPd,oS8,Cmcm,mp-1002115,30656.0,-0.7898,-0.83987198,-0.83094462
296,LaPd3,cP4,Pm-3m,mp-674,17569.0,-0.7991,-0.8155392,-0.81537576
297,LaOs2,hP12,P63/mmc,,,-0.0933,,
298,LaPt2,cF24,Fd-3m,mp-912,17572.0,-0.9328,-1.08864628,-1.08129716
299,LaPt,oS8,Cmcm,mp-1002104,30659.0,-0.9545,-1.19302803,-1.1873856000000003
300,LaPt,oS8,Cmcm,mp-1002104,30659.0,-1.0333,-1.19302803,-1.1873856000000003
301,LuNi,oP8,Pnma,,30692.0,-0.4902,,-0.52931072
302,LuNi5,hP6,P6/mmm,mp-11491,17615.0,-0.3109,-0.34297382,-0.34533348
303,LuRh2,cF24,Fd-3m,mp-1728,17626.0,-0.7058,-0.77552117,-0.77269213
304,Lu3Rh2,,,,,-0.6084,,
305,LuPd,cP2,Pm-3m,mp-2205,17621.0,-0.9442,-0.9775014000000001,-0.97183242
306,LuPd,cP2,Pm-3m,mp-2205,17621.0,-0.9846,-0.9775014000000001,-0.97183242
307,LuPd3,cP4,Pm-3m,mp-1158,17622.0,-0.9193,-0.93985103,-0.9350624
308,LuPt,oP8,Pnma,,30701.0,-0.9390000000000001,,-1.3408569
309,LuPt,oP8,Pnma,,30701.0,-1.2271,,-1.3408569
310,LuPt3,cP4,Pm-3m,mp-790,17624.0,-0.9245,-1.09541409,-1.09078775
311,LuPt3,,,,,-1.0717,,
312,Lu3Pd4,,,,,-1.0198,,
313,NbPt3,mP16,P121/m1,mp-12700,647400.0,-0.483,-0.65285668,-0.65412165
314,NdNi,oS8,Cmcm,mp-999339,30796.0,-0.2591,-0.31759139,-0.32541812
315,NdNi5,hP6,P6/mmm,mp-1824,,-0.2715,-0.27940392,
316,NdRu2,cF24,Fd-3m,mp-1781,17774.0,-0.1948,-0.1392589,-0.12185109999999999
317,Nd5Ru2,mS28,C12/c1,,,-0.1783,,
318,NdRh,oS8,Cmcm,mp-999335,30810.0,-0.6654,-0.68586954,-0.67523078
319,NdRh2,cF24,Fd-3m,mp-2290,17771.0,-0.6208,-0.66563857,-0.6576357
320,NdRh3,hP24,P63/mmc,mp-864699,30811.0,-0.4602,-0.50838989,-0.50505822
321,Nd5Rh4,oP36,Pnma,,,-0.6208,,
322,NdPd,oS8,Cmcm,mp-999336,30805.0,-0.8001,-0.81837344,-0.81555618
323,NdPd3,cP4,Pm-3m,mp-2333,17765.0,-0.7597,-0.78640393,-0.78414478
324,NdIr2,cF24,Fd-3m,mp-890,17503.0,-0.7006,-0.69447488,-0.69973281
325,Nd5Ir3,tP32,P4/ncc,mp-30522,,-0.6187,-0.616531,
326,NdPt,oP8,Pnma,,30808.0,-1.082,,-1.14886368
327,NdPt2,cF24,Fd-3m,mp-2720,17768.0,-1.0147,-1.04798648,-1.0439796000000001
328,NdPt5,hP6,P6/mmm,mp-2359,17770.0,-0.57,-0.70115448,-0.70350947
329,NiPt,cF4,Fm-3m,,,-0.0406,,
330,TiNi,cP2,Pm-3m,mp-571,116608.0,-0.3749,-0.34371282,-0.37801940000000006
331,PrNi,oS8,Cmcm,mp-11799,30838.0,-0.2912,-0.29216889,-0.29994979
332,PrNi5,hP6,P6/mmm,mp-2370,17787.0,-0.2653,-0.26405656,-0.26530056
333,SmNi,oS8,Cmcm,mp-999145,30859.0,-0.3773,-0.36764828,-0.37422219
334,SmNi5,hP6,P6/mmm,mp-1075,17806.0,-0.284,-0.30177932,-0.30369402
335,TbNi,mP24,P121/m1,mp-31139,17831.0,-0.3814,-0.44018856,-0.11587876
336,TbNi5,hP6,P6/mmm,mp-30808,17834.0,-0.284,-0.32187828,-0.22247785
337,TmNi,oP8,Pnma,mp-11525,17842.0,-0.4809,-0.50330897,-0.50868034
338,TmNi5,hP6,P6/mmm,mp-11526,17844.0,-0.3016,-0.3424406,-0.34492088
339,TiNi3,hP16,P63/mmc,mp-1409,5776.0,-0.4374,-0.48423085,-0.49490854
340,TiNi,cP2,Pm-3m,mp-571,116608.0,-0.3431,-0.34371282,-0.37801940000000006
341,Ni7Zr2,mS36,C12/m1,mp-2717,2288.0,-0.4208,-0.42918024,-0.43017345
342,ZrNi,oS8,Cmcm,mp-556,17864.0,-0.5234,-0.45603911,-0.45579793
343,Zr2Ni,tI12,I4/mcm,mp-328,103369.0,-0.3234,-0.32276983,-0.32468612
344,VNi3,tI8,I4/mmm,mp-171,17850.0,-0.2249,-0.24632097,-0.23769544
345,TaNi3,mP16,P121/m1,mp-569776,647410.0,-0.2114,-0.36122189,-0.36419278
346,YOs2,hP12,P63/mmc,mp-570670,19318.0,-0.257,-0.30890026,-0.30353374
347,OsTi,cP2,Pm-3m,mp-291,90586.0,-0.71,-0.71361444,-0.73613297
348,PrPd,oS8,Cmcm,mp-999291,31204.0,-0.8167,-0.79545696,-0.79253344
349,Pd2Pr,,,,,-0.8571,,
350,SmPd,oS8,Cmcm,mp-31380,18690.0,-0.8540000000000001,-0.8606244000000001,-0.85599954
351,Pd4Sm3,hR42,R-3,,,-0.9038,,
352,Pd3Sm,,,,,-0.8592,,
353,TbPd,oS8,Cmcm,mp-999124,30947.0,-0.883,-0.92341571,-0.58771042
354,Pd4Tb3,,,,,-0.8861,,
355,Pd3Tb,,,,,-0.8167,,
356,TmPd,cP2,Pm-3m,mp-348,17980.0,-0.9597,-0.95361712,-0.9479927
357,TmPd3,cP4,Pm-3m,mp-982,17981.0,-0.8996,-0.9290976000000001,-0.92451966
358,YPd,oS8,Cmcm,,21469.0,-0.9836,,-0.91325416
359,Pd4Y3,hR42,R-3,,,-0.9618,,
360,YPd3,cP4,Pm-3m,mp-559,17986.0,-0.8188,-0.86590274,-0.85931583
361,TiPd3,hP16,P63/mmc,,21293.0,-0.6737,,-0.64955897
362,TaPd3,tI18,I4/mmm,mp-30836,17964.0,-0.3741,-0.49012818,-0.48488672
363,UPd3,hP16,P63/mmc,mp-30841,17982.0,-0.7638,-0.53641653,-0.5302551
364,UPd3,hP16,P63/mmc,mp-30841,17982.0,-0.741,-0.53641653,-0.5302551
365,TiPd,cP2,Pm-3m,mp-11546,17970.0,-0.5348,-0.47762927,-0.48671641
366,TiPd,oP4,Pmma,mp-980094,,-0.5524,-0.54879321,
367,Pd3Zr,,,,,-0.8747,,
368,ZrPd,mS16,Cmcm,mp-13495,9971.0,-0.6353,-0.65376425,-0.64896546
369,ZrPd,mS16,Cmcm,mp-13495,9971.0,-0.6851,-0.65376425,-0.64896546
370,PrRu2,cF24,Fd-3m,mp-2665,18889.0,-0.1752,-0.1002159,-0.08165385
371,PrRh2,cF24,Fd-3m,mp-2529,18888.0,-0.626,-0.64200098,-0.63329281
372,PrPt,oP8,Pnma,,30953.0,-1.0717,,-1.11835627
373,PrPt2,cF24,Fd-3m,mp-1061,18883.0,-0.9691,-1.02865162,-1.02437444
374,SmPt,oP8,Pnma,,30979.0,-1.1266,,-1.19778358
375,SmPt2,cF24,Fd-3m,mp-1127,17999.0,-1.0385,-1.0750635,-1.07204855
376,TbPt,oP8,Pnma,,670146.0,-1.1991,,-0.94239172
377,TbPt2,cF24,Fd-3m,mp-1697,18011.0,-1.0022,-1.10877126,-0.88454865
378,Pt3Tb,,,,,-0.8872,,
379,PtTm,oP8,Pnma,,,-1.2541,,
380,TmPt2,cF24,Fd-3m,mp-571271,18020.0,-1.1649,-1.11064205,-1.10883487
381,Pt3Tm,,,,,-0.9442,,
382,YPt,oP8,Pnma,,30992.0,-1.0779,,-1.26036657
383,YPt3,cP4,Pm-3m,mp-2403,18031.0,-0.9007,-0.98465417,-0.98113343
384,VPt3,tI8,I4/mmm,mp-2705,18028.0,-0.284,-0.45914973,-0.44208346
385,VPt2,oI6,Immm,mp-12108,30989.0,-0.3856,-0.55702017,-0.53721562
386,TiPt,cP2,Pm-3m,mp-11552,18015.0,-0.826,-0.79131172,-0.79979012
387,TiPt,oP4,Pmma,mp-998949,,-0.94,-0.9285324,
388,ZrPt,oS8,Cmcm,,30995.0,-0.995,,-1.08603694
389,ZrPt,oS8,Cmcm,,30995.0,-1.0789,,-1.08603694
390,SmRh2,cF24,Fd-3m,mp-840,18058.0,-0.6789,-0.70122295,-0.69424156
391,Rh3Sm4,,,,,-0.6892,,
392,TbRh,cP2,Pm-3m,mp-11561,18067.0,-0.7493,-0.86392462,-0.51145901
393,TbRh2,cF24,Fd-3m,mp-1310,18068.0,-0.6675,-0.74930235,-0.52306842
394,TmRh,cP2,Pm-3m,mp-11564,18076.0,-0.9214,-0.98561536,-0.96668025
395,TmRh2,cF24,Fd-3m,mp-30865,18077.0,-0.7566,-0.77274405,-0.77044224
396,YRh,cP2,Pm-3m,mp-191,18083.0,-0.7887,-0.85827792,-0.84222032
397,YRh2,cF24,Fd-3m,mp-921,18084.0,-0.6778,-0.74091214,-0.73874162
398,ZrRh,cP2,Pm-3m,mp-2808,90794.0,-0.7866,-0.73091778,-0.75268252
399,RhZr,,,,,-0.8188,,
400,URh3,cP4,Pm-3m,mp-1150,18078.0,-0.7224,-0.66664515,-0.67258111
401,TiRh,cP2,Pm-3m,mp-11563,18073.0,-0.741,-0.71770692,-0.74982654
402,TiRh,mP4,P12/m1,,755406.0,-0.7711,,-0.76142264
403,Ru2Tb,hP12,P63/mmc,,,-0.2446,,
404,Ru2Tb5,,,,,-0.3099,,
405,Ru2.Y5,mS28,C12/c1,,,-0.2829,,
406,ZrRu,cP2,Pm-3m,mp-214,116234.0,-0.7120000000000001,-0.66012382,-0.64287548
407,TiRu,cP2,Pm-3m,mp-592,94574.0,-0.7979999999999999,-0.7733,-0.78846466
408,URu3,cP4,Pm-3m,mp-1263,18098.0,-0.3213,-0.32529303,-0.32385064
409,HfRu,cP2,Pm-3m,mp-2802,17389.0,-0.9514,-0.8331390999999999,-0.81247741
410,Fe2Sc,hP12,P63/mmc,,,-0.1161,,
411,ScCo2,cF24,Fd-3m,mp-253,19393.0,-0.3368,-0.35023303,-0.36189395
412,Sc2Co,tI12,I4/mcm,mp-30562,17119.0,-0.2767,-0.26004219,-0.26502967
413,ScNi,cP2,Pm-3m,mp-11521,17795.0,-0.4633,-0.50720254,-0.51584033
414,ScNi2,cF24,Fd-3m,mp-850,17796.0,-0.4457,-0.52315748,-0.52449873
415,ScRu,cP2,Pm-3m,mp-30867,18090.0,-0.4612,-0.54169358,-0.53324862
416,ScRh,cP2,Pm-3m,mp-1780,18054.0,-0.9794,-1.0415801,-1.02687326
417,ScIr,cP2,Pm-3m,mp-1129,17512.0,-0.9297,-1.05110554,-1.03014618
418,ScRh3,cP4,Pm-3m,mp-635,18055.0,-0.5358,-0.61301078,-0.61530617
419,ScPd,cP2,Pm-3m,mp-2781,17944.0,-0.9255,-0.90841484,-0.90740356
420,ScIr2,cF24,Fd-3m,mp-2263,17513.0,-0.6871,-0.74323264,-0.7488888000000001
421,ScPt,cP2,Pm-3m,mp-892,17995.0,-1.0862,-1.22008164,-1.22878817
422,ScPt3,cP4,Pm-3m,mp-481,17997.0,-0.9805,-1.05328318,-1.04670448
423,Tm4Pd5,,,,,-0.9639,,
424,AlB12,tP216,P41212,,,-0.1182,,
425,AlMn4,cP20,P4132,,,-0.1565,,
426,AlMo3,cP8,Pm-3n,mp-259,10507.0,-0.2311,-0.22816317,-0.23531136
427,Nb3Al,cP8,Pm-3n,mp-796,18709.0,-0.142,-0.15861377,-0.18075574
428,AlPt3,,,,,-0.6592,,
429,AlPd2,oP12,Pnma,mp-2824,10552.0,-0.9048,-0.83438478,-0.82853899
430,AlRe2,tI6,I4/mmm,mp-10909,10574.0,-0.3068,-0.26518005,-0.25623593
431,Ta2Al,tP30,P42/mnm,mp-639874,658981.0,-0.2062,-0.06988478,-0.25063347
432,Al2Mn3,hP2,P63/mmc,,,-0.2425,,
433,Y3Al2,tP20,P42/mnm,mp-16723,,-0.4146,-0.35436314,
434,AlFe,cP2,Pm-3m,mp-2658,54708.0,-0.2436,-0.33204742,-0.33175568
435,HfAl,oS8,Cmcm,mp-249,18706.0,-0.4135,-0.40458448,-0.40186183
436,AlNi,cP2,Pm-3m,mp-1487,94913.0,-0.6042,-0.65864811,-0.66944636
437,AlPt,cP8,P213,mp-10904,10562.0,-1.0385,-1.04806983,-1.0482982
438,AlPt,cP8,P213,mp-10904,10562.0,-1.0116,-1.04806983,-1.0482982
439,AlRh,cP2,Pm-3m,mp-364,10576.0,-1.1017,-1.09471293,-1.09711632
440,AlRu,cP2,Pm-3m,mp-542569,18193.0,-0.6436,-0.6935834,-0.66275832
441,ScAl,cP2,Pm-3m,mp-331,10539.0,-0.426,-0.45145086,-0.44950931
442,Al4C3,hR21,R-3m,mp-1591,,-0.1897,-0.09141716,
443,Al3Pt2,hP5,P-3m1,mp-10905,10565.0,-1.0001,-0.99776218,-1.0001106
444,Al8Cr5,tI6,I4/mmm,,,-0.1752,,
445,Al8V5,cI52,I-43m,,,-0.3524,,
446,ScAl1.78,cF24,Fd-3m,,,-0.4944,,
447,HfAl2,hP12,P63/mmc,mp-12657,19094.0,-0.45399999999999996,-0.44346682,-0.44402344
448,LaAl2,cF24,Fd-3m,mp-2694,10483.0,-0.5172,-0.49784908,-0.49709903
449,LuAl2,cF24,Fd-3m,mp-1234,10492.0,-0.5452,-0.48386232,-0.48440793
450,Al2Os,tI6,I4/mmm,mp-7188,10545.0,-0.4654,-0.56370358,-0.5618871
451,YAl2,cF24,Fd-3m,mp-2322,10612.0,-0.5224,-0.5314414000000001,-0.53390158
452,ZrAl2,hP12,P63/mmc,mp-2772,9987.0,-0.54,-0.53810863,-0.54013952
453,Al8Mo3,mS22,C12/m1,,,-0.342,,
454,Al11Re4,aP15,P-1,,,-0.3576,,
455,ZrAl3,tI16,I4/mmm,mp-395,18198.0,-0.5016,-0.48454051,-0.48795685
456,HfAl3,tI16,I4/mmm,mp-568718,19074.0,-0.4208,-0.39534417,-0.39629425
457,NbAl3,tI8,I4/mmm,mp-1842,18710.0,-0.4198,-0.42336587,-0.43058276
458,TaAl3,tI8,I4/mmm,mp-869,644858.0,-0.3099,-0.31732438,-0.31961342
459,TiAl3,tI8,I4/mmm,mp-542915,18722.0,-0.3793,-0.39576492,-0.41231514
460,Al3V,tI8,I4/mmm,mp-2554,10604.0,-0.2881,-0.2886842,-0.28231944
461,Al11La3,oI28,Immm,,,-0.3887,,
462,Al4W,mS30,C1m1,mp-30336,10605.0,-0.1461,-0.15354977,-0.15547335
463,Co2B,tI12,I4/mcm,mp-493,5855.0,-0.2011,-0.24053737,-0.20127126
464,Fe2B,tI12,I4/mcm,mp-1915,7798.0,-0.2342,-0.31252032,-0.31235674
465,Mn2B,tI12,I4/mcm,mp-20318,67949.0,-0.3285,-0.39763521,-0.39815569
466,Ni2B,tI12,I4/mcm,mp-2536,7800.0,-0.2342,-0.28994333,-0.29406372
467,BPt2,hP6,P63/mmc,,,-0.2073,,
468,CoB,oP8,Pnma,mp-20857,5858.0,-0.3607,-0.40155458,-0.41008351
469,FeB,oP8,Pnma,mp-20787,5857.0,-0.3348,-0.37298173,-0.37596999
470,MnB,oP8,Pnma,mp-8365,13802.0,-0.371,-0.49912716,-0.49958023
471,BMo,,,,,-0.2975,,
472,NiB,oS8,Cmcm,mp-14019,5171.0,-0.2083,-0.2414927,-0.24335188
473,NiB,oS8,Cmcm,mp-14019,5171.0,-0.2145,-0.2414927,-0.24335188
474,RhB1.1,hP4,P63/mmc,mp-567164,,-0.3679,-0.38261772,
475,RuB1.1,hP4,P63/mmc,,,-0.2301,,
476,B4Ir3,mS28,C12/c1,,,-0.2166,,
477,CrB2,hP3,P6/mmm,mp-374,5847.0,-0.4125,-0.34044859,-0.33724790000000004
478,DyB2,hP3,P6/mmm,mp-2057,8332.0,-0.313,-0.56534511,-0.5618701
479,ErB2,hP3,P6/mmm,mp-1774,647372.0,-0.2829,-0.62338387,-0.62242526
480,HoB2,hP3,P6/mmm,mp-2267,8366.0,-0.2892,-0.5948309,-0.59305299
481,LuB2,hP3,P6/mmm,mp-11219,115218.0,-0.3089,-0.69191694,-0.68902248
482,MnB2,hP3,P6/mmm,mp-585,8179.0,-0.2187,-0.28357077,-0.2887995
483,NbB2,hP3,P6/mmm,mp-450,5806.0,-0.625,-0.69347592,-0.69505215
484,ReB2,hP6,P63/mmc,mp-1773,4449.0,-0.2228,-0.42981648,-0.42013953
485,ScB2,hP3,P6/mmm,mp-2252,8428.0,-1.0603,-0.84106919,-0.83846984
486,TaB2,hP3,P6/mmm,mp-1108,5807.0,-0.5524,-0.652593,-0.64900102
487,TbB2,hP3,P6/mmm,mp-965,8471.0,-0.3545,-0.53102592,-0.30809373
488,TiB2,hP3,P6/mmm,mp-1145,5808.0,-1.1349,-1.05740636,-1.06683324
489,TmB2,hP3,P6/mmm,mp-800,8473.0,-0.3171,-0.65282273,-0.65122261
490,VB2,hP3,P6/mmm,mp-1491,109274.0,-0.7328,-0.74284597,-0.73208942
491,YB2,hP3,P6/mmm,mp-1542,8475.0,-0.37,-0.56479997,-0.56358483
492,B5Gd2,mP28,P121/c1,,,-0.4467,,
493,B5Nd2,,,,,-0.4032,,
494,B5Os2,hP6,P63/mmc,,,-0.1182,,
495,B5Pd2,mS28,C12/c1,,,-0.2653,,
496,B5W2,hP12,P63/mmc,,,-0.1814,,
497,CeB4,tP20,P4/mbm,mp-1974,4683.0,-0.5545,-0.62698238,-0.51932182
498,LaB4,tP20,P4/mbm,mp-7283,2155.0,-0.5255,-0.57170034,-0.56834399
499,NdB4,tP20,P4/mbm,mp-1632,19849.0,-0.5524,-0.5648665,-0.56388366
500,PrB4,tP20,P4/mbm,mp-12569,18748.0,-0.5503,-0.54672396,-0.54576316
501,YB4,tP20,P4/mbm,mp-637,5124.0,-0.5421,-0.59063889,-0.58949615
502,LaB6,cP7,Pm-3m,mp-2680,,-0.5928,-0.56401877,
503,PrB6,cP7,Pm-3m,mp-12762,,-0.5317,-0.48410568,
504,C2Mn5,mS28,C12/c1,,,-0.0922,,
505,C2Mn5,mS28,C12/c1,,,-0.1036,,
506,C3Cr7,hP80,P63mc,,,-0.1461,,
507,C3Mn7,hP80,P63mc,,,-0.0943,,
508,Mo2C,oP16,Pbcn,mp-1552,8050.0,-0.1202,-0.10295956,-0.11555772
509,CSc2,cF48,Fd-3m,,,-0.4716,,
510,Y2C,hR9,R-3m,mp-1334,4155.0,-0.3296,-0.29194155,-0.29775347
511,C3V4,hP8,P63mc,,,-0.4177,,
512,TiC,cF8,Fm-3m,mp-631,1949.0,-0.9628,-0.80734115,-0.80412494
513,CeC2,tI6,I4/mmm,mp-2839,13373.0,-0.2633,-0.1554227,-0.08301998
514,DyC2,tI6,I4/mmm,mp-541840,7901.0,-0.2964,-0.19310779,-0.19727318
515,ErC2,tI6,I4/mmm,mp-1579,4391.0,-0.2985,-0.19368365,-0.20063332
516,GdC2,tI6,I4/mmm,mp-12765,19369.0,-0.257,-0.16630952,-0.18553698
517,HoC2,,,,,-0.2964,,
518,LaC2,tI6,I4/mmm,mp-2367,5051.0,-0.2819,-0.16197667,-0.16385663
519,LuC2,tI6,I4/mmm,mp-8371,13888.0,-0.2767,-0.18638216,-0.19246326
520,NdC2,tI6,I4/mmm,mp-2297,53650.0,-0.3026,-0.11838131,-0.12456444
521,PrC2,tI6,I4/mmm,mp-1995,3666.0,-0.3047,-0.10019788,-0.10602352
522,SmC2,tI6,I4/mmm,mp-12764,19368.0,-0.2664,-0.14752258,-0.15356634
523,TbC2,tI6,I4/mmm,mp-2119,13374.0,-0.255,-0.18882349,0.02651546
524,C2Tm,,,,,-0.3265,,
525,CeSi2,tI12,I4/mcm,,,-0.627,,
526,CeSi,oP8,Pnma,mp-21115,18278.0,-0.7369,-0.65310562,-0.71849747
527,Ce5Si3,tI32,I4/mcm,mp-570175,29191.0,-0.5472,-0.54661531,-0.55564635
528,Ga3Co,tP16,P42/mnm,mp-20559,29254.0,-0.3047,-0.26603952,-0.26709825
529,CoSi2,cF12,Fm-3m,mp-2379,5256.0,-0.3617,-0.46811329,-0.47477289
530,CoSi,cP8,P213,mp-7577,3604.0,-0.511,-0.61459397,-0.62430027
531,Co2Si,oP12,Pnma,mp-19905,646168.0,-0.3928,-0.45288601,-0.46466624
532,CrSi2,hP9,P6222,mp-1222,,-0.2674,-0.36275147,
533,CrSi,cP8,P213,mp-7576,3602.0,-0.3545,-0.29522304,-0.2884598
534,Cr5Si3,tI32,I4/mcm,mp-7506,3178.0,-0.3482,-0.31502719,-0.31060762
535,Cr3Ga,cP8,Pm-3n,mp-1231,29544.0,-0.1223,-0.04884287,-0.05522517
536,Cr3Si,cP8,Pm-3n,mp-729,3600.0,-0.2819,-0.34850978,-0.36159126
537,Cu3Si,,,,,-0.0632,,
538,DySi2,oI12,Imma,,,-0.5659,,
539,DySi,oP8,Pnma,mp-1182,21014.0,-0.7141,-0.83304592,-0.8317414000000001
540,Dy5Si3,hP16,P63/mcm,mp-2836,651409.0,-0.6633,-0.68672013,-0.68469964
541,ErSi2,hP3,P6/mmm,mp-2145,665784.0,-0.6488,-0.49372392,-0.49122696
542,ErSi,oS8,Cmcm,mp-378,2939.0,-0.8799,-0.82215116,-0.8255610999999999
543,Er5Si3,hP16,P63/mcm,mp-31167,10339.0,-0.7328,-0.69769718,-0.7014001999999999
544,Ga3Fe,tP16,P42/mnm,mp-636368,30160.0,-0.257,-0.23007081,-0.23789909
545,FeSi,cP8,P213,mp-871,6697.0,-0.4001,-0.51035913,-0.51414325
546,GaMo3,cP8,Pm-3n,mp-2377,30299.0,-0.172,-0.15113122,-0.15670685
547,GaPd2,oP12,Pnma,mp-1869,18584.0,-0.6675,-0.64677807,-0.64203331
548,Ti2Ga,hP6,P63/mmc,mp-30671,22484.0,-0.4042,-0.39903784,-0.44495909999999994
549,Zr2Ga,tI12,I4/mcm,mp-569833,17131.0,-0.5535,-0.46617369,-0.4660022
550,Nb5Ga3,tI32,I4/mcm,mp-570293,30301.0,-0.2747,-0.3216266,-0.3365402
551,Sc5Ga3,hP16,P63/mcm,mp-17332,,-0.6156,-0.52132614,
552,GaNi,cP2,Pm-3m,mp-1941,89558.0,-0.4654,-0.36500987,-0.37624769
553,GaPd,cP8,P213,,23801.0,-0.7421,,-0.65903422
554,GaRh,cP2,Pm-3m,mp-2444,89616.0,-0.7587,-0.69359272,-0.68984355
555,GaRu,cP2,Pm-3m,mp-22320,17297.0,-0.3669,-0.32212428,-0.29821966
556,YGa,oS8,Cmcm,mp-11420,30366.0,-0.74,-0.66433596,-0.66682175
557,Ga2Ru,oF24,Fddd,,,-0.4249,,
558,YGa2,hP3,P6/mmm,mp-1914,30368.0,-0.7058,-0.6629153,-0.66099664
559,Ga5V2,tP14,P4/mbm,,,-0.172,,
560,Ga3Rh,tP16,P42/mnm,,,-0.4654,,
561,TmGa3,cP4,Pm-3m,mp-1603,19193.0,-0.5027,-0.49921012,-0.50422251
562,GdSi2,oI12,Imma,,,-0.6115,,
563,GdSi,oP8,Pnma,mp-601371,12494.0,-0.7835,-0.78330897,-0.82500956
564,Gd5Si3,hP16,P63/mcm,,30419.0,-0.7048,,-0.65729056
565,HfSi,oP8,Pnma,mp-1042,647082.0,-0.7348,-0.82072508,-0.8201265999999999
566,Hf3Si2,tP10,P4/mbm,mp-2105,647083.0,-0.8291,-0.8034005999999999,-0.80117558
567,HoSi2,oI12,Imma,,,-0.6022,,
568,HoSi,oS8,Cmcm,mp-12899,19859.0,-0.8385,-0.82723595,-0.82907496
569,Ho5Si3,hP16,P63/mcm,mp-13236,30562.0,-0.7732,-0.69273225,-0.69430109
570,SiIr,oP8,Pnma,mp-1128,3182.0,-0.6612,-0.68431045,-0.69033796
571,SiIr,oP8,Pnma,mp-1128,3182.0,-0.6675,-0.68431045,-0.69033796
572,LaSi2,tI12,I4/mcm,,14081.0,-0.5887,,-0.66589192
573,LaSi,oP8,Pnma,mp-1860,2938.0,-0.7659,-0.74327757,-0.73829345
574,La3Si2,tP10,P4/mbm,mp-10162,8508.0,-0.6384,-0.63776534,-0.63053424
575,La5Si3,tI32,I4/mcm,mp-10961,16378.0,-0.6229,-0.60975188,-0.60340254
576,LuSi,oS8,Cmcm,mp-1001612,31331.0,-0.8115,-0.79471601,-0.79627164
577,Lu5Si3,hP16,P63/mcm,mp-11908,31330.0,-0.7027,-0.70254819,-0.70342489
578,MnSi,cP8,P213,mp-1431,3603.0,-0.4084,-0.46536604,-0.46425079
579,Mn5Si3,hP16,P63/mcm,mp-1111,,-0.3524,-0.34849914,
580,Si2Mo,tI6,I4/mmm,mp-2592,17715.0,-0.4964,-0.490212,-0.49665163
581,Si3Mo5,tI32,I4/mcm,mp-1332,6653.0,-0.3959,-0.38982914,-0.39820548
582,NbSi2,hP9,P6222,mp-2478,,-0.5566,-0.54430792,
583,Nb5Si3,tI32,I4/mcm,mp-13686,3572.0,-0.6695,-0.66596324,-0.67982951
584,NdSi2,oI12,Imma,,,-0.6426,,
585,NdSi,oP8,Pnma,mp-9967,7934.0,-0.8157,-0.76401844,-0.76616419
586,Nd5Si3,tI32,I4/mcm,mp-567735,27253.0,-0.6457,-0.58656729,-0.58972551
587,SiNi,oP8,Pnma,mp-351,5883.0,-0.4394,-0.50192808,-0.5038064
588,SiNi2,oP12,Pnma,mp-1118,4675.0,-0.5244,-0.55259568,-0.55906508
589,Ni5Si2,hP43,P321,,,-0.4674,,
590,Si3Os2,oP40,Pbcn,mp-16608,83466.0,-0.3161,-0.45552864,-0.45174752
591,SiOs,cP8,P213,mp-2488,3181.0,-0.4146,-0.36805215,-0.36359973
592,SiPd2,hP9,P-62m,mp-697068,669944.0,-0.6685,-0.69371833,-0.6909829000000001
593,SiPd2,hP9,P-62m,mp-697068,669944.0,-0.6654,-0.69371833,-0.6909829000000001
594,SiPd3,oP16,Pnma,mp-20622,8197.0,-0.6001,-0.61338369,-0.60600528
595,PrSi2,oI12,Imma,,,-0.6374,,
596,PrSi,oP8,Pnma,mp-9968,7935.0,-0.8094,-0.74327973,-0.74525461
597,Pr5Si3,tI32,I4/mcm,,,-0.7006,,
598,SiPt,oP8,Pnma,mp-696,2257.0,-0.6156,-0.67142261,-0.67066312
599,SiPt,oP8,Pnma,mp-696,2257.0,-0.6177,-0.67142261,-0.67066312
600,SiPt2,tI6,I4/mmm,mp-1299,14060.0,-0.6395,-0.72375884,-0.72264214
601,SiPt2,,,,,-0.6561,,
602,Re2Si,mP24,P121/c1,mp-669547,10376.0,-0.1316,0.10865856,-0.09513163
603,SiRh,oP8,Pnma,mp-818,18901.0,-0.7773,-0.82274837,-0.82411252
604,SiRh,,,,,-0.7856,,
605,SiRh2,oP12,Pnma,mp-20418,8055.0,-0.6623,-0.72588414,-0.73085926
606,Si3Ru2,oP40,Pbcn,mp-22192,2149.0,-0.6291,-0.63734496,-0.6246689999999999
607,SiRu,cP8,P213,mp-189,14277.0,-0.6022,-0.65174517,-0.63907988
608,SiRu,,,,,-0.6022,,
609,ScSi,oS8,Cmcm,mp-9969,7936.0,-0.853,-0.83644904,-0.83784269
610,Sc5Si3,hP16,P63/mcm,mp-7822,4475.0,-0.9317,-0.76833573,-0.76933428
611,V3Si,cP8,Pm-3n,mp-2567,4182.0,-0.4809,-0.46472440000000004,-0.46975583
612,Sm5Si3,hP16,P63/mcm,,31250.0,-0.6954,,-0.61183675
613,Ta5Si3,tI32,I4/mcm,mp-1989,3573.0,-0.3949,-0.61606373,-0.61647648
614,Tb5Si3,hP16,P63/mcm,mp-206,17347.0,-0.6322,-0.67495204,-0.26112869
615,Ti5Si3,hP16,P63/mcm,mp-2108,,-0.7649,-0.76599174,
616,Tm5Si3,hP16,P63/mcm,,31067.0,-0.7887,,-0.70337537
617,V5Si3,tI32,I4/mcm,mp-568671,31069.0,-0.6115,-0.58859846,-0.57183864
618,Y5Si3,hP16,P63/mcm,mp-2538,8194.0,-0.7431,-0.71907995,-0.72101896
619,Y5Si3,hP16,P63/mcm,mp-2538,8194.0,-0.8333,-0.71907995,-0.72101896
620,Zr5Si3,hP16,P63/mcm,mp-568115,31218.0,-0.7431,-0.81774496,-0.81917994
621,Si4Ti5,oP36,Pnma,,,-0.8136,,
622,Si4Zr5,tP36,P41212,mp-1304,3883.0,-0.9525,-0.90321937,-0.90447382
623,SmSi,oP8,Pnma,,31066.0,-0.826,,-0.79741521
624,TbSi,oP8,Pnma,mp-1924,4359.0,-0.8385,-0.8316249,-0.50097379
625,TiSi,oP8,Pnma,mp-7092,8102.0,-0.7524,-0.76805125,-0.79083582
626,TmSi,oS8,Cmcm,,31068.0,-0.8924,,-0.81673222
627,YSi,oS8,Cmcm,mp-9972,7939.0,-0.8364,-0.85029844,-0.8523987
628,ZrSi,oP8,Pnma,mp-893,3569.0,-0.9794,-0.93338872,-0.9340726
629,Si2Sm,oI12,Imma,,,-0.6871,,
630,TaSi2,hP9,P6222,mp-517,8153.0,-0.4768,-0.47875561,-0.47784741
631,Si2Tb,oI12,Imma,,,-0.6374,,
632,TiSi2,oF24,Fddd,mp-2582,1833.0,-0.5908,-0.55103089,-0.57236762
633,TmSi2,hP3,P6/mmm,mp-772,657436.0,-0.6726,-0.47259589999999996,-0.47019623
634,VSi2,hP9,P6222,mp-10711,,-0.3887,-0.48601618,
635,Si2W,tI6,I4/mmm,mp-1620,5147.0,-0.2829,-0.34341414,-0.3448632
636,YSi2,hP3,P6/mmm,mp-2568,670808.0,-0.6405,-0.52999675,-0.52655247
637,ZrSi2,oS12,Cmcm,mp-1515,3570.0,-0.625,-0.65230484,-0.6533262
638,CeIn3,cP4,Pm-3m,mp-20369,29103.0,-0.5089,-0.41688439,-0.48217938
639,PrIn3,cP4,Pm-3m,mp-20903,11139.0,-0.5317,-0.47857438,-0.48202635
640,NdIn3,cP4,Pm-3m,mp-21197,11111.0,-0.5338,-0.47555777,-0.47815617
641,SmIn3,cP4,Pm-3m,mp-19977,11162.0,-0.5389,-0.46268878,-0.46591877
642,GdIn3,cP4,Pm-3m,mp-20258,30377.0,-0.5027,-0.43358645,-0.44569283
643,TbIn3,cP4,Pm-3m,mp-20920,11165.0,-0.5545,-0.4323234,-0.26806531
644,DyIn3,cP4,Pm-3m,mp-20236,31227.0,-0.4985,-0.4179685,-0.41726646
645,Ho5In3,hP16,P63/mcm,,30538.0,-0.5203,,-0.37241795
646,Er5In3,hP16,P63/mcm,,29991.0,-0.4944,,-0.37016066
647,TmIn3,cP4,Pm-3m,mp-21177,11173.0,-0.4923,-0.36591188,-0.3670282
648,Lu5In3,hP16,P63/mcm,,30575.0,-0.5421,,-0.35227743
649,Cu51Zr14,hP68,P6/m,,,-0.2519,,
650,Cu3Pd,cP4,Pm-3m,mp-580357,17159.0,-0.0788,-0.10879453,-0.10493702
651,Cu51Hf14,hP68,P6/m,,,-0.2373,,
652,Cu3Pt,cP4,Pm-3m,mp-12086,29766.0,-0.1119,-0.13770523,-0.14090041
653,TiAg,tP4,P4/nmm,mp-1017985,27645.0,-0.0166,-0.06492099,-0.10027248
654,Ti2Ag,tI6,I4/mmm,mp-979115,27647.0,-0.0238,-0.05569064,-0.10437079
655,YAg2,tI6,I4/mmm,mp-999544,27649.0,-0.2757,-0.32922003,-0.33455439
656,ScAu2,tI6,I4/mmm,mp-1018148,28211.0,-0.8644,-0.81646376,-0.81625514
657,ScAu4,tI10,I4/m,,28212.0,-0.5939,,-0.54758362
658,AuMn,oP2,Pmmm,,,-0.2622,,
659,YAu2,tI6,I4/mmm,mp-1018113,28232.0,-0.8768,-0.85966874,-0.85953584
660,YAu3,oP8,Pmmn,,28231.0,-0.7162,,-0.713549
661,PdAu3,cP4,Fm-3m,,313826.0,-0.0819,,-0.04314195
662,ScMn2,hP12,P63/mmc,mp-2039,18873.0,-0.2705,-0.14292699,-0.13666327
663,Os11Sc4,cF120,Fm-3m,,,-0.2342,,
664,TiMn2,hP12,P63/mmc,mp-1949,17696.0,-0.0891,-0.27119299999999996,-0.28692448
665,HfV2,cF24,Fd-3m,mp-1043,643804.0,-0.1731,0.03197413,0.03389914
666,VIr,oS8,Cmmm,mp-569250,17531.0,-0.2912,-0.5207884,-0.52346627
667,HfFe2,,,,,-0.1275,,
668,Fe7Nb6,hR39,R-3m,,,-0.0643,,
669,NbCo3,hP24,P63/mmc,mp-977426,,-0.0767,-0.14701269,
670,Co3Ta,hP24,P63/mmc,,,-0.0881,,
671,YNi,oP8,Pnma,mp-1364,17852.0,-0.341,-0.43600150000000004,-0.44546416
672,ScOs2,hP12,P63/mmc,mp-567612,19315.0,-0.2042,-0.39309886,-0.38791876
673,VCo3,hP24,P63/mmc,mp-542614,31151.0,-0.0674,-0.17098186,-0.18077774
674,V3Ir,cP8,Pm-3n,mp-2006,17532.0,-0.3047,-0.49090709,-0.49317772
675,YFe3,hR36,R-3m,,30268.0,-0.0176,,-0.06392285
676,YFe2,cF24,Fd-3m,mp-1570,18348.0,-0.0021,-0.06311649,-0.06298
677,NbFe2,hP12,P63/mmc,mp-568901,30227.0,-0.0549,-0.12231512,-0.12212013
678,NbCo2,cF24,Fd-3m,mp-670,29408.0,-0.0684,-0.13615909,-0.15548255
679,TaCo2,cF24,Fd-3m,mp-1799,29506.0,-0.0653,-0.21619792,-0.22813203
680,TaFe2,hP12,P63/mmc,mp-568077,,-0.0653,-0.18944423,
681,NbNi3,oP8,Pmmn,mp-1451,30781.0,-0.1741,-0.28823706,-0.29802735
682,TbCu2,oI12,Imma,mp-1527,23033.0,-0.256,-0.26626757,-0.04598186
683,Cu2Dy,oI12,Imma,,,-0.2529,,
684,HoCu2,oI12,Imma,mp-30584,17147.0,-0.2591,-0.27565436,-0.27657653
685,Cu2Er,oI12,Imma,,,-0.2798,,
686,Cu2Tm,oI12,Imma,,,-0.2425,,
687,TbCu5,,,,,-0.1907,,
688,DyCu5,,,,,-0.1627,,
689,HoCu5,,,,,-0.1793,,
690,Cu5Er,,,,,-0.1907,,
691,TmCu5,,,,,-0.1959,,
692,Cu5Lu,,,,,-0.1948,,
693,TbAu,oS8,Cmcm,mp-999141,28223.0,-0.8965,-0.8814056999999998,-0.5498906
694,DyAu,,,,,-0.8644,,
695,ErAu,oP2,Pm-3m,mp-2442,10720.0,-0.9349,-0.87936308,-0.88506276
696,TmAu,,,,,-0.9618,,
697,TbAu2,tI6,I4/mmm,mp-570179,10811.0,-0.8416,-0.86087666,-0.63931355
698,DyAu2,tI6,I4/mmm,mp-11241,10716.0,-0.8063,-0.86878179,-0.86652412
699,HoAu2,tI6,I4/mmm,mp-990,10738.0,-0.8768,-0.8741941999999999,-0.87478831
700,ErAu2,tI6,I4/mmm,mp-2466,10721.0,-0.8903,-0.87975395,-0.88130488
701,TmAu2,tI6,I4/mmm,mp-560,10687.0,-0.9494,-0.8855728999999999,-0.88724459
702,LuAu2,tI6,I4/mmm,mp-1018152,28185.0,-0.9442,-0.89031574,-0.89017268
703,TbAu3,oP8,Pmmn,,28224.0,-0.6892,,-0.55416782
704,DyAu3,,,,,-0.6664,,
705,HoAu3,oP8,Pmmn,mp-30386,10739.0,-0.6954,-0.72317647,-0.72445413
706,ErAu3,,,,,-0.6851,,
707,TmAu3,oP8,Pmmn,mp-568247,28227.0,-0.7535,-0.72834168,-0.7269042
708,Au51La14,hP68,P6/m,,,-0.6001,,
709,SmCu,cP2,Pm-3m,mp-12586,,-0.1285,-0.17435732,
710,Cu2Sm,oI12,Imma,,,-0.1731,,
711,SmCu6,oP28,Pnma,mp-30699,29800.0,-0.142,-0.1468077,-0.14585006
712,AgSm,oP8,Pnma,,,-0.3835,,
713,Ag2Sm,,,,,-0.2498,,
714,Ag51Sm14,hP68,P6/m,,,-0.1741,,
715,SmAu,,,,,-0.7908,,
716,Au2Sm,tP106,P4/nmm,,,-0.7991,,
717,Au51Sm14,hP68,P6/m,,,-0.6198,,
718,TbAg,cP2,Pm-3m,mp-2268,10672.0,-0.3783,-0.32250589,0.00103123
719,DyAg,cP2,Pm-3m,mp-2167,10365.0,-0.3866,-0.32984297,-0.33555494
720,ErAg,cP2,Pm-3m,mp-2621,10623.0,-0.4654,-0.33953982,-0.34775013
721,TmAg,cP2,Pm-3m,mp-2796,10678.0,-0.4457,-0.34526791,-0.35077449
722,PrAg2,oI12,Imma,,27628.0,-0.256,,-0.28436382
723,NdAg2,oI12,Imma,,27623.0,-0.2259,,-0.28434503
724,GdAg2,,,,,-0.2477,,
725,TbAg2,,,,,-0.2353,,
726,DyAg2,,,,,-0.2311,,
727,HoAg2,,,,,-0.2591,,
728,ErAg2,tI6,I4/mmm,mp-30339,10626.0,-0.2487,-0.3325519,-0.34165700000000004
729,TmAg2,tI6,I4/mmm,mp-30359,10679.0,-0.2622,-0.33645216,-0.34547508
730,Ag2Tm,oI12,Imma,,,-0.2622,,
731,LuAg2,tI6,I4/mmm,mp-1018131,27616.0,-0.2653,-0.34222325,-0.34837039
732,Ag3Tb,hP68,P6/m,,,-0.2135,,
733,Ag3Dy,hP68,P6/m,,,-0.2363,,
734,Ag3Ho,hP68,P6/m,,,-0.2601,,
735,Ag3Er,hP68,P6/m,,,-0.2633,,
736,Ag3Tm,oP8,Pnma,,,-0.2094,,
737,Al5Ni4Rh,cP2,Pm-3m,,,-0.7684,,
738,Al5Ni3Rh2,cP2,Pm-3m,,,-0.8019,,
739,Al5Ni2Rh3,cP2,Pm-3m,,,-0.8439,,
740,Al5NiRh4,cP2,Pm-3m,,,-1.0331,,
741,Ti5Ge3,hP16,P63/mcm,mp-568151,,-0.7333,-0.69194752,
742,V5Ge3,tI32,I4/mcm,,,-0.4586,,
743,Mn5Ge3,hP16,P63/mcm,mp-617291,,-0.1884,-0.09905215,
744,Fe5Ge3,hP6,P63/mmc,,,-0.1078,,
745,Co5Ge3,hP6,P63/mmc,,,-0.2029,,
746,Ni5Ge3,hP6,P63/mmc,,,-0.3222,,
747,Al0.1Ti0.25Zn0.65,cP4,Pm-3m,,,-0.2798,,
748,Al0.2Ti0.25Zn0.55,cP4,Pm-3m,,,-0.3109,,
749,Al0.3Ti0.25Zn0.45,cP4,Pm-3m,,,-0.3317,,
750,Al0.4Ti0.25Zn0.35,cP4,Pm-3m,,,-0.3524,,
751,Al2TiZn,cP4,Pm-3m,,,-0.3627,,
752,Al0.6Ti0.25Zn0.15,cP4,Pm-3m,,,-0.3731,,
753,InPd,cP2,Pm-3m,mp-21215,55542.0,-0.7151,-0.50914396,-0.50734224
754,In3Pd2,hP5,P-3m1,mp-510437,11131.0,-0.5908,-0.48537325,-0.48064328
755,Sn2Pd,tI48,I41/acd,mp-1573,5782.0,-0.5182,-0.38963342,-0.45171323
756,Zr2Co,tI12,I4/mcm,mp-628,29534.0,,-0.25113077,-0.26078137
757,ZrCo,cP2,Pm-3m,mp-2283,29537.0,,-0.28187688,-0.28789901
758,ZrCo2,cF24,Fd-3m,mp-929,31202.0,,-0.30849371,-0.32129482
759,Co4Zr,cF116,Fm-3m,,,,,
760,TiFe,cP2,Pm-3m,mp-305,19423.0,,-0.41788011,-0.44919251
761,TiFe2,hP12,P63/mmc,mp-2454,18688.0,,-0.28543016,-0.29783282
762,TiCo,cP2,Pm-3m,mp-823,18811.0,,-0.39000135,-0.4096884
763,TiCo2,hP24,P63/mmc,,29519.0,,,-0.32565458
764,Ti2Ni,cF96,Fd-3m,mp-1808,3230.0,,-0.27684474,-0.31275551
765,TiNi,cP2,Pm-3m,mp-571,116608.0,,-0.34371282,-0.37801940000000006
766,TiNi3,hP16,P63/mmc,mp-1409,5776.0,,-0.48423085,-0.49490854
767,ZrFe2,cF24,Fd-3m,mp-1718,18350.0,,-0.28324440000000006,-0.2798164
768,Zr2Ni,tI12,I4/mcm,mp-328,103369.0,,-0.32276983,-0.32468612
769,ZrNi,oS8,Cmcm,mp-556,17864.0,,-0.45603911,-0.45579793
770,Ni7Zr2,mS36,C12/m1,mp-2717,2288.0,,-0.42918024,-0.43017345
771,ZrNi5,cF24,F-43m,mp-2439,669588.0,,-0.32116925,-0.32486008
772,TiPd,cP2,Pm-3m,mp-11546,17970.0,,-0.47762927,-0.48671641
773,Ti3Pd5,tP8,P4/mmm,mp-570199,17974.0,,-0.61720347,-0.62559859
774,TiPd2,oI6,Immm,,21292.0,,,-0.64280199
775,TiPd3,hP16,P63/mmc,,21293.0,,,-0.64955897
776,Zr2Pd,tI6,I4/mmm,mp-266,17990.0,,-0.48842171,-0.48801108
777,ZrPd,cP2,Pm-3m,mp-13496,9972.0,,-0.58775328,-0.58504166
778,ZrPd2,tI6,I4/mmm,mp-1018102,30951.0,,-0.76098711,-0.75783907
779,ZrPd3,hP16,P63/mmc,mp-30842,17991.0,,-0.82334471,-0.8178025
780,HfNi5,cF24,F-43m,mp-569516,19424.0,,-0.34621853,-0.3497438
781,Hf2Ni7,mS26,C12/m1,,,,,
782,Hf9Ni11,tI40,I4/m,,,,,
783,HfNi,oS8,Cmcm,mp-1018056,30515.0,,-0.51942899,-0.51903074
784,Hf2Ni,tI12,I4/mcm,mp-861,88683.0,,-0.34446509,-0.34184014
785,Ag0.610Mg0.390,cP2,Pm-3m,,,-0.040999999999999995,,
786,Ag0.561Mg0.439,cP2,Pm-3m,,,-0.0438,,
787,Ag0.542Mg0.458,cP2,Pm-3m,,,-0.0449,,
788,Ag0.510Mg0.490,cP2,Pm-3m,mp-2696,94482.0,-0.0455,-0.25172764,-0.25753188
789,Ag0.497Mg0.503,cP2,Pm-3m,mp-2696,94482.0,-0.0453,-0.25172764,-0.25753188
790,Ag0.485Mg0.515,cP2,Pm-3m,mp-2696,94482.0,-0.0455,-0.25172764,-0.25753188
791,Ag0.480Mg0.520,cP2,Pm-3m,mp-2696,94482.0,-0.0452,-0.25172764,-0.25753188
792,Ag0.452Mg0.548,cP2,Pm-3m,,,-0.0444,,
793,Hf2Pd,tI6,I4/mmm,mp-11454,17382.0,,-0.53118521,-0.52756749
794,HfPd,cP2,Pm-3m,mp-1002106,307534.0,,-0.62011466,-0.62936267
795,HfPd2,tI6,I4/mmm,,,,,
796,HfPd3,hP16,P63/mmc,mp-11453,17381.0,,-0.88831847,-0.88228811
797,GeRu,cP8,P213,,683580.0,,,-0.27869893
798,ZrRu,cP2,Pm-3m,mp-214,116234.0,,-0.66012382,-0.64287548
799,ZrRu2,hP12,P63/mmc,mp-569979,31033.0,,-0.37699088,-0.37261451
800,Zr3Au,cP8,Pm-3n,mp-11263,10833.0,,-0.34064662,-0.344695
801,Zr2Au,tI6,I4/mmm,mp-2348,18742.0,,-0.41852153,-0.41759104
802,AuZr,,,,,,,
803,Au0.588Zr0.412,,,,,,,
804,ZrAu2,tI6,I4/mmm,mp-1018103,28235.0,,-0.57450582,-0.57476874
805,ZrAu3,oP8,Pmmn,,28234.0,,,-0.49745752
806,ZrAu4,oP20,Pnma,mp-17813,31356.0,,-0.42172582,-0.41869664
807,Al3FeSi2,tI24,I4/mcm,,,-0.2123,,
808,Al2Fe3Si4,oS36,Cmcm,mp-29111,14987.0,-0.3716,-0.43019911,-0.4330145
809,Al0.71Fe0.19Si0.10,hP245,P63/mmc,,,-0.255,,
810,Al0.31Mn0.6Ni0.2,oS156,Cmcm,mp-30179,,-0.2398,-0.22249812,
811,VSi2,hP9,P6222,mp-10711,,-0.4319,-0.48601618,
812,Sn3Ru2,tP20,P-4c2,mp-680677,18093.0,,-0.17968633,-0.22988746
813,Sn7Ru3,cI40,Im-3m,mp-22344,647455.0,,-0.20901573,-0.27008554
814,Si3Ru4,oP28,Pnma,mp-510412,5838.0,,-0.55339038,-0.54075562
815,SiRu,cP2,Pm-3m,mp-381,74704.0,,-0.63762195,-0.6368074
816,Si3Ru2,tP20,P-4c2,mp-20191,16443.0,,-0.615632,-0.60255945
817,AlNb4,cP8,Pm-3n,,,,,
818,Nb2Al,tP30,P42/mnm,mp-18427,10511.0,,-0.28263381,-0.29648968
819,NbAl3,tI8,I4/mmm,mp-1842,18710.0,,-0.42336587,-0.43058276
820,OsTi,cP2,Pm-3m,mp-291,90586.0,,-0.71361444,-0.73613297
821,HfOs,cP2,Pm-3m,mp-11452,17380.0,,-0.70975701,-0.70811812
822,Hf54Os17,oI142,Immm,,,,,
823,Al4Ba,tI10,I4/m,,,,,
824,TiAl3,tI8,I4/mmm,mp-542915,18722.0,,-0.39576492,-0.41231514
825,TiAl3,tI8,I4/mmm,mp-542915,18722.0,,-0.39576492,-0.41231514
826,TiAl2,tI24,I41/amd,mp-567705,18487.0,,-0.42977359,-0.44963193
827,TiAl2,tI24,I41/amd,mp-567705,18487.0,,-0.42977359,-0.44963193
828,TiAl,tP2,P4/mmm,mp-1953,18721.0,,-0.40280557,-0.43603073
829,TiAl,tP2,P4/mmm,mp-1953,18721.0,,-0.40280557,-0.43603073
830,Al0.23Ni0.02Ti0.75,hP8,P63/mmc,,,,,
831,Al0.27Ni0.02Ti0.71,hP8,P63/mmc,,,,,
832,Al0.37Ni0.02Ti0.61,hP8,P63/mmc,,,,,
833,Ni3Sn2,hP6,P63/mmc,,,,,
834,Ni3Sn2,oP20,Pnma,mp-669720,17811.0,,-0.25487862,-0.31329683
835,Ni3Sn,hP8,P63/mmc,mp-20112,17810.0,,-0.19098214,-0.22263402
836,Ni3Sn2,hP6,P63/mmc,,,,,
837,Ni3Sn,hP8,P63/mmc,mp-20112,17810.0,,-0.19098214,-0.22263402
838,Ni3Sn4,mS14,C12/m1,mp-20174,17812.0,,-0.22376278,-0.28860227
839,Sc5Sn3,hP16,P63/mcm,mp-17695,31054.0,-0.7276,-0.68496888,-0.71993662
840,Sn9Ti11,oI44,Immm,,,-0.4498,,
841,V3Sn,cP8,Pm-3n,mp-21342,18133.0,-0.2249,-0.06768964,-0.07946155
842,Y5Sn3,hP16,P63/mcm,mp-567412,31089.0,-0.7545,-0.76823437,-0.80510922
843,Zr5Sn3,hP16,P63/mcm,mp-510522,94311.0,-0.7379,-0.56603354,-0.5993576999999999
844,Nb3Sn,cP8,Pm-3n,mp-1326,17754.0,-0.1575,-0.14884203,-0.19526682
845,Sn7Ru3,cI40,Im-3m,mp-22344,647455.0,-0.1938,-0.20901573,-0.27008554
846,Sn2Rh,tI12,I4/mcm,mp-565,18060.0,-0.4363,-0.39452096,-0.46589572
847,SnPd3,cP4,Pm-3m,mp-718,17954.0,-0.5991,-0.52282047,-0.53933084
848,Hf5Sn3,hP16,P63/mcm,mp-21104,17391.0,-0.5099,-0.37901034,-0.41516328
849,Ir5Sn7,tI24,I4mm,mp-20466,13860.0,-0.1555,-0.25279987,-0.31193171
850,Sn2Ir,cF12,Fm-3m,mp-2083,19398.0,-0.1337,-0.28526758,-0.351585
851,SnPt,hP4,P63/mmc,mp-19856,7829.0,-0.6094,-0.58626824,-0.62787003
852,Pr5Sn3,tI32,I4/mcm,mp-570696,92492.0,-0.7804,-0.67825908,-0.7158068000000001
853,Nd5Sn3,hP16,P63/mcm,mp-510503,647405.0,-0.768,-0.69045193,-0.72797909
854,Sm5Sn3,hP16,P63/mcm,,31076.0,-0.8074,,-0.74505748
855,Gd5Sn3,hP16,P63/mcm,,30420.0,-0.8136,,-0.75843331
856,Tb5Sn3,hP16,P63/mcm,,31084.0,-0.7576,,-0.34830875
857,Dy5Sn3,hP16,P63/mcm,mp-30623,31219.0,-0.7784,-0.72459532,-0.75720558
858,Ho5Sn3,hP16,P63/mcm,mp-30735,17478.0,-0.7618,-0.71602343,-0.75273452
859,Er5Sn3,hP16,P63/mcm,mp-31385,647468.0,-0.7493,-0.70634021,-0.74499058
860,Tm5Sn3,hP16,P63/mcm,,31088.0,-0.7545,,-0.73109966
861,Lu5Sn3,hP16,P63/mcm,,30711.0,-0.7784,,-0.70397538
862,Lu5Sn3,hP16,P63/mcm,,30711.0,-0.7628,,-0.70397538
863,Sc5Ge3,hP16,P63/mcm,mp-17190,647319.0,-0.968,-0.84441926,-0.84486917
864,Cr5Ge3,tI32,I4/mcm,mp-568324,13726.0,-0.1627,0.01164082,0.01146355
865,Y5Ge3,hP16,P63/mcm,mp-17751,10313.0,-0.9307,-0.83198247,-0.83402587
866,Zr5Ge3,hP16,P63/mcm,mp-17706,13725.0,-0.8405,-0.79858593,-0.79984176
867,Nb5Ge3,tI32,I4/mcm,mp-16842,655868.0,-0.7172,-0.46914122,-0.48565297
868,Ge3Mo5,hP16,P63/mcm,,,-0.1731,,
869,GeRu,cP8,P213,,683580.0,-0.2954,,-0.27869893
870,GeRh,oP8,Pnma,mp-22239,646171.0,-0.5897,-0.55039662,-0.55538291
871,GePd,oP8,Pnma,mp-1424,13801.0,-0.4819,-0.46246676,-0.46030866
872,GePd2,hP9,P-62m,mp-423,646837.0,-0.5421,-0.54497816,-0.54239792
873,La5Ge3,hP16,P63/mcm,,8070.0,-0.7027,,-0.69572926
874,Hf3Ge2,tP10,P4/mbm,mp-976273,30438.0,-0.7732,-0.69955296,-0.69728076
875,Ta5Ge3,tI32,I4/mcm,mp-17593,48717.0,-0.4353,-0.36231627,-0.36229547
876,Ge2Os,mS12,C12/m1,mp-10032,8193.0,-0.0383,-0.08637972,-0.0823748
877,GeIr,oP8,Pnma,mp-208,646856.0,-0.3431,-0.31015357,-0.31695899
878,GeIr,oP8,Pnma,mp-208,646856.0,-0.3368,-0.31015357,-0.31695899
879,GePt,oP8,Pnma,mp-542640,2258.0,-0.4705,-0.47655987,-0.47509124
880,GePt2,hP9,P-62m,mp-20061,13687.0,-0.3845,-0.35448466,-0.3551848
881,Cu3Ge,,,,,-0.0425,,
882,Ge8La5,,,,,-0.7815,,
883,Ce5Ge3,hP16,P63/mcm,mp-510493,662552.0,-0.7607,-0.59199312,-0.65986646
884,CeGe1.6,tI12,I41/amd,,,-0.7939,,
885,Pr5Ge3,hP16,P63/mcm,mp-17124,20668.0,-0.7296,-0.68400837,-0.68533545
886,Ge1.6Pr,tI12,I41/amd,,,-0.8468,,
887,Nd5Ge3,hP16,P63/mcm,mp-1464,647275.0,-0.7473,-0.70498837,-0.70618325
888,Ge8Nd5,tI12,I41/amd,,,-0.8312,,
889,Gd5Ge3,hP16,P63/mcm,,8025.0,-0.8499,,-0.77906924
890,Sm5Ge3,hP16,P63/mcm,,30497.0,-0.9411,,-0.74262386
891,Tb5Ge3,hP16,P63/mcm,mp-2610,10064.0,-0.8468,-0.79227955,-0.37857456
892,Dy5Ge3,hP16,P63/mcm,,29859.0,-0.9577,,-0.79716707
893,Ho5Ge3,hP16,P63/mcm,,30444.0,-0.9514,,-0.8021457
894,Er5Ge3,hP16,P63/mcm,mp-11854,18316.0,-0.9908,-0.80121533,-0.80431566
895,Tm5Ge3,hP16,P63/mcm,,30501.0,-0.9463,,-0.80150275
896,Lu5Ge3,hP16,P63/mcm,,30459.0,-0.9649,,-0.79262795
897,NdIr2,cF24,Fd-3m,mp-890,17503.0,-0.7006,-0.69447488,-0.69973281
898,YAl3,hP8,P63/mmc,mp-865527,,-0.4809,-0.43663624,
899,YAl2,cF24,Fd-3m,mp-2322,10612.0,-0.5545,-0.5314414000000001,-0.53390158
900,Y3Al2,tP20,P42/mnm,mp-16723,,-0.4861,-0.35436314,
901,Al4NiY,oS24,Cmcm,,,-0.625,,
902,Sc2Al,hP6,P63/mmc,mp-11220,10540.0,-0.3835,-0.34999804,-0.35194899999999996
903,AlSc,,,,,-0.4768,,
904,ScAl2,cF24,Fd-3m,mp-813,10541.0,-0.4975,-0.48538706,-0.48600004
905,ScAl3,cP4,Pm-3m,mp-2121,18716.0,-0.4508,-0.45116262,-0.45477582
906,AlLa,oS16,Cmcm,mp-12684,647422.0,-0.4768,-0.41285323,-0.41003104
907,LaAl2,cF24,Fd-3m,mp-2694,10483.0,-0.5234,-0.49784908,-0.49709903
908,LaAl3,hP8,P63/mmc,mp-959,10484.0,-0.456,-0.44680690000000006,-0.44815358
909,Al7La2,oI28,Immm,,,-0.4249,,
910,YbAl2,cF24,Fd-3m,mp-969,10617.0,-0.4094,-0.34637732,-0.35140065
911,YbAl3,cP4,Pm-3m,mp-1259,10618.0,-0.3368,-0.17169078,-0.17298079
912,AlSm2,oP12,Pnma,,,-0.3938,,
913,SmAl,oP16,Pbcm,mp-978951,658970.0,-0.5078,-0.39960339,-0.40410721
914,SmAl2,cF24,Fd-3m,mp-2358,10582.0,-0.57,-0.50959215,-0.51399839
915,SmAl3,hP8,P63/mmc,mp-867870,,-0.4975,-0.44082113,
916,ErAl2,cF24,Fd-3m,mp-1208,10452.0,-0.5089,-0.50800421,-0.51084323
917,Al7Ce2,oI28,Immm,,,-0.4094,,
918,CeAl2,cF24,Fd-3m,mp-2088,10402.0,-0.5068,-0.45683008,-0.47386387
919,Ce3Al,hP8,P63/mmc,mp-21393,18919.0,-0.17,-0.15424701,-0.16062138
920,GdAl2,cF24,Fd-3m,mp-19923,10468.0,-0.5327,-0.52226962,-0.52271679
921,AlGd,oS16,Cmcm,,,-0.4084,,
922,AlGd2,oP12,Pnma,,,-0.3596,,
923,CoLaNi4,,P6/mmm,,,-0.2529,,
924,Co2LaNi3,,P6/mmm,,,-0.172,,
925,Co0.42La0.16Ni0.42,,P6/mmm,,,-0.1244,,
926,Co3LaNi2,,P6/mmm,,,-0.115,,
927,Co0.58La0.17Ni0.25,,P6/mmm,,,-0.0881,,
928,Co17Dy2,hR57,R-3m,,,-0.0902,,
929,Co3Dy,hR54,R-3m,,,-0.1378,,
930,Co2Dy,cF24,Fd-3m,mp-2628,20722.0,-0.1803,-0.20161828,-0.21227463
931,Co3Dy5,hR36,R-3m,,,-0.1441,,
932,ErCo3,hR36,R-3m,mp-411,113163.0,-0.1565,-0.20561058,-0.21463602
933,Co2Er,cF24,Fd-3m,,,-0.1948,,
934,CoEr3,hR36,R-3m,,,-0.0725,,
935,Co17Gd2,hP38,P63/mmc,,,-0.0466,,
936,Co5Gd,hP38,P63/mmc,,,-0.086,,
937,GdCo2,cF24,Fd-3m,mp-542633,31242.0,-0.1213,-0.16629482,-0.16700065
938,Co7Gd12,mP38,P121/c1,,,-0.0653,,
939,DyNi5,hP6,P6/mmm,mp-1179,,-0.2601,-0.33433602,
940,DyNi2,cF24,Fd-3m,mp-421,19331.0,-0.3379,-0.45253956,-0.45261573
941,DyNi,oP8,Pnma,mp-2738,89117.0,-0.3462,-0.45827261,-0.46149673
942,Dy3Ni,oP16,Pnma,,29890.0,-0.2301,,-0.24881051
943,ErNi9,hP38,P63/mmc,,,-0.1337,,
944,ErNi5,hP6,P6/mmm,,,-0.2094,,
945,ErNi2,cF24,Fd-3m,,,-0.3244,,
946,ErNi,oP8,Pnma,mp-567314,30015.0,-0.3171,-0.48549384,-0.49334426
947,Er3Ni,oP16,Pnma,,,-0.1772,,
948,GdNi5,hP6,P6/mmm,,,-0.2394,,
949,GdNi2,cF24,Fd-3m,mp-543019,18494.0,-0.3317,-0.40707405,-0.41479822
950,GdNi,oS8,Cmcm,mp-542632,31223.0,-0.2674,-0.39817732,-0.42645779999999994
951,Gd3Ni,oP16,Pnma,,,-0.1441,,
952,TaAlNi2,cF16,Fm-3m,mp-5921,10523.0,-0.4011,-0.46326458,-0.4683723
953,AlNi2V,cP2,Pm-3m,,,-0.4115,,
954,ZrAlNi2,cF16,Fm-3m,mp-3944,10534.0,-0.5203,-0.59657081,-0.6063670999999999
955,FeGaNi2,cP2,Pm-3m,,,-0.257,,
956,GaHfNi2,cF16,Fm-3m,mp-3498,30279.0,-0.7182,-0.55812311,-0.56785364
957,NbGaNi2,cF16,Fm-3m,mp-3539,30304.0,-0.3721,-0.33300579,-0.34667213
958,HfInNi2,cF16,Fm-3m,mp-640024,647474.0,-0.3596,-0.39977053,-0.43095053
959,MnNi2Sn,cF16,Fm-3m,mp-20440,647910.0,-0.3078,-0.17266856,-0.20790812
960,Co2FeAl,cP2,Pm-3m,,,-0.1524,,
961,Ce2Fe17,,,,,-0.0166,,
962,Nd2Fe17,hR19,R-3m,mp-1510,18663.0,-0.0311,0.03668239,0.04087623
963,Sm2Fe17,hR19,R-3m,mp-1426,18642.0,-0.0321,0.01621323,0.02019311
964,Fe2Gd,cF24,Fd-3m,mp-20089,18836.0,-0.0187,-0.07146536,-0.03296878
965,HoFe2,cF24,Fd-3m,mp-1926,31298.0,-0.0269,-0.10130516,-0.09891662
966,ErFe2,cF24,Fd-3m,mp-474,20826.0,-0.0197,-0.12142022,-0.11960373
967,TmFe2,cF24,Fd-3m,mp-571183,17236.0,-0.0228,-0.14341286,-0.13997887
968,Fe2Lu,cF24,Fd-3m,mp-2463,30221.0,-0.0373,-0.17493036,-0.17014908
969,TbDy2Fe6,,,,,-0.141,,
970,Fe5Ga,cI2,Im-3m,,,-0.1078,,
971,TiFe2,hP12,P63/mmc,mp-2454,18688.0,-0.2819,-0.28543016,-0.29783282
972,TiFe,cP2,Pm-3m,mp-305,19423.0,-0.2332,-0.41788011,-0.44919251
973,FeNiTi2,,,,,-0.3545,,
974,LaMg,cP2,Pm-3m,mp-1104,104100.0,-0.21100000000000002,-0.12607536,-0.1153915
975,Co2FeAl,cP2,Pm-3m,,,-0.2332,,
976,GaFeCo2,cF16,Fm-3m,mp-30551,17097.0,-0.2674,-0.22535881,-0.23947064
977,FeCo2Si,cF16,Fm-3m,mp-5436,647048.0,-0.39799999999999996,-0.3497696,-0.36174807
978,FeCo2Ge,cF16,Fm-3m,mp-22300,29249.0,-0.1202,-0.15857999,-0.17199427
979,MnCo2Si,cF16,Fm-3m,mp-4492,647071.0,-0.4394,-0.4354005,-0.44920504
980,MnCo2Ge,cF16,Fm-3m,mp-19850,647056.0,-0.3275,-0.24303171,-0.25696368
981,MnCo2Sn,cF16,Fm-3m,mp-20840,29396.0,-0.1617,-0.10441762,-0.13898515
982,TiAlCo2,cF16,Fm-3m,mp-5407,27707.0,-0.57,-0.61306221,-0.63709835
983,TiGaCo2,cF16,Fm-3m,mp-20145,29293.0,-0.5617,-0.51703112,-0.54134649
984,TiCo2Si,cF16,Fm-3m,mp-3657,647094.0,-0.6364,-0.65953515,-0.68559285
985,TiCo2Ge,cF16,Fm-3m,mp-4612,647063.0,-0.6146,-0.49619322,-0.52142632
986,TiCo2Sn,cF16,Fm-3m,mp-21467,18296.0,-0.39799999999999996,-0.36833086,-0.37173531
987,VGaCo2,cF16,Fm-3m,mp-22790,29296.0,-0.2943,-0.302636,-0.30455297
988,MnAlCu2,cF16,Fm-3m,mp-3574,10435.0,-0.2747,-0.12779898,-0.12939585
989,Cu2NiSn,cF16,Fm-3m,mp-4367,19462.0,-0.1803,0.04125642,0.00643917
990,Fe2CoAl,cP2,Pm-3m,,,-0.2425,,
991,Fe2CoGa,cF16,F-43m,,,-0.1461,,
992,Fe2CoSi,cF16,F-43m,,,-0.4695,,
993,Fe2CoGe,cF16,F-43m,,,-0.0922,,
994,MnFe2Si,cF16,Fm-3m,mp-5529,31335.0,-0.2653,-0.32760082,-0.3390292
995,Fe2NiGa,cP2,Pm-3m,,,-0.1513,,
996,Mn2CoSn,cF16,Fm-3m,,472691.0,-0.2259,,0.11432415
997,Mn2GaCo,cF16,Fm-3m,,472554.0,-0.1202,,-0.08439467
998,Mn2AlV,cF16,Fm-3m,mp-10895,22373.0,-0.2871,-0.31383058,-0.30950568
999,MnInNi2,cF16,Fm-3m,mp-22731,646824.0,-0.2239,-0.09505111,-0.10712478
1000,Ni2CuSn,cF16,F-43m,,,-0.1296,,
1001,MnInCu2,cF16,Fm-3m,mp-22673,29699.0,-0.1948,0.06969568,0.06588514
1002,Cu0.55Ni0.20Sn0.25,cF16,Fm-3m,,,-0.1762,,
1003,Cu0.6Ni0.15Sn0.25,cF16,Fm-3m,,,-0.1337,,
1004,CoFe2Si,cF16,F-43m,,,-0.3876,,
1005,CuFe2Ga,cF16,F-43m,,,-0.1182,,
1006,MnGaFe2,cF16,Fm-3m,mp-1018046,525371.0,-0.057999999999999996,-0.06796609,-0.07357737
1007,Fe2GaNi,cP2,Pm-3m,,,-0.1513,,
1008,Fe2NiSi,cP2,Pm-3m,,,-0.2767,,
1009,Fe2GaV,cP2,Pm-3m,,,-0.3109,,
1010,Mn2GaCo,cF16,F-43m,mp-20160,20349.0,-0.1182,-0.00660202,-0.17154466
1011,Mn2NiSn,cF16,F-43m,,676576.0,-0.2166,,0.04352649
1012,Mn2VGa,cF16,Fm-3m,mp-21235,17257.0,-0.2218,-0.22451226,-0.22432807
1013,Au4In3Sn3,hP10,P63/mmc,,,-0.2176,,
1014,SnAu,hP4,P63/mmc,mp-1775,10120.0,-0.1596,-0.1827522,-0.22961262
1015,Sn2Au,oP24,Pbca,mp-1462,10801.0,-0.1472,-0.12815058,-0.19073514
1016,Sn4Au,oS20,Ccce,mp-1393,19456.0,-0.0819,-0.0691933,-0.14436161
1017,SnAu5,hR18,R32,mp-30418,10803.0,-0.0601,-0.04715316,-0.06419591
1018,Au5Sn,hP2,P63/mmc,,,-0.0135,,
1019,Fe3Pt,cP4,Pm-3m,mp-1649,30238.0,-0.0964,-0.08104349,-0.08061884
1020,FePt,tP2,P4/mmm,mp-2260,110129.0,,-0.23952203,-0.24057406
1021,FePt3,cP4,Pm-3m,mp-649,7825.0,,0.08097756,-0.20058362
1022,AlNd2,oP12,Pnma,,,-1.0733,,
1023,Li2Ca,hP12,P63/mmc,mp-570466,,,-0.01687109,
1024,Li2Ca,hP12,P63/mmc,mp-570466,,,-0.01687109,
1025,B3Li,tP20,P4/mbm,,689212.0,-0.4519,,-0.23996133
1026,B14Li3,tI160,I-42d,,,-0.3441,,
1027,B13Li,hR357,R-3m,,,-0.1461,,
1028,Al2Fe,aP18,P1,,,-0.2881,,
1029,Al5Fe2,oS24,Cmcm,,,-0.3161,,
1030,Li13Si4,oP34,Pbam,mp-672287,31357.0,-0.3151,-0.24844258,-0.25311439
1031,Li7Si3,hR21,R-3m,,,-0.3047,,
1032,Li12Si7,oP152,Pnma,mp-1314,7559.0,-0.2653,-0.24244816,-0.23955457
1033,Li22Si5,cF416,F-43m,mp-542598,,-0.2529,-0.1959975,
1034,AlNi,cP2,Pm-3m,mp-1487,94913.0,-0.6871,-0.65864811,-0.66944636
1035,AlNi3,cP4,Pm-3m,mp-2593,17890.0,-0.4198,-0.43251692,-0.43864812
1036,TiAl2Ni,cF116,Fm-3m,,509949.0,-0.4218,,-0.33701128
1037,AlNiTi,hP12,P63/mmc,,,-0.5897,,
1038,AlNiTi,hP12,P63/mmc,,,,,
1039,TiAlNi2,cF16,Fm-3m,mp-7187,21081.0,-0.7473,-0.62052541,-0.64117697
1040,ZrMn2,,,,,-0.256,,
1041,ZrMo2,cF24,Fd-3m,mp-2049,17718.0,-0.0601,-0.12738089,-0.13765654
1042,Os4Zr11,cF120,Fm-3m,,,-0.0922,,
1043,HfCr2,,,,,-0.0497,,
1044,HfMn2,hP12,P63/mmc,mp-11449,17364.0,-0.2104,-0.26402934,-0.25512470000000004
1045,HfMo2,cF24,Fd-3m,mp-2363,17365.0,-0.0663,-0.16067013,-0.1700668
1046,NbRh3,,,,,-0.2239,,
1047,TaRh3,cP4,Pm-3m,mp-1020,18066.0,-0.1451,-0.61434864,-0.61292525
1048,Mn2Nb,hP12,P63/mmc,mp-12659,19107.0,-0.1078,-0.13790279,-0.14415719
1049,MoRh,oP4,Pmma,mp-12595,18874.0,-0.0497,-0.1906269,-0.19700494
1050,MnPd,cP2,Pm-3m,mp-1902,90200.0,-0.4685,-0.18880831,-0.19334822
1051,MoPd2,oI6,Immm,,,-0.0954,,
1052,TaMn2,hP12,P63/mmc,mp-12678,19153.0,-0.1503,-0.22563882,-0.22469722
1053,IrMn3,cP4,Pm-3m,,,-0.1368,,
1054,CrPt3,cP4,Pm-3m,mp-2515,29575.0,-0.0912,-0.25815540000000003,-0.25473662
1055,MnPt,tP2,P4/mmm,mp-1670,668583.0,-0.5555,-0.35329579,-0.35251563
1056,MoPt,oP4,Pmma,mp-999502,,-0.1855,-0.31842792,
1057,TaPt3,mP16,P121/m1,mp-567638,,-0.2187,-0.72230996,
1058,YMn2,cF24,Fd-3m,mp-558,,-0.028999999999999998,0.16239360000000003,
1059,CoCr,tP30,P42/mnm,,,-0.0031,,
1060,CuMn,cF4,Fm-3m,,,-0.0383,,
1061,Cu3Sn,oS80,Cmcm,,,-0.1078,,
1062,TbFe2,,,,,-0.057,,
1063,DyFe2,cF24,Fd-3m,mp-1757,29839.0,-0.0166,-0.08229063,-0.07837486
1064,Tb2Fe17,,,,,-0.0218,,
1065,Dy2Fe17,,,,,-0.0549,,
1066,FePd3,cP4,Pm-3m,mp-21845,30235.0,-0.1658,-0.11839909,-0.10785679
1067,FePt,tP2,P4/mmm,mp-2260,110129.0,-0.2384,-0.23952203,-0.24057406
1068,FePt3,cP4,Pm-3m,mp-649,7825.0,-0.2145,0.08097756,-0.20058362
1069,MnNi,tP2,P4/mmm,mp-1797,17670.0,-0.2581,-0.03866552,-0.01265056
1070,TiNi,cP2,Pm-3m,mp-571,116608.0,-0.3389,-0.34371282,-0.37801940000000006
1071,TiPd,,,,,-0.625,,
1072,CeCo5,hP6,P6/mmm,mp-764,,-0.0974,-0.10506817,
1073,Ce2Co17,,,,,-0.0705,,
1074,PrCo5,hP6,P6/mmm,mp-2837,31347.0,-0.1088,-0.00869899,0.10190198
1075,Pr2Co17,hR19,R-3m,,29447.0,-0.0705,,-0.05120681
1076,NdCo5,hP6,P6/mmm,mp-569,18557.0,-0.1316,-0.02884124,0.07583558
1077,Nd2Co17,hR19,R-3m,mp-356,29416.0,-0.0684,-0.04709472,0.12501809
1078,SmCo5,hP6,P6/mmm,mp-1429,,-0.1264,-0.05964595,
1079,Sm2Co17,,,,,-0.0746,,
1080,Co5Gd,hP6,P6/mmm,,18800.0,-0.1036,,0.01275074
1081,TbCo5,hP6,P6/mmm,mp-1200,31309.0,-0.1524,-0.09841932,0.11207467
1082,Tb2Co17,,,,,-0.0798,,
1083,Co17Dy2,,,,,-0.084,,
1084,HoCo3,hR12,R-3m,mp-30558,31229.0,-0.1814,-0.18762872,-0.20234444
1085,Co3Er,hR12,R-3m,mp-411,113163.0,-0.2042,-0.20561058,-0.21463602
1086,TmCo3,hR12,R-3m,,29523.0,-0.2373,,-0.2299119
1087,Co3Lu,hR12,R-3m,,29389.0,-0.2384,,-0.24771716
1088,HfAlAu2,cF16,Fm-3m,mp-10872,10385.0,-0.626,-0.50109168,-0.50464884
1089,Fe2RuSi,cF16,Fm-3m,,526506.0,-0.3109,,-0.05831597
1090,Fe2RuGe,cF16,F-43m,,,-0.1669,,
1091,Pd2CuAl,tP2,P4/mmm,,,-0.5721,,
1092,HfAlPd2,cF16,Fm-3m,mp-16501,10474.0,-0.8457,-0.8315606,-0.82956983
1093,Pd2HfGa,cF16,Fm-3m,,468834.0,-0.8281,,-0.74053448
1094,Pd2HfIn,cF16,Fm-3m,mp-864734,467796.0,-0.7918,-0.69834147,-0.69394758
1095,HfSnPd2,cF16,Fm-3m,,463005.0,-0.8043,,-0.72693835
1096,Pd2MnAl,cP2,Pm-3m,,,-0.9027,,
1097,Pd2MnGa,cP2,Pm-3m,,,-0.5649,,
1098,Pd2MnIn,cP2,Pm-3m,,,-0.4249,,
1099,MnSnPd2,cF16,Fm-3m,mp-20481,30746.0,-0.5659,-0.4152267,-0.43623346
1100,Pd2TiAl,cP2,Pm-3m,,,-0.8436,,
1101,TiGaPd2,cF16,Fm-3m,mp-866140,463385.0,-0.6799,-0.66035607,-0.66685186
1102,TiInPd2,cF16,Fm-3m,mp-866168,463323.0,-0.4249,-0.5749228,-0.58036463
1103,TiSnPd2,cF16,Fm-3m,mp-865679,464113.0,-0.8146,-0.6071031,-0.63046599
1104,ZrAlPd2,cF16,Fm-3m,mp-541047,10557.0,-0.8841,-0.80610144,-0.80304897
1105,ZrGaPd2,cF16,Fm-3m,mp-972183,463371.0,-0.7898,-0.7250791999999999,-0.7232613
1106,ZrInPd2,cF16,Fm-3m,mp-977475,463998.0,-0.882,-0.70439622,-0.69578426
1107,ZrSnPd2,cF16,Fm-3m,mp-977568,463248.0,-0.9556,-0.73463303,-0.75081076
1108,Pt2MnGa,,,,,-0.5814,,
1109,Ru2FeAl,cP2,Pm-3m,,,-0.2767,,
1110,Ru2FeSi,cP2,Pm-3m,,,-0.2954,,
1111,Ru2FeGe,cF16,Fm-3m,mp-865191,503820.0,-0.2042,-0.15887265,-0.15820987
1112,Ru2HfAl,cP2,Pm-3m,,,-0.7338,,
1113,HfSnRu2,cF16,Fm-3m,mp-866219,502278.0,-0.2581,-0.64140667,-0.65579414
1114,Ru2MnAl,cP2,Pm-3m,,,-0.3348,,
1115,MnGaRu2,cF16,Fm-3m,mp-865140,502362.0,-0.2622,-0.25646363,-0.25392933
1116,MnSiRu2,cF16,Fm-3m,mp-864966,502597.0,-0.4768,-0.46129678,-0.46449838
1117,MnGeRu2,cF16,Fm-3m,mp-864936,503606.0,-0.3078,-0.26656891,-0.26434723
1118,MnSnRu2,cF16,Fm-3m,mp-864971,503527.0,-0.2114,-0.11616176,-0.13254978
1119,Ru2TiAl,cP2,Pm-3m,,,-0.6498,,
1120,TiSiRu2,cF16,Fm-3m,mp-865681,502620.0,-0.9836,-0.89107675,-0.9041485
1121,TiGeRu2,cF16,Fm-3m,mp-865640,503536.0,-0.8198,-0.69907969,-0.71557854
1122,TiSnRu2,cF16,Fm-3m,mp-865888,503388.0,-0.6281,-0.58413435,-0.6117019
1123,Ru2VAl,cP2,Pm-3m,,,-0.3203,,
1124,VSiRu2,cF16,Fm-3m,mp-865507,502753.0,-0.5794,-0.56948287,-0.56545621
1125,VGeRu2,cF16,Fm-3m,mp-865585,503010.0,-0.3327,-0.35868372,-0.33464862
1126,VSnRu2,cF16,Fm-3m,,504149.0,-0.2187,,-0.190743
1127,Ru2ZrAl,cP2,Pm-3m,,,-0.6685,,
1128,Sc5Pb3,hP16,P63/mcm,mp-510209,,-0.6353,-0.47463249,
1129,PbTi4,hP8,P63/mmc,,,-0.172,,
1130,Y5Pb3,hP16,P63/mcm,,30931.0,-0.6716,,-0.59163632
1131,Zr5Pb3,hP16,P63/mcm,mp-681992,,-0.5244,-0.14045965,
1132,Nb3Pb,cP8,Pm-3n,mp-22068,17740.0,-0.1078,0.13181374,0.11097907
1133,RhPb,hP6,P6/mmm,mp-442,,-0.171,-0.09252528,
1134,Pd3Pb,cP4,Pm-3m,mp-20849,7834.0,-0.3068,-0.30894702,-0.29965135
1135,PtPb,hP4,P63/mmc,mp-21380,669812.0,-0.3596,0.02424395,0.07791212
1136,CuSnRh2,cF16,Fm-3m,mp-30595,17162.0,-0.3016,-0.35656496,-0.38480311
1137,Rh2FeAl,cP2,Pm-3m,,,-0.5027,,
1138,Rh2FeGa,cP2,Pm-3m,,,-0.3223,,
1139,FeSnRh2,tI8,I4/mmm,mp-1018062,,-0.2995,-0.30551500000000004,
1140,Rh2MnAl,cP2,Pm-3m,,,-0.7504,,
1141,Rh2MnGa,cP2,Pm-3m,,,-0.5731,,
1142,Rh2MnIn,cP2,Pm-3m,,,-0.3659,,
1143,MnGeRh2,cF16,Fm-3m,mp-4664,647271.0,-0.57,-0.44292375,-0.44947884
1144,MnSnRh2,cF16,Fm-3m,mp-4990,17688.0,-0.4156,-0.44010532,-0.46709352
1145,Rh2TiAl,cP2,Pm-3m,,,-1.0116,,
1146,Rh2TiGa,cP2,Pm-3m,,,-0.8188,,
1147,Rh2TiSn,tI8,I4/mmm,,,-0.7742,,
1148,VSnRh2,tI8,I4/mmm,mp-669918,18063.0,-0.4643,-0.41636787,-0.43863856
1149,VGaNi2,cF16,Fm-3m,mp-30658,17275.0,-0.2228,-0.28814787,-0.28700053
1150,VNi2Sn,cF16,Fm-3m,mp-20864,17820.0,-0.2508,-0.1140145,-0.14172739999999998
1151,VFe2Sn,cF16,Fm-3m,mp-636359,17233.0,-0.0383,0.04401775,-0.01862392
1152,Fe2VAl,cP2,Pm-3m,,,-0.2487,,
1153,Fe2NiAl,cP2,Pm-3m,,,-0.3203,,
1154,Fe2CuAl,cP2,Pm-3m,,,-0.2425,,
1155,Fe2MnAl,cP2,Pm-3m,,,-0.0943,,
1156,Mn2RuSi,,,,,-0.3835,,
1157,Mn2SnRu,cF16,F-43m,mp-999557,,-0.1803,0.07886879,
1158,Mn0.2Ni0.55Sn0.25,cF16,Fm-3m,,,-0.2757,,
1159,Mn0.30Ni0.45Sn0.25,cF16,Fm-3m,,,-0.285,,
1160,Mn0.35Ni0.4Sn0.25,cF16,Fm-3m,,,-0.2757,,
1161,Mn3Ni5Sn2,cF16,Fm-3m,,,-0.2176,,
1162,Mn0.35Ni0.5Sn0.15,cF16,Fm-3m,,,-0.2083,,
1163,TiGaNi2,cF16,Fm-3m,mp-30657,17273.0,-0.4405,-0.53975432,-0.56136537
1164,TiInNi2,cF16,Fm-3m,mp-22463,55528.0,-0.2954,-0.34461536,-0.36462902
1165,TiNi2Sn,cF16,Fm-3m,mp-3740,17816.0,-0.485,-0.43329163,-0.47901202
1166,MnAlIr2,cF16,Fm-3m,mp-864950,458527.0,-0.6716,-0.57404936,-0.5817824
1167,MnGaIr2,cF16,Fm-3m,mp-865088,457980.0,-0.2218,-0.33127356,-0.34589253
1168,InMnPt2,,,,,-0.484,,
1169,CuInRh2,cP2,Pm-3m,,,-0.2322,,
1170,MnSnAu,cF12,F-43m,mp-22027,647441.0,-0.5016,-0.0448774,-0.07865257
1171,TiCoSn,cF12,F-43m,mp-20453,860363.0,-0.4415,0.31134766,-0.37599542
1172,MnGaIr,cF12,F-43m,,684862.0,-0.4239,,0.06719219
1173,MnSnIr,cF12,F-43m,mp-11480,17497.0,-0.3047,0.29446035,0.2571392
1174,ZrSnIr,hP18,P-62c,mp-607139,24958.0,-0.9235,-0.73836035,-0.77341546
1175,HfNiSn,cF12,F-43m,mp-924128,667584.0,-0.6488,-0.63230214,0.13071924
1176,TiNiSn,cF12,F-43m,mp-924130,115027.0,-0.5452,-0.52801859,-0.58058168
1177,ZrNiSn,cF12,F-43m,mp-924129,676556.0,-0.7214,-0.68398515,-0.71904526
1178,HfSnPd,cF12,F-43m,mp-11869,18376.0,-0.7089,-0.72360596,-0.7517316999999999
1179,PdSnZr,cP2,Pm-3m,,,-0.8975,,
1180,HfSnPt,cF12,F-43m,mp-20889,566182.0,-1.024,-0.27783584,-1.01509825
1181,MnGaPt,hP6,P63/mmc,mp-569151,17256.0,-0.6084,-0.45781977,-0.45820489999999997
1182,MnSnPt,cF12,F-43m,mp-21418,17683.0,-0.5783,-0.33896264,-0.36926039
1183,TiSnPt,cF12,F-43m,mp-30847,18005.0,-0.9701,-0.83028347,-0.87088914
1184,ZrSnPt,cF12,F-43m,mp-961713,566429.0,-1.0872,-1.02254305,-1.05425069
1185,Co0.25Ni1.75MnSn,cF16,Fm-3m,,,-0.1969,,
1186,Co0.125Mn0.25Ni0.375Sn0.25,cF16,Fm-3m,,,-0.1855,,
1187,Co0.75Ni1.25MnSn,cF16,Fm-3m,,,-0.2259,,
1188,CoNiMnSn,cF16,Fm-3m,,,-0.2094,,
1189,Co1.25Ni0.25MnSn,cF16,Fm-3m,,,-0.2197,,
1190,Co0.375Mn0.25Ni0.125Sn0.25,cF16,Fm-3m,,,-0.2384,,
1191,Co1.75Ni0.25MnSn,cF16,Fm-3m,,,-0.2581,,
1192,Ni2Mn0.25Ti0.75Sn,cF16,Fm-3m,,,-0.4353,,
1193,Ni2Mn0.5Ti0.5Sn,cF16,Fm-3m,,,-0.3451,,
1194,Ni2Mn0.75Ti0.25Sn,cF16,Fm-3m,,,-0.3451,,
1195,Ni0.25Pd1.75MnSn,cF16,Fm-3m,,,-0.5369,,
1196,Mn0.25Ni0.125Pd0.375Sn0.25,cF16,Fm-3m,,,-0.4871,,
1197,Mn0.25Ni0.1875Pd0.3125Sn0.25,cF16,Fm-3m,,,-0.4394,,
1198,NiPdMnSn,cF16,F-43m,,,-0.3887,,
1199,Mn0.25Ni0.3125Pd0.1875Sn0.25,cF16,Fm-3m,,,-0.3192,,
1200,Mn0.25Ni0.375Pd0.125Sn0.25,cF16,Fm-3m,,,-0.2985,,
1201,Mn0.25Ni0.4375Pd0.0625Sn0.25,cF16,Fm-3m,,,-0.2985,,
1202,In0.05Mn0.25Ni0.5Sn0.2,cF16,Fm-3m,,,-0.2353,,
1203,In0.1Mn0.25Ni0.5Sn0.15,cF16,Fm-3m,,,-0.2643,,
1204,In0.15Mn0.25Ni0.5Sn0.1,cF16,Fm-3m,,,-0.2104,,
1205,In0.2Mn0.25Ni0.5Sn0.05,cF16,F-43m,,,-0.2674,,
1206,Al0.05Mn0.25Ni0.5Sn0.2,cF16,Fm-3m,,,-0.2684,,
1207,Al0.1Mn0.25Ni0.5Sn0.15,cF16,Fm-3m,,,-0.2954,,
1208,Al0.15Mn0.25Ni0.5Sn0.1,cP2,Pm-3m,,,-0.3337,,
1209,Al0.2Mn0.25Ni0.5Sn0.05,cP2,Pm-3m,,,-0.3296,,
1210,Ni2Mn0.2V0.8Sn,cF16,Fm-3m,,,-0.284,,
1211,Ni2Mn0.4V0.6Sn,cF16,Fm-3m,,,-0.2964,,
1212,Mn0.15Ni0.5Sn0.25V0.1,cF16,Fm-3m,,,-0.3285,,
1213,Mn0.2Ni0.5Sn0.25V0.05,cF16,Fm-3m,,,-0.2415,,
1214,Fe0.25Ni1.75MnSn,cF16,Fm-3m,,,-0.2612,,
1215,Fe0.125Mn0.25Ni0.375Sn0.25,cF16,Fm-3m,,,-0.2757,,
1216,Fe0.75Ni1.25MnSn,cF16,Fm-3m,,,-0.1814,,
1217,FeNiMnSn,cF16,Fm-3m,,,-0.1057,,
1218,Cu0.25Ni1.75MnSn,cF16,Fm-3m,,,-0.2384,,
1219,Cu0.125Mn0.25Ni0.375Sn0.25,cF16,Fm-3m,,,-0.2881,,
1220,Fe0.1875Mn0.25Ni0.3125Sn0.25,cF16,Fm-3m,,,-0.2747,,
1221,CuNiMnSn,cF16,Fm-3m,,,-0.2633,,
1222,Cu0.3125Mn0.25Ni0.1875Sn0.25,cF16,Fm-3m,,,-0.2881,,
1223,Cu0.375Mn0.25Ni0.125Sn0.25,cF16,Fm-3m,,,-0.2747,,
1224,Cu1.75Ni0.25MnSn,cF16,Fm-3m,,,-0.2757,,
1225,Ge0.05Mn0.25Ni0.5Sn0.2,cF16,Fm-3m,,,-0.2218,,
1226,Ge0.1Mn0.25Ni0.5Sn0.15,cF16,Fm-3m,,,-0.2829,,
1227,Ge0.15Mn0.25Ni0.5Sn0.1,cF16,Fm-3m,,,-0.2498,,
1228,Ge0.2Mn0.25Ni0.5Sn0.05,cF16,Fm-3m,,,-0.3389,,
1229,Ni2MnSi0.2Sn0.8,cF16,Fm-3m,,,-0.2446,,
1230,Ga0.05Mn0.25Ni0.5Sn0.2,cF16,Fm-3m,,,-0.2477,,
1231,Ga0.1Mn0.25Ni0.5Sn0.15,cF16,Fm-3m,,,-0.2995,,
1232,Ga0.15Mn0.25Ni0.5Sn0.1,cF16,Fm-3m,,,-0.3078,,
1233,Ga0.2Mn0.25Ni0.5Sn0.05,cF16,Fm-3m,,,-0.2892,,
1234,Ce5Pb3,hP16,P63/mcm,,690179.0,-0.7835,,-0.5320109000000001
1235,Pr5Pb3,hP16,P63/mcm,,,-0.8001,,
1236,Nd5Pb3,hP16,P63/mcm,,30804.0,-0.7773,,-0.54425795
1237,Sm5Pb3,hP16,P63/mcm,,,-0.7929,,
1238,Gd5Pb3,hP16,P63/mcm,,30399.0,-0.7979999999999999,,-0.55242522
1239,Tb5Pb3,hP16,P63/mcm,,30923.0,-0.7379,,-0.13671797
1240,Dy5Pb3,hP16,P63/mcm,mp-569760,29904.0,-0.7887,-0.54462748,-0.54011757
1241,Ho5Pb3,hP16,P63/mcm,mp-30730,17466.0,-0.7452,-0.53146096,-0.53073424
1242,Er5Pb3,hP16,P63/mcm,,30023.0,-0.7794,,-0.5183237
1243,Tm5Pb3,hP16,P63/mcm,,30928.0,-0.7939,,-0.49914195
1244,Lu5Pb3,hP16,P63/mcm,,30697.0,-0.7752,,-0.46361792
1245,Li17Sn4,cF420,F-43m,mp-573471,22905.0,-0.4156,-0.34836755,-0.35750635
1246,AgCa3,oS36,Cmcm,,,-0.1223,,
1247,Cu2NiSn,cF16,Fm-3m,mp-4367,19462.0,-0.1461,0.04125642,0.00643917
1248,Cu0.6Ni0.15Sn0.25,cF16,Fm-3m,,,-0.1213,,
1249,Cu0.4Ni0.35Sn0.25,cF16,Fm-3m,,,-0.1679,,
1250,Cu0.3Ni0.45Sn0.25,cF16,Fm-3m,,,-0.1897,,
1251,Cu0.12Ni0.63Sn0.25,oS12,Cmcm,,,-0.2239,,
1252,Cu0.05Ni0.7Sn0.25,hP8,P63/mmc,,,-0.2415,,
1253,Cu0.3Ni0.29Sn0.41,hP6,P63/mmc,,,-0.22899999999999998,,
1254,Cu0.2Ni0.39Sn0.41,hP6,P63/mmc,,,-0.2705,,
1255,Cu0.1Ni0.49Sn0.41,hP6,P63/mmc,,,-0.2995,,
1256,Cu0.275Ni0.27Sn0.455,hP6,P63/mmc,,,-0.1886,,
1257,Cu0.375Ni0.17Sn0.455,hP6,P63/mmc,,,-0.1679,,
1258,FeGe,hP6,P6/mmm,mp-22478,647200.0,-0.1613,-0.12579344,-0.12767187
1259,FeGe2,tI12,I4/mcm,mp-21117,7790.0,-0.3823,-0.06049156,-0.06497736
1260,AlLi,cF16,Fd-3m,mp-1067,2012.0,-0.2145,-0.17935152,-0.18612320000000002
1261,AlLi,cF16,Fd-3m,mp-1067,2012.0,,-0.17935152,-0.18612320000000002
1262,Al2Li3,hR15,R-3m,mp-16506,10488.0,-0.198,-0.18145293,-0.19199537
1263,Al4Li9,mS26,C12/m1,mp-568404,,-0.1565,-0.15599208,
1264,SmMg,cP2,Pm-3m,mp-2558,90153.0,-0.1917,-0.10785642,-0.1044123
1265,SmMg2,cF24,Fd-3m,mp-529,17651.0,-0.1658,-0.09464138,-0.09422897
1266,SmMg3,cF16,Fm-3m,mp-30779,17652.0,-0.1244,-0.110229,-0.10948037
1267,Mg5Sm,cF448,F-43m,,,-0.0881,,
1268,Mg41Sm5,tI92,I4/m,,,-0.057,,
1269,Ni3Ge,cP4,Pm-3m,mp-21008,17342.0,,-0.29182240000000004,-0.29969984
1270,Ge3Ni5,hP6,P63/mmc,,,,,
1271,Ge2Ni3,hP6,P63/mmc,,,,,
1272,NiGe,oP8,Pnma,mp-1099,646855.0,,-0.30645184,-0.31421743
1273,AlNd3,hP8,P63/mmc,,,-0.3131,,
1274,NbCr2,cF24,Fd-3m,mp-548,19373.0,-0.0301,-0.03087492,-0.04063231
1275,NbFe2,hP12,P63/mmc,mp-568901,30227.0,-0.141,-0.12231512,-0.12212013
