,formula,gfa
0,Ag100,0
1,Al100,0
2,Au100,0
3,B100,0
4,Be100,0
5,Ca1Ag99,0
6,Ca1Al99,0
7,Ca1Cu99,0
8,Ca1Mg99,0
9,Ca10Ag90,0
10,Ca10Al90,1
11,Ca10Cu90,0
12,Ca10Mg90,0
13,Ca100,0
14,Ca11Ag89,0
15,Ca11Al89,1
16,Ca11Cu89,0
17,Ca11Mg89,0
18,Ca12Ag88,0
19,Ca12Al88,0
20,Ca12Cu88,0
21,Ca12Mg88,0
22,Ca13Ag87,0
23,Ca13Al87,0
24,Ca13Cu87,0
25,Ca13Mg87,0
26,Ca14Ag86,0
27,Ca14Al86,0
28,Ca14Cu86,0
29,Ca14Mg86,0
30,Ca15Ag85,0
31,Ca15Al85,0
32,Ca15Cu85,0
33,Ca15Mg85,0
34,Ca16Ag84,0
35,Ca16Al84,0
36,Ca16Cu84,0
37,Ca16Mg84,0
38,Ca17Ag83,0
39,Ca17Al83,0
40,Ca17Cu83,0
41,Ca17Mg83,0
42,Ca18Ag82,0
43,Ca18Al82,0
44,Ca18Cu82,0
45,Ca18Mg82,0
46,Ca19Ag81,0
47,Ca19Al81,0
48,Ca19Cu81,0
49,Ca19Mg81,0
50,Ca2Ag98,0
51,Ca2Al98,0
52,Ca2Cu98,0
53,Ca2Mg98,0
54,Ca20Ag80,0
55,Ca20Al80,0
56,Ca20Cu80,0
57,Ca20Mg80,0
58,Ca21Ag79,0
59,Ca21Al79,0
60,Ca21Cu79,0
61,Ca21Mg79,0
62,Ca22Ag78,0
63,Ca22Al78,0
64,Ca22Cu78,0
65,Ca22Mg78,0
66,Ca23Ag77,0
67,Ca23Al77,0
68,Ca23Cu77,0
69,Ca23Mg77,0
70,Ca24Ag76,0
71,Ca24Al76,0
72,Ca24Cu76,0
73,Ca24Mg76,0
74,Ca25Ag75,0
75,Ca25Al75,0
76,Ca25Cu75,0
77,Ca25Mg75,0
78,Ca26Ag74,0
79,Ca26Al74,0
80,Ca26Cu74,0
81,Ca26Mg74,0
82,Ca27Ag73,0
83,Ca27Al73,0
84,Ca27Cu73,0
85,Ca27Mg73,0
86,Ca28Ag72,0
87,Ca28Al72,0
88,Ca28Cu72,0
89,Ca28Mg72,0
90,Ca29Ag71,0
91,Ca29Al71,0
92,Ca29Cu71,0
93,Ca29Mg71,0
94,Ca3Ag97,0
95,Ca3Al97,0
96,Ca3Cu97,0
97,Ca3Mg97,0
98,Ca30Ag70,0
99,Ca30Al70,0
100,Ca30Cu70,0
101,Ca30Mg70,0
102,Ca31Ag69,0
103,Ca31Al69,0
104,Ca31Cu69,0
105,Ca31Mg69,0
106,Ca32Ag68,0
107,Ca32Al68,0
108,Ca32Cu68,0
109,Ca32Mg68,0
110,Ca33Ag67,0
111,Ca33Al67,0
112,Ca33Cu67,0
113,Ca33Mg67,0
114,Ca34Ag66,0
115,Ca34Al66,0
116,Ca34Cu66,0
117,Ca34Mg66,0
118,Ca35Ag65,0
119,Ca35Al65,0
120,Ca35Cu65,0
121,Ca35Mg65,0
122,Ca36Ag64,0
123,Ca36Al64,0
124,Ca36Cu64,0
125,Ca36Mg64,0
126,Ca37Ag63,0
127,Ca37Al63,0
128,Ca37Cu63,0
129,Ca37Mg63,0
130,Ca38Ag62,0
131,Ca38Al62,0
132,Ca38Cu62,0
133,Ca38Mg62,0
134,Ca39Ag61,0
135,Ca39Al61,0
136,Ca39Cu61,1
137,Ca39Mg61,0
138,Ca4Ag96,0
139,Ca4Al96,0
140,Ca4Cu96,0
141,Ca4Mg96,0
142,Ca40Ag60,0
143,Ca40Al60,0
144,Ca40Cu60,1
145,Ca40Mg60,0
146,Ca41Ag59,0
147,Ca41Al59,0
148,Ca41Cu59,1
149,Ca41Mg59,0
150,Ca42Ag58,0
151,Ca42Al58,0
152,Ca42Cu58,1
153,Ca42Mg58,0
154,Ca43Ag57,0
155,Ca43Al57,0
156,Ca43Cu57,1
157,Ca43Mg57,0
158,Ca44Ag56,0
159,Ca44Al56,0
160,Ca44Cu56,1
161,Ca44Mg56,0
162,Ca45Ag55,0
163,Ca45Al55,0
164,Ca45Cu55,1
165,Ca45Mg55,0
166,Ca46Ag54,0
167,Ca46Al54,0
168,Ca46Cu54,1
169,Ca46Mg54,0
170,Ca47Ag53,0
171,Ca47Al53,0
172,Ca47Cu53,1
173,Ca47Mg53,0
174,Ca48Ag52,0
175,Ca48Al52,0
176,Ca48Cu52,1
177,Ca48Mg52,0
178,Ca49Ag51,0
179,Ca49Al51,0
180,Ca49Cu51,1
181,Ca49Mg51,0
182,Ca5Ag95,0
183,Ca5Al95,0
184,Ca5Cu95,0
185,Ca5Mg95,0
186,Ca50Ag50,0
187,Ca50Al50,0
188,Ca50Cu50,1
189,Ca50Mg50,0
190,Ca51Ag49,0
191,Ca51Al49,0
192,Ca51Cu49,1
193,Ca51Mg49,0
194,Ca52Ag48,0
195,Ca52Al48,0
196,Ca52Cu48,1
197,Ca52Mg48,0
198,Ca53Ag47,0
199,Ca53Al47,0
200,Ca53Cu47,1
201,Ca53Mg47,0
202,Ca54Ag46,0
203,Ca54Al46,0
204,Ca54Cu46,1
205,Ca54Mg46,0
206,Ca55Ag45,0
207,Ca55Al45,1
208,Ca55Cu45,1
209,Ca55Mg45,0
210,Ca56Ag44,0
211,Ca56Al44,1
212,Ca56Cu44,1
213,Ca56Mg44,0
214,Ca57Ag43,0
215,Ca57Al43,1
216,Ca57Cu43,1
217,Ca57Mg43,0
218,Ca58Ag42,0
219,Ca58Al42,1
220,Ca58Cu42,1
221,Ca58Mg42,0
222,Ca59Ag41,1
223,Ca59Al41,1
224,Ca59Cu41,1
225,Ca59Mg41,1
226,Ca6Ag94,0
227,Ca6Al94,0
228,Ca6Cu94,0
229,Ca6Mg94,0
230,Ca60Ag40,1
231,Ca60Al40,1
232,Ca60Cu40,1
233,Ca60Mg40,1
234,Ca61Ag39,1
235,Ca61Al39,1
236,Ca61Cu39,1
237,Ca61Mg39,1
238,Ca62Ag38,1
239,Ca62Al38,1
240,Ca62Cu38,1
241,Ca62Mg38,1
242,Ca63Ag37,1
243,Ca63Al37,1
244,Ca63Cu37,1
245,Ca63Mg37,1
246,Ca64Ag36,1
247,Ca64Al36,1
248,Ca64Cu36,1
249,Ca64Mg36,1
250,Ca65Ag35,1
251,Ca65Al35,1
252,Ca65Cu35,1
253,Ca65Mg35,1
254,Ca66Ag34,1
255,Ca66Al34,1
256,Ca66Cu34,1
257,Ca66Mg34,1
258,Ca67Ag33,1
259,Ca67Al33,1
260,Ca67Cu33,1
261,Ca67Mg33,1
262,Ca68Ag32,1
263,Ca68Al32,1
264,Ca68Cu32,1
265,Ca68Mg32,1
266,Ca69Ag31,1
267,Ca69Al31,1
268,Ca69Cu31,1
269,Ca69Mg31,1
270,Ca7Ag93,0
271,Ca7Al93,0
272,Ca7Cu93,0
273,Ca7Mg93,0
274,Ca70Ag30,1
275,Ca70Al30,1
276,Ca70Cu30,1
277,Ca70Mg30,1
278,Ca71Ag29,1
279,Ca71Al29,1
280,Ca71Cu29,1
281,Ca71Mg29,1
282,Ca72Ag28,1
283,Ca72Al28,1
284,Ca72Cu28,1
285,Ca72Mg28,1
286,Ca73Ag27,1
287,Ca73Al27,1
288,Ca73Cu27,1
289,Ca73Mg27,1
290,Ca74Ag26,1
291,Ca74Al26,1
292,Ca74Cu26,1
293,Ca74Mg26,1
294,Ca75Ag25,1
295,Ca75Al25,1
296,Ca75Cu25,1
297,Ca75Mg25,1
298,Ca76Ag24,1
299,Ca76Al24,1
300,Ca76Cu24,1
301,Ca76Mg24,1
302,Ca77Ag23,1
303,Ca77Al23,1
304,Ca77Cu23,1
305,Ca77Mg23,1
306,Ca78Ag22,1
307,Ca78Al22,1
308,Ca78Cu22,1
309,Ca78Mg22,0
310,Ca79Ag21,1
311,Ca79Al21,1
312,Ca79Cu21,1
313,Ca79Mg21,0
314,Ca8Ag92,0
315,Ca8Al92,0
316,Ca8Cu92,0
317,Ca8Mg92,0
318,Ca80Ag20,1
319,Ca80Al20,1
320,Ca80Cu20,1
321,Ca80Mg20,0
322,Ca81Ag19,1
323,Ca81Al19,1
324,Ca81Cu19,1
325,Ca81Mg19,0
326,Ca82Ag18,1
327,Ca82Al18,1
328,Ca82Cu18,1
329,Ca82Mg18,0
330,Ca83Ag17,1
331,Ca83Al17,1
332,Ca83Cu17,1
333,Ca83Mg17,0
334,Ca84Ag16,1
335,Ca84Al16,1
336,Ca84Cu16,1
337,Ca84Mg16,0
338,Ca85Ag15,1
339,Ca85Al15,1
340,Ca85Cu15,1
341,Ca85Mg15,0
342,Ca86Ag14,1
343,Ca86Al14,0
344,Ca86Cu14,1
345,Ca86Mg14,0
346,Ca87Ag13,1
347,Ca87Al13,0
348,Ca87Cu13,1
349,Ca87Mg13,0
350,Ca88Ag12,0
351,Ca88Al12,0
352,Ca88Cu12,0
353,Ca88Mg12,0
354,Ca89Ag11,0
355,Ca89Al11,0
356,Ca89Cu11,0
357,Ca89Mg11,0
358,Ca9Ag91,0
359,Ca9Al91,1
360,Ca9Cu91,0
361,Ca9Mg91,0
362,Ca90Ag10,0
363,Ca90Al10,0
364,Ca90Cu10,0
365,Ca90Mg10,0
366,Ca91Ag9,0
367,Ca91Al9,0
368,Ca91Cu9,0
369,Ca91Mg9,0
370,Ca92Ag8,0
371,Ca92Al8,0
372,Ca92Cu8,0
373,Ca92Mg8,0
374,Ca93Ag7,0
375,Ca93Al7,0
376,Ca93Cu7,0
377,Ca93Mg7,0
378,Ca94Ag6,0
379,Ca94Al6,0
380,Ca94Cu6,0
381,Ca94Mg6,0
382,Ca95Ag5,0
383,Ca95Al5,0
384,Ca95Cu5,0
385,Ca95Mg5,0
386,Ca96Ag4,0
387,Ca96Al4,0
388,Ca96Cu4,0
389,Ca96Mg4,0
390,Ca97Ag3,0
391,Ca97Al3,0
392,Ca97Cu3,0
393,Ca97Mg3,0
394,Ca98Ag2,0
395,Ca98Al2,0
396,Ca98Cu2,0
397,Ca98Mg2,0
398,Ca99Ag1,0
399,Ca99Al1,0
400,Ca99Cu1,0
401,Ca99Mg1,0
402,Ce1Al99,0
403,Ce10Al90,1
404,Ce100,0
405,Ce11Al89,1
406,Ce12Al88,1
407,Ce13Al87,0
408,Ce14Al86,0
409,Ce15Al85,0
410,Ce16Al84,0
411,Ce17Al83,0
412,Ce18Al82,0
413,Ce19Al81,0
414,Ce2Al98,0
415,Ce20Al80,0
416,Ce21Al79,0
417,Ce22Al78,0
418,Ce23Al77,0
419,Ce24Al76,0
420,Ce25Al75,0
421,Ce26Al74,0
422,Ce27Al73,0
423,Ce28Al72,0
424,Ce29Al71,0
425,Ce3Al97,0
426,Ce30Al70,0
427,Ce31Al69,0
428,Ce32Al68,0
429,Ce33Al67,0
430,Ce34Al66,0
431,Ce35Al65,0
432,Ce36Al64,0
433,Ce37Al63,0
434,Ce38Al62,0
435,Ce39Al61,0
436,Ce4Al96,0
437,Ce40Al60,0
438,Ce41Al59,0
439,Ce42Al58,0
440,Ce43Al57,0
441,Ce44Al56,0
442,Ce45Al55,0
443,Ce46Al54,0
444,Ce47Al53,0
445,Ce48Al52,0
446,Ce49Al51,0
447,Ce5Al95,0
448,Ce50Al50,0
449,Ce51Al49,0
450,Ce52Al48,0
451,Ce53Al47,0
452,Ce54Al46,0
453,Ce55Al45,0
454,Ce56Al44,0
455,Ce57Al43,0
456,Ce58Al42,0
457,Ce59Al41,0
458,Ce6Al94,0
459,Ce60Al40,0
460,Ce61Al39,0
461,Ce62Al38,0
462,Ce63Al37,0
463,Ce64Al36,0
464,Ce65Al35,0
465,Ce66Al34,0
466,Ce67Al33,0
467,Ce68Al32,0
468,Ce69Al31,0
469,Ce7Al93,1
470,Ce70Al30,0
471,Ce71Al29,0
472,Ce72Al28,0
473,Ce73Al27,0
474,Ce74Al26,0
475,Ce75Al25,0
476,Ce76Al24,0
477,Ce77Al23,0
478,Ce78Al22,0
479,Ce79Al21,0
480,Ce8Al92,1
481,Ce80Al20,0
482,Ce81Al19,0
483,Ce82Al18,0
484,Ce83Al17,0
485,Ce84Al16,0
486,Ce85Al15,0
487,Ce86Al14,0
488,Ce87Al13,0
489,Ce88Al12,0
490,Ce89Al11,0
491,Ce9Al91,1
492,Ce90Al10,0
493,Ce91Al9,0
494,Ce92Al8,0
495,Ce93Al7,0
496,Ce94Al6,0
497,Ce95Al5,0
498,Ce96Al4,0
499,Ce97Al3,0
500,Ce98Al2,0
501,Ce99Al1,0
502,Co100,0
503,Cr1Co99,0
504,Cr1Fe99,0
505,Cr1Mo99,0
506,Cr1Ni99,0
507,Cr10Co90,0
508,Cr10Fe90,0
509,Cr10Mo90,0
510,Cr10Ni90,0
511,Cr100,0
512,Cr11Co89,0
513,Cr11Fe89,0
514,Cr11Mo89,0
515,Cr11Ni89,0
516,Cr12Co88,0
517,Cr12Fe88,0
518,Cr12Mo88,0
519,Cr12Ni88,0
520,Cr13Co87,0
521,Cr13Fe87,0
522,Cr13Mo87,0
523,Cr13Ni87,0
524,Cr14Co86,0
525,Cr14Fe86,0
526,Cr14Mo86,0
527,Cr14Ni86,0
528,Cr15Co85,0
529,Cr15Fe85,0
530,Cr15Mo85,0
531,Cr15Ni85,0
532,Cr16Co84,0
533,Cr16Fe84,0
534,Cr16Mo84,0
535,Cr16Ni84,0
536,Cr17Co83,0
537,Cr17Fe83,0
538,Cr17Mo83,0
539,Cr17Ni83,0
540,Cr18Co82,0
541,Cr18Fe82,0
542,Cr18Mo82,0
543,Cr18Ni82,0
544,Cr19Co81,0
545,Cr19Fe81,0
546,Cr19Mo81,0
547,Cr19Ni81,0
548,Cr2Co98,0
549,Cr2Fe98,0
550,Cr2Mo98,0
551,Cr2Ni98,0
552,Cr20Co80,0
553,Cr20Fe80,0
554,Cr20Mo80,0
555,Cr20Ni80,0
556,Cr21Co79,0
557,Cr21Fe79,0
558,Cr21Mo79,0
559,Cr21Ni79,0
560,Cr22Co78,0
561,Cr22Fe78,0
562,Cr22Mo78,0
563,Cr22Ni78,0
564,Cr23Co77,0
565,Cr23Fe77,0
566,Cr23Mo77,0
567,Cr23Ni77,0
568,Cr24Co76,0
569,Cr24Fe76,0
570,Cr24Mo76,0
571,Cr24Ni76,0
572,Cr25Co75,0
573,Cr25Fe75,0
574,Cr25Mo75,0
575,Cr25Ni75,0
576,Cr26Co74,0
577,Cr26Fe74,0
578,Cr26Mo74,0
579,Cr26Ni74,0
580,Cr27Co73,0
581,Cr27Fe73,0
582,Cr27Mo73,0
583,Cr27Ni73,0
584,Cr28Co72,0
585,Cr28Fe72,0
586,Cr28Mo72,0
587,Cr28Ni72,0
588,Cr29Co71,0
589,Cr29Fe71,0
590,Cr29Mo71,0
591,Cr29Ni71,0
592,Cr3Co97,0
593,Cr3Fe97,0
594,Cr3Mo97,0
595,Cr3Ni97,0
596,Cr30Co70,0
597,Cr30Fe70,0
598,Cr30Mo70,0
599,Cr30Ni70,0
600,Cr31Co69,0
601,Cr31Fe69,0
602,Cr31Mo69,0
603,Cr31Ni69,0
604,Cr32Co68,0
605,Cr32Fe68,0
606,Cr32Mo68,0
607,Cr32Ni68,0
608,Cr33Co67,0
609,Cr33Fe67,0
610,Cr33Mo67,0
611,Cr33Ni67,0
612,Cr34Co66,0
613,Cr34Fe66,0
614,Cr34Mo66,0
615,Cr34Ni66,0
616,Cr35Co65,0
617,Cr35Fe65,0
618,Cr35Mo65,0
619,Cr35Ni65,0
620,Cr36Co64,0
621,Cr36Fe64,0
622,Cr36Mo64,0
623,Cr36Ni64,0
624,Cr37Co63,0
625,Cr37Fe63,0
626,Cr37Mo63,0
627,Cr37Ni63,0
628,Cr38Co62,0
629,Cr38Fe62,0
630,Cr38Mo62,0
631,Cr38Ni62,0
632,Cr39Co61,0
633,Cr39Fe61,0
634,Cr39Mo61,0
635,Cr39Ni61,0
636,Cr4Co96,0
637,Cr4Fe96,0
638,Cr4Mo96,0
639,Cr4Ni96,0
640,Cr40Co60,0
641,Cr40Fe60,0
642,Cr40Mo60,0
643,Cr40Ni60,0
644,Cr41Co59,0
645,Cr41Fe59,1
646,Cr41Mo59,0
647,Cr41Ni59,0
648,Cr42Co58,0
649,Cr42Fe58,1
650,Cr42Mo58,0
651,Cr42Ni58,0
652,Cr43Co57,0
653,Cr43Fe57,1
654,Cr43Mo57,0
655,Cr43Ni57,0
656,Cr44Co56,1
657,Cr44Fe56,1
658,Cr44Mo56,0
659,Cr44Ni56,0
660,Cr45Co55,1
661,Cr45Fe55,1
662,Cr45Mo55,0
663,Cr45Ni55,0
664,Cr46Co54,1
665,Cr46Fe54,1
666,Cr46Mo54,0
667,Cr46Ni54,0
668,Cr47Co53,1
669,Cr47Fe53,1
670,Cr47Mo53,0
671,Cr47Ni53,0
672,Cr48Co52,1
673,Cr48Fe52,1
674,Cr48Mo52,0
675,Cr48Ni52,0
676,Cr49Co51,1
677,Cr49Fe51,1
678,Cr49Mo51,0
679,Cr49Ni51,1
680,Cr5Co95,0
681,Cr5Fe95,0
682,Cr5Mo95,0
683,Cr5Ni95,0
684,Cr50Co50,1
685,Cr50Fe50,1
686,Cr50Mo50,0
687,Cr50Ni50,1
688,Cr51Co49,1
689,Cr51Fe49,1
690,Cr51Mo49,0
691,Cr51Ni49,1
692,Cr52Co48,1
693,Cr52Fe48,1
694,Cr52Mo48,0
695,Cr52Ni48,1
696,Cr53Co47,1
697,Cr53Fe47,1
698,Cr53Mo47,0
699,Cr53Ni47,1
700,Cr54Co46,1
701,Cr54Fe46,1
702,Cr54Mo46,0
703,Cr54Ni46,1
704,Cr55Co45,1
705,Cr55Fe45,1
706,Cr55Mo45,0
707,Cr55Ni45,1
708,Cr56Co44,1
709,Cr56Fe44,1
710,Cr56Mo44,0
711,Cr56Ni44,1
712,Cr57Co43,1
713,Cr57Fe43,1
714,Cr57Mo43,0
715,Cr57Ni43,1
716,Cr58Co42,1
717,Cr58Fe42,1
718,Cr58Mo42,0
719,Cr58Ni42,1
720,Cr59Co41,1
721,Cr59Fe41,1
722,Cr59Mo41,0
723,Cr59Ni41,1
724,Cr6Co94,0
725,Cr6Fe94,0
726,Cr6Mo94,0
727,Cr6Ni94,0
728,Cr60Co40,1
729,Cr60Fe40,1
730,Cr60Mo40,0
731,Cr60Ni40,1
732,Cr61Co39,1
733,Cr61Fe39,1
734,Cr61Mo39,0
735,Cr61Ni39,1
736,Cr62Co38,1
737,Cr62Fe38,1
738,Cr62Mo38,0
739,Cr62Ni38,1
740,Cr63Co37,1
741,Cr63Fe37,1
742,Cr63Mo37,0
743,Cr63Ni37,1
744,Cr64Co36,1
745,Cr64Fe36,1
746,Cr64Mo36,0
747,Cr64Ni36,1
748,Cr65Co35,1
749,Cr65Fe35,1
750,Cr65Mo35,0
751,Cr65Ni35,1
752,Cr66Co34,1
753,Cr66Fe34,1
754,Cr66Mo34,0
755,Cr66Ni34,1
756,Cr67Co33,1
757,Cr67Fe33,1
758,Cr67Mo33,0
759,Cr67Ni33,1
760,Cr68Co32,1
761,Cr68Fe32,1
762,Cr68Mo32,0
763,Cr68Ni32,1
764,Cr69Co31,1
765,Cr69Fe31,1
766,Cr69Mo31,0
767,Cr69Ni31,1
768,Cr7Co93,0
769,Cr7Fe93,0
770,Cr7Mo93,0
771,Cr7Ni93,0
772,Cr70Co30,1
773,Cr70Fe30,1
774,Cr70Mo30,0
775,Cr70Ni30,1
776,Cr71Co29,1
777,Cr71Fe29,1
778,Cr71Mo29,0
779,Cr71Ni29,1
780,Cr72Co28,1
781,Cr72Fe28,1
782,Cr72Mo28,0
783,Cr72Ni28,1
784,Cr73Co27,1
785,Cr73Fe27,1
786,Cr73Mo27,0
787,Cr73Ni27,1
788,Cr74Co26,1
789,Cr74Fe26,1
790,Cr74Mo26,0
791,Cr74Ni26,0
792,Cr75Co25,1
793,Cr75Fe25,1
794,Cr75Mo25,0
795,Cr75Ni25,0
796,Cr76Co24,1
797,Cr76Fe24,1
798,Cr76Mo24,0
799,Cr76Ni24,0
800,Cr77Co23,1
801,Cr77Fe23,1
802,Cr77Mo23,1
803,Cr77Ni23,0
804,Cr78Co22,1
805,Cr78Fe22,1
806,Cr78Mo22,1
807,Cr78Ni22,0
808,Cr79Co21,1
809,Cr79Fe21,1
810,Cr79Mo21,1
811,Cr79Ni21,0
812,Cr8Co92,0
813,Cr8Fe92,0
814,Cr8Mo92,0
815,Cr8Ni92,0
816,Cr80Co20,1
817,Cr80Fe20,1
818,Cr80Mo20,1
819,Cr80Ni20,0
820,Cr81Co19,1
821,Cr81Fe19,1
822,Cr81Mo19,1
823,Cr81Ni19,0
824,Cr82Co18,1
825,Cr82Fe18,1
826,Cr82Mo18,1
827,Cr82Ni18,0
828,Cr83Co17,1
829,Cr83Fe17,1
830,Cr83Mo17,1
831,Cr83Ni17,0
832,Cr84Co16,1
833,Cr84Fe16,1
834,Cr84Mo16,1
835,Cr84Ni16,0
836,Cr85Co15,1
837,Cr85Fe15,1
838,Cr85Mo15,1
839,Cr85Ni15,0
840,Cr86Co14,0
841,Cr86Fe14,1
842,Cr86Mo14,1
843,Cr86Ni14,0
844,Cr87Co13,0
845,Cr87Fe13,1
846,Cr87Mo13,1
847,Cr87Ni13,0
848,Cr88Co12,0
849,Cr88Fe12,1
850,Cr88Mo12,1
851,Cr88Ni12,0
852,Cr89Co11,0
853,Cr89Fe11,1
854,Cr89Mo11,1
855,Cr89Ni11,0
856,Cr9Co91,0
857,Cr9Fe91,0
858,Cr9Mo91,0
859,Cr9Ni91,0
860,Cr90Co10,0
861,Cr90Fe10,1
862,Cr90Mo10,1
863,Cr90Ni10,0
864,Cr91Co9,0
865,Cr91Fe9,1
866,Cr91Mo9,1
867,Cr91Ni9,0
868,Cr92Co8,0
869,Cr92Fe8,0
870,Cr92Mo8,1
871,Cr92Ni8,0
872,Cr93Co7,0
873,Cr93Fe7,0
874,Cr93Mo7,1
875,Cr93Ni7,0
876,Cr94Co6,0
877,Cr94Fe6,0
878,Cr94Mo6,0
879,Cr94Ni6,0
880,Cr95Co5,0
881,Cr95Fe5,0
882,Cr95Mo5,0
883,Cr95Ni5,0
884,Cr96Co4,0
885,Cr96Fe4,0
886,Cr96Mo4,0
887,Cr96Ni4,0
888,Cr97Co3,0
889,Cr97Fe3,0
890,Cr97Mo3,0
891,Cr97Ni3,0
892,Cr98Co2,0
893,Cr98Fe2,0
894,Cr98Mo2,0
895,Cr98Ni2,0
896,Cr99Co1,0
897,Cr99Fe1,0
898,Cr99Mo1,0
899,Cr99Ni1,0
900,Cu100,0
901,Dy1Al99,0
902,Dy10Al90,1
903,Dy100,0
904,Dy11Al89,1
905,Dy12Al88,1
906,Dy13Al87,0
907,Dy14Al86,0
908,Dy15Al85,0
909,Dy16Al84,0
910,Dy17Al83,0
911,Dy18Al82,0
912,Dy19Al81,0
913,Dy2Al98,0
914,Dy20Al80,0
915,Dy21Al79,0
916,Dy22Al78,0
917,Dy23Al77,0
918,Dy24Al76,0
919,Dy25Al75,0
920,Dy26Al74,0
921,Dy27Al73,0
922,Dy28Al72,0
923,Dy29Al71,0
924,Dy3Al97,0
925,Dy30Al70,0
926,Dy31Al69,0
927,Dy32Al68,0
928,Dy33Al67,0
929,Dy34Al66,0
930,Dy35Al65,0
931,Dy36Al64,0
932,Dy37Al63,0
933,Dy38Al62,0
934,Dy39Al61,0
935,Dy4Al96,0
936,Dy40Al60,0
937,Dy41Al59,0
938,Dy42Al58,0
939,Dy43Al57,0
940,Dy44Al56,0
941,Dy45Al55,0
942,Dy46Al54,0
943,Dy47Al53,0
944,Dy48Al52,0
945,Dy49Al51,0
946,Dy5Al95,0
947,Dy50Al50,0
948,Dy51Al49,0
949,Dy52Al48,0
950,Dy53Al47,0
951,Dy54Al46,0
952,Dy55Al45,0
953,Dy56Al44,0
954,Dy57Al43,0
955,Dy58Al42,0
956,Dy59Al41,0
957,Dy6Al94,0
958,Dy60Al40,0
959,Dy61Al39,0
960,Dy62Al38,0
961,Dy63Al37,0
962,Dy64Al36,0
963,Dy65Al35,0
964,Dy66Al34,0
965,Dy67Al33,0
966,Dy68Al32,0
967,Dy69Al31,0
968,Dy7Al93,0
969,Dy70Al30,0
970,Dy71Al29,0
971,Dy72Al28,0
972,Dy73Al27,0
973,Dy74Al26,0
974,Dy75Al25,0
975,Dy76Al24,0
976,Dy77Al23,0
977,Dy78Al22,0
978,Dy79Al21,0
979,Dy8Al92,0
980,Dy80Al20,0
981,Dy81Al19,0
982,Dy82Al18,0
983,Dy83Al17,0
984,Dy84Al16,0
985,Dy85Al15,0
986,Dy86Al14,0
987,Dy87Al13,0
988,Dy88Al12,0
989,Dy89Al11,0
990,Dy9Al91,1
991,Dy90Al10,0
992,Dy91Al9,0
993,Dy92Al8,0
994,Dy93Al7,0
995,Dy94Al6,0
996,Dy95Al5,0
997,Dy96Al4,0
998,Dy97Al3,0
999,Dy98Al2,0
1000,Dy99Al1,0
1001,Er1Al99,0
1002,Er10Al90,1
1003,Er100,0
1004,Er11Al89,1
1005,Er12Al88,1
1006,Er13Al87,0
1007,Er14Al86,0
1008,Er15Al85,0
1009,Er16Al84,0
1010,Er17Al83,0
1011,Er18Al82,0
1012,Er19Al81,0
1013,Er2Al98,0
1014,Er20Al80,0
1015,Er21Al79,0
1016,Er22Al78,0
1017,Er23Al77,0
1018,Er24Al76,0
1019,Er25Al75,0
1020,Er26Al74,0
1021,Er27Al73,0
1022,Er28Al72,0
1023,Er29Al71,0
1024,Er3Al97,0
1025,Er30Al70,0
1026,Er31Al69,0
1027,Er32Al68,0
1028,Er33Al67,0
1029,Er34Al66,0
1030,Er35Al65,0
1031,Er36Al64,0
1032,Er37Al63,0
1033,Er38Al62,0
1034,Er39Al61,0
1035,Er4Al96,0
1036,Er40Al60,0
1037,Er41Al59,0
1038,Er42Al58,0
1039,Er43Al57,0
1040,Er44Al56,0
1041,Er45Al55,0
1042,Er46Al54,0
1043,Er47Al53,0
1044,Er48Al52,0
1045,Er49Al51,0
1046,Er5Al95,0
1047,Er50Al50,0
1048,Er51Al49,0
1049,Er52Al48,0
1050,Er53Al47,0
1051,Er54Al46,0
1052,Er55Al45,0
1053,Er56Al44,0
1054,Er57Al43,0
1055,Er58Al42,0
1056,Er59Al41,0
1057,Er6Al94,0
1058,Er60Al40,0
1059,Er61Al39,0
1060,Er62Al38,0
1061,Er63Al37,0
1062,Er64Al36,0
1063,Er65Al35,0
1064,Er66Al34,0
1065,Er67Al33,0
1066,Er68Al32,0
1067,Er69Al31,0
1068,Er7Al93,0
1069,Er70Al30,0
1070,Er71Al29,0
1071,Er72Al28,0
1072,Er73Al27,0
1073,Er74Al26,0
1074,Er75Al25,0
1075,Er76Al24,0
1076,Er77Al23,0
1077,Er78Al22,0
1078,Er79Al21,0
1079,Er8Al92,0
1080,Er80Al20,0
1081,Er81Al19,0
1082,Er82Al18,0
1083,Er83Al17,0
1084,Er84Al16,0
1085,Er85Al15,0
1086,Er86Al14,0
1087,Er87Al13,0
1088,Er88Al12,0
1089,Er89Al11,0
1090,Er9Al91,1
1091,Er90Al10,0
1092,Er91Al9,0
1093,Er92Al8,0
1094,Er93Al7,0
1095,Er94Al6,0
1096,Er95Al5,0
1097,Er96Al4,0
1098,Er97Al3,0
1099,Er98Al2,0
1100,Er99Al1,0
1101,Fe1B99,0
1102,Fe10B90,0
1103,Fe100,0
1104,Fe11B89,0
1105,Fe12B88,0
1106,Fe13B87,0
1107,Fe14B86,0
1108,Fe15B85,0
1109,Fe16B84,0
1110,Fe17B83,0
1111,Fe18B82,0
1112,Fe19B81,0
1113,Fe2B98,0
1114,Fe20B80,0
1115,Fe21B79,0
1116,Fe22B78,0
1117,Fe23B77,0
1118,Fe24B76,0
1119,Fe25B75,0
1120,Fe26B74,0
1121,Fe27B73,0
1122,Fe28B72,0
1123,Fe29B71,0
1124,Fe3B97,0
1125,Fe30B70,0
1126,Fe31B69,0
1127,Fe32B68,0
1128,Fe33B67,0
1129,Fe34B66,0
1130,Fe35B65,0
1131,Fe36B64,0
1132,Fe37B63,0
1133,Fe38B62,0
1134,Fe39B61,0
1135,Fe4B96,0
1136,Fe40B60,0
1137,Fe41B59,0
1138,Fe42B58,0
1139,Fe43B57,0
1140,Fe44B56,0
1141,Fe45B55,0
1142,Fe46B54,0
1143,Fe47B53,0
1144,Fe48B52,0
1145,Fe49B51,0
1146,Fe5B95,0
1147,Fe50B50,0
1148,Fe51B49,0
1149,Fe52B48,0
1150,Fe53B47,0
1151,Fe54B46,0
1152,Fe55B45,0
1153,Fe56B44,0
1154,Fe57B43,0
1155,Fe58B42,0
1156,Fe59B41,0
1157,Fe6B94,0
1158,Fe60B40,0
1159,Fe61B39,0
1160,Fe62B38,0
1161,Fe63B37,0
1162,Fe64B36,0
1163,Fe65B35,0
1164,Fe66B34,0
1165,Fe67B33,0
1166,Fe68B32,0
1167,Fe69B31,0
1168,Fe7B93,0
1169,Fe70B30,0
1170,Fe71B29,0
1171,Fe72B28,0
1172,Fe73B27,1
1173,Fe74B26,1
1174,Fe75B25,1
1175,Fe76B24,1
1176,Fe77B23,1
1177,Fe78B22,1
1178,Fe79B21,1
1179,Fe8B92,0
1180,Fe80B20,1
1181,Fe81B19,1
1182,Fe82B18,1
1183,Fe83B17,1
1184,Fe84B16,1
1185,Fe85B15,1
1186,Fe86B14,1
1187,Fe87B13,1
1188,Fe88B12,0
1189,Fe89B11,0
1190,Fe9B91,0
1191,Fe90B10,0
1192,Fe91B9,0
1193,Fe92B8,0
1194,Fe93B7,0
1195,Fe94B6,0
1196,Fe95B5,0
1197,Fe96B4,0
1198,Fe97B3,0
1199,Fe98B2,0
1200,Fe99B1,0
1201,Gd1Al99,0
1202,Gd1Co99,0
1203,Gd10Al90,1
1204,Gd10Co90,0
1205,Gd100,0
1206,Gd11Al89,1
1207,Gd11Co89,0
1208,Gd12Al88,1
1209,Gd12Co88,0
1210,Gd13Al87,0
1211,Gd13Co87,0
1212,Gd14Al86,0
1213,Gd14Co86,0
1214,Gd15Al85,0
1215,Gd15Co85,0
1216,Gd16Al84,0
1217,Gd16Co84,0
1218,Gd17Al83,0
1219,Gd17Co83,0
1220,Gd18Al82,0
1221,Gd18Co82,0
1222,Gd19Al81,0
1223,Gd19Co81,0
1224,Gd2Al98,0
1225,Gd2Co98,0
1226,Gd20Al80,0
1227,Gd20Co80,0
1228,Gd21Al79,0
1229,Gd21Co79,0
1230,Gd22Al78,0
1231,Gd22Co78,0
1232,Gd23Al77,0
1233,Gd23Co77,0
1234,Gd24Al76,0
1235,Gd24Co76,0
1236,Gd25Al75,0
1237,Gd25Co75,0
1238,Gd26Al74,0
1239,Gd26Co74,0
1240,Gd27Al73,0
1241,Gd27Co73,0
1242,Gd28Al72,0
1243,Gd28Co72,0
1244,Gd29Al71,0
1245,Gd29Co71,0
1246,Gd3Al97,0
1247,Gd3Co97,0
1248,Gd30Al70,0
1249,Gd30Co70,0
1250,Gd31Al69,0
1251,Gd31Co69,0
1252,Gd32Al68,0
1253,Gd32Co68,0
1254,Gd33Al67,0
1255,Gd33Co67,0
1256,Gd34Al66,0
1257,Gd34Co66,0
1258,Gd35Al65,0
1259,Gd35Co65,0
1260,Gd36Al64,0
1261,Gd36Co64,0
1262,Gd37Al63,0
1263,Gd37Co63,0
1264,Gd38Al62,0
1265,Gd38Co62,0
1266,Gd39Al61,0
1267,Gd39Co61,0
1268,Gd4Al96,0
1269,Gd4Co96,0
1270,Gd40Al60,0
1271,Gd40Co60,0
1272,Gd41Al59,0
1273,Gd41Co59,0
1274,Gd42Al58,0
1275,Gd42Co58,0
1276,Gd43Al57,0
1277,Gd43Co57,0
1278,Gd44Al56,0
1279,Gd44Co56,0
1280,Gd45Al55,0
1281,Gd45Co55,0
1282,Gd46Al54,0
1283,Gd46Co54,0
1284,Gd47Al53,0
1285,Gd47Co53,0
1286,Gd48Al52,0
1287,Gd48Co52,0
1288,Gd49Al51,0
1289,Gd49Co51,0
1290,Gd5Al95,0
1291,Gd5Co95,0
1292,Gd50Al50,0
1293,Gd50Co50,0
1294,Gd51Al49,0
1295,Gd51Co49,0
1296,Gd52Al48,0
1297,Gd52Co48,0
1298,Gd53Al47,0
1299,Gd53Co47,0
1300,Gd54Al46,0
1301,Gd54Co46,0
1302,Gd55Al45,0
1303,Gd55Co45,0
1304,Gd56Al44,0
1305,Gd56Co44,0
1306,Gd57Al43,0
1307,Gd57Co43,0
1308,Gd58Al42,0
1309,Gd58Co42,0
1310,Gd59Al41,0
1311,Gd59Co41,0
1312,Gd6Al94,0
1313,Gd6Co94,0
1314,Gd60Al40,0
1315,Gd60Co40,0
1316,Gd61Al39,0
1317,Gd61Co39,0
1318,Gd62Al38,0
1319,Gd62Co38,1
1320,Gd63Al37,0
1321,Gd63Co37,1
1322,Gd64Al36,0
1323,Gd64Co36,1
1324,Gd65Al35,0
1325,Gd65Co35,1
1326,Gd66Al34,0
1327,Gd66Co34,1
1328,Gd67Al33,0
1329,Gd67Co33,1
1330,Gd68Al32,0
1331,Gd68Co32,1
1332,Gd69Al31,0
1333,Gd69Co31,1
1334,Gd7Al93,0
1335,Gd7Co93,0
1336,Gd70Al30,0
1337,Gd70Co30,1
1338,Gd71Al29,0
1339,Gd71Co29,1
1340,Gd72Al28,0
1341,Gd72Co28,0
1342,Gd73Al27,0
1343,Gd73Co27,0
1344,Gd74Al26,0
1345,Gd74Co26,0
1346,Gd75Al25,0
1347,Gd75Co25,0
1348,Gd76Al24,0
1349,Gd76Co24,0
1350,Gd77Al23,0
1351,Gd77Co23,0
1352,Gd78Al22,0
1353,Gd78Co22,0
1354,Gd79Al21,0
1355,Gd79Co21,0
1356,Gd8Al92,1
1357,Gd8Co92,0
1358,Gd80Al20,0
1359,Gd80Co20,0
1360,Gd81Al19,0
1361,Gd81Co19,0
1362,Gd82Al18,0
1363,Gd82Co18,0
1364,Gd83Al17,0
1365,Gd83Co17,0
1366,Gd84Al16,0
1367,Gd84Co16,0
1368,Gd85Al15,0
1369,Gd85Co15,0
1370,Gd86Al14,0
1371,Gd86Co14,0
1372,Gd87Al13,0
1373,Gd87Co13,0
1374,Gd88Al12,0
1375,Gd88Co12,0
1376,Gd89Al11,0
1377,Gd89Co11,0
1378,Gd9Al91,1
1379,Gd9Co91,0
1380,Gd90Al10,0
1381,Gd90Co10,0
1382,Gd91Al9,0
1383,Gd91Co9,0
1384,Gd92Al8,0
1385,Gd92Co8,0
1386,Gd93Al7,0
1387,Gd93Co7,0
1388,Gd94Al6,0
1389,Gd94Co6,0
1390,Gd95Al5,0
1391,Gd95Co5,0
1392,Gd96Al4,0
1393,Gd96Co4,0
1394,Gd97Al3,0
1395,Gd97Co3,0
1396,Gd98Al2,0
1397,Gd98Co2,0
1398,Gd99Al1,0
1399,Gd99Co1,0
1400,Ge1Te99,0
1401,Ge10Te90,1
1402,Ge100,0
1403,Ge11Te89,1
1404,Ge12Te88,1
1405,Ge13Te87,1
1406,Ge14Te86,1
1407,Ge15Te85,1
1408,Ge16Te84,1
1409,Ge17Te83,1
1410,Ge18Te82,1
1411,Ge19Te81,1
1412,Ge2Te98,0
1413,Ge20Te80,1
1414,Ge21Te79,1
1415,Ge22Te78,1
1416,Ge23Te77,1
1417,Ge24Te76,1
1418,Ge25Te75,1
1419,Ge26Te74,0
1420,Ge27Te73,0
1421,Ge28Te72,0
1422,Ge29Te71,0
1423,Ge3Te97,0
1424,Ge30Te70,0
1425,Ge31Te69,0
1426,Ge32Te68,0
1427,Ge33Te67,0
1428,Ge34Te66,0
1429,Ge35Te65,0
1430,Ge36Te64,0
1431,Ge37Te63,0
1432,Ge38Te62,0
1433,Ge39Te61,0
1434,Ge4Te96,0
1435,Ge40Te60,0
1436,Ge41Te59,0
1437,Ge42Te58,0
1438,Ge43Te57,0
1439,Ge44Te56,0
1440,Ge45Te55,0
1441,Ge46Te54,0
1442,Ge47Te53,0
1443,Ge48Te52,0
1444,Ge49Te51,0
1445,Ge5Te95,0
1446,Ge50Te50,0
1447,Ge51Te49,0
1448,Ge52Te48,0
1449,Ge53Te47,0
1450,Ge54Te46,0
1451,Ge55Te45,0
1452,Ge56Te44,0
1453,Ge57Te43,0
1454,Ge58Te42,0
1455,Ge59Te41,0
1456,Ge6Te94,0
1457,Ge60Te40,0
1458,Ge61Te39,0
1459,Ge62Te38,0
1460,Ge63Te37,0
1461,Ge64Te36,0
1462,Ge65Te35,0
1463,Ge66Te34,0
1464,Ge67Te33,0
1465,Ge68Te32,0
1466,Ge69Te31,0
1467,Ge7Te93,0
1468,Ge70Te30,0
1469,Ge71Te29,0
1470,Ge72Te28,0
1471,Ge73Te27,0
1472,Ge74Te26,0
1473,Ge75Te25,0
1474,Ge76Te24,0
1475,Ge77Te23,0
1476,Ge78Te22,0
1477,Ge79Te21,0
1478,Ge8Te92,0
1479,Ge80Te20,0
1480,Ge81Te19,0
1481,Ge82Te18,0
1482,Ge83Te17,0
1483,Ge84Te16,0
1484,Ge85Te15,0
1485,Ge86Te14,0
1486,Ge87Te13,0
1487,Ge88Te12,0
1488,Ge89Te11,0
1489,Ge9Te91,0
1490,Ge90Te10,0
1491,Ge91Te9,0
1492,Ge92Te8,0
1493,Ge93Te7,0
1494,Ge94Te6,0
1495,Ge95Te5,0
1496,Ge96Te4,0
1497,Ge97Te3,0
1498,Ge98Te2,0
1499,Ge99Te1,0
1500,Hf1Cu99,0
1501,Hf1Fe99,0
1502,Hf1Ni99,0
1503,Hf10Cu90,0
1504,Hf10Fe90,1
1505,Hf10Ni90,0
1506,Hf100,0
1507,Hf11Cu89,0
1508,Hf11Fe89,0
1509,Hf11Ni89,0
1510,Hf12Cu88,0
1511,Hf12Fe88,0
1512,Hf12Ni88,0
1513,Hf13Cu87,0
1514,Hf13Fe87,0
1515,Hf13Ni87,0
1516,Hf14Cu86,0
1517,Hf14Fe86,0
1518,Hf14Ni86,0
1519,Hf15Cu85,0
1520,Hf15Fe85,0
1521,Hf15Ni85,0
1522,Hf16Cu84,0
1523,Hf16Fe84,0
1524,Hf16Ni84,0
1525,Hf17Cu83,0
1526,Hf17Fe83,0
1527,Hf17Ni83,0
1528,Hf18Cu82,0
1529,Hf18Fe82,0
1530,Hf18Ni82,0
1531,Hf19Cu81,0
1532,Hf19Fe81,0
1533,Hf19Ni81,0
1534,Hf2Cu98,0
1535,Hf2Fe98,0
1536,Hf2Ni98,0
1537,Hf20Cu80,0
1538,Hf20Fe80,0
1539,Hf20Ni80,0
1540,Hf21Cu79,0
1541,Hf21Fe79,0
1542,Hf21Ni79,0
1543,Hf22Cu78,0
1544,Hf22Fe78,0
1545,Hf22Ni78,0
1546,Hf23Cu77,0
1547,Hf23Fe77,0
1548,Hf23Ni77,0
1549,Hf24Cu76,0
1550,Hf24Fe76,0
1551,Hf24Ni76,0
1552,Hf25Cu75,0
1553,Hf25Fe75,0
1554,Hf25Ni75,0
1555,Hf26Cu74,0
1556,Hf26Fe74,0
1557,Hf26Ni74,0
1558,Hf27Cu73,0
1559,Hf27Fe73,0
1560,Hf27Ni73,0
1561,Hf28Cu72,0
1562,Hf28Fe72,0
1563,Hf28Ni72,0
1564,Hf29Cu71,0
1565,Hf29Fe71,0
1566,Hf29Ni71,0
1567,Hf3Cu97,0
1568,Hf3Fe97,0
1569,Hf3Ni97,0
1570,Hf30Cu70,1
1571,Hf30Fe70,0
1572,Hf30Ni70,1
1573,Hf31Cu69,1
1574,Hf31Fe69,0
1575,Hf31Ni69,1
1576,Hf32Cu68,1
1577,Hf32Fe68,0
1578,Hf32Ni68,1
1579,Hf33Cu67,1
1580,Hf33Fe67,0
1581,Hf33Ni67,1
1582,Hf34Cu66,1
1583,Hf34Fe66,0
1584,Hf34Ni66,1
1585,Hf35Cu65,1
1586,Hf35Fe65,0
1587,Hf35Ni65,1
1588,Hf36Cu64,1
1589,Hf36Fe64,0
1590,Hf36Ni64,1
1591,Hf37Cu63,1
1592,Hf37Fe63,0
1593,Hf37Ni63,1
1594,Hf38Cu62,1
1595,Hf38Fe62,0
1596,Hf38Ni62,1
1597,Hf39Cu61,1
1598,Hf39Fe61,0
1599,Hf39Ni61,1
1600,Hf4Cu96,0
1601,Hf4Fe96,0
1602,Hf4Ni96,0
1603,Hf40Cu60,1
1604,Hf40Fe60,0
1605,Hf40Ni60,1
1606,Hf41Cu59,1
1607,Hf41Fe59,0
1608,Hf41Ni59,1
1609,Hf42Cu58,1
1610,Hf42Fe58,0
1611,Hf42Ni58,1
1612,Hf43Cu57,1
1613,Hf43Fe57,0
1614,Hf43Ni57,1
1615,Hf44Cu56,1
1616,Hf44Fe56,0
1617,Hf44Ni56,1
1618,Hf45Cu55,1
1619,Hf45Fe55,0
1620,Hf45Ni55,1
1621,Hf46Cu54,1
1622,Hf46Fe54,0
1623,Hf46Ni54,1
1624,Hf47Cu53,1
1625,Hf47Fe53,0
1626,Hf47Ni53,1
1627,Hf48Cu52,1
1628,Hf48Fe52,0
1629,Hf48Ni52,1
1630,Hf49Cu51,1
1631,Hf49Fe51,0
1632,Hf49Ni51,1
1633,Hf5Cu95,0
1634,Hf5Fe95,0
1635,Hf5Ni95,0
1636,Hf50Cu50,1
1637,Hf50Fe50,0
1638,Hf50Ni50,1
1639,Hf51Cu49,1
1640,Hf51Fe49,0
1641,Hf51Ni49,1
1642,Hf52Cu48,1
1643,Hf52Fe48,0
1644,Hf52Ni48,1
1645,Hf53Cu47,1
1646,Hf53Fe47,0
1647,Hf53Ni47,1
1648,Hf54Cu46,1
1649,Hf54Fe46,0
1650,Hf54Ni46,1
1651,Hf55Cu45,1
1652,Hf55Fe45,0
1653,Hf55Ni45,1
1654,Hf56Cu44,1
1655,Hf56Fe44,0
1656,Hf56Ni44,1
1657,Hf57Cu43,1
1658,Hf57Fe43,0
1659,Hf57Ni43,1
1660,Hf58Cu42,1
1661,Hf58Fe42,0
1662,Hf58Ni42,1
1663,Hf59Cu41,1
1664,Hf59Fe41,0
1665,Hf59Ni41,1
1666,Hf6Cu94,0
1667,Hf6Fe94,0
1668,Hf6Ni94,0
1669,Hf60Cu40,1
1670,Hf60Fe40,0
1671,Hf60Ni40,1
1672,Hf61Cu39,1
1673,Hf61Fe39,0
1674,Hf61Ni39,1
1675,Hf62Cu38,1
1676,Hf62Fe38,0
1677,Hf62Ni38,1
1678,Hf63Cu37,1
1679,Hf63Fe37,0
1680,Hf63Ni37,1
1681,Hf64Cu36,1
1682,Hf64Fe36,0
1683,Hf64Ni36,1
1684,Hf65Cu35,1
1685,Hf65Fe35,0
1686,Hf65Ni35,1
1687,Hf66Cu34,1
1688,Hf66Fe34,0
1689,Hf66Ni34,1
1690,Hf67Cu33,1
1691,Hf67Fe33,0
1692,Hf67Ni33,1
1693,Hf68Cu32,1
1694,Hf68Fe32,0
1695,Hf68Ni32,1
1696,Hf69Cu31,1
1697,Hf69Fe31,0
1698,Hf69Ni31,1
1699,Hf7Cu93,0
1700,Hf7Fe93,0
1701,Hf7Ni93,0
1702,Hf70Cu30,1
1703,Hf70Fe30,0
1704,Hf70Ni30,1
1705,Hf71Cu29,0
1706,Hf71Fe29,0
1707,Hf71Ni29,0
1708,Hf72Cu28,0
1709,Hf72Fe28,0
1710,Hf72Ni28,0
1711,Hf73Cu27,0
1712,Hf73Fe27,0
1713,Hf73Ni27,0
1714,Hf74Cu26,0
1715,Hf74Fe26,0
1716,Hf74Ni26,0
1717,Hf75Cu25,0
1718,Hf75Fe25,0
1719,Hf75Ni25,0
1720,Hf76Cu24,0
1721,Hf76Fe24,0
1722,Hf76Ni24,0
1723,Hf77Cu23,0
1724,Hf77Fe23,0
1725,Hf77Ni23,0
1726,Hf78Cu22,0
1727,Hf78Fe22,0
1728,Hf78Ni22,0
1729,Hf79Cu21,0
1730,Hf79Fe21,0
1731,Hf79Ni21,0
1732,Hf8Cu92,0
1733,Hf8Fe92,0
1734,Hf8Ni92,0
1735,Hf80Cu20,0
1736,Hf80Fe20,0
1737,Hf80Ni20,0
1738,Hf81Cu19,0
1739,Hf81Fe19,0
1740,Hf81Ni19,0
1741,Hf82Cu18,0
1742,Hf82Fe18,0
1743,Hf82Ni18,0
1744,Hf83Cu17,0
1745,Hf83Fe17,0
1746,Hf83Ni17,0
1747,Hf84Cu16,0
1748,Hf84Fe16,0
1749,Hf84Ni16,0
1750,Hf85Cu15,0
1751,Hf85Fe15,0
1752,Hf85Ni15,0
1753,Hf86Cu14,0
1754,Hf86Fe14,0
1755,Hf86Ni14,0
1756,Hf87Cu13,0
1757,Hf87Fe13,0
1758,Hf87Ni13,0
1759,Hf88Cu12,0
1760,Hf88Fe12,0
1761,Hf88Ni12,0
1762,Hf89Cu11,0
1763,Hf89Fe11,0
1764,Hf89Ni11,0
1765,Hf9Cu91,0
1766,Hf9Fe91,1
1767,Hf9Ni91,0
1768,Hf90Cu10,0
1769,Hf90Fe10,0
1770,Hf90Ni10,0
1771,Hf91Cu9,0
1772,Hf91Fe9,0
1773,Hf91Ni9,0
1774,Hf92Cu8,0
1775,Hf92Fe8,0
1776,Hf92Ni8,0
1777,Hf93Cu7,0
1778,Hf93Fe7,0
1779,Hf93Ni7,0
1780,Hf94Cu6,0
1781,Hf94Fe6,0
1782,Hf94Ni6,0
1783,Hf95Cu5,0
1784,Hf95Fe5,0
1785,Hf95Ni5,0
1786,Hf96Cu4,0
1787,Hf96Fe4,0
1788,Hf96Ni4,0
1789,Hf97Cu3,0
1790,Hf97Fe3,0
1791,Hf97Ni3,0
1792,Hf98Cu2,0
1793,Hf98Fe2,0
1794,Hf98Ni2,0
1795,Hf99Cu1,0
1796,Hf99Fe1,0
1797,Hf99Ni1,0
1798,Ho1Al99,0
1799,Ho10Al90,1
1800,Ho100,0
1801,Ho11Al89,1
1802,Ho12Al88,1
1803,Ho13Al87,0
1804,Ho14Al86,0
1805,Ho15Al85,0
1806,Ho16Al84,0
1807,Ho17Al83,0
1808,Ho18Al82,0
1809,Ho19Al81,0
1810,Ho2Al98,0
1811,Ho20Al80,0
1812,Ho21Al79,0
1813,Ho22Al78,0
1814,Ho23Al77,0
1815,Ho24Al76,0
1816,Ho25Al75,0
1817,Ho26Al74,0
1818,Ho27Al73,0
1819,Ho28Al72,0
1820,Ho29Al71,0
1821,Ho3Al97,0
1822,Ho30Al70,0
1823,Ho31Al69,0
1824,Ho32Al68,0
1825,Ho33Al67,0
1826,Ho34Al66,0
1827,Ho35Al65,0
1828,Ho36Al64,0
1829,Ho37Al63,0
1830,Ho38Al62,0
1831,Ho39Al61,0
1832,Ho4Al96,0
1833,Ho40Al60,0
1834,Ho41Al59,0
1835,Ho42Al58,0
1836,Ho43Al57,0
1837,Ho44Al56,0
1838,Ho45Al55,0
1839,Ho46Al54,0
1840,Ho47Al53,0
1841,Ho48Al52,0
1842,Ho49Al51,0
1843,Ho5Al95,0
1844,Ho50Al50,0
1845,Ho51Al49,0
1846,Ho52Al48,0
1847,Ho53Al47,0
1848,Ho54Al46,0
1849,Ho55Al45,0
1850,Ho56Al44,0
1851,Ho57Al43,0
1852,Ho58Al42,0
1853,Ho59Al41,0
1854,Ho6Al94,0
1855,Ho60Al40,0
1856,Ho61Al39,0
1857,Ho62Al38,0
1858,Ho63Al37,0
1859,Ho64Al36,0
1860,Ho65Al35,0
1861,Ho66Al34,0
1862,Ho67Al33,0
1863,Ho68Al32,0
1864,Ho69Al31,0
1865,Ho7Al93,0
1866,Ho70Al30,0
1867,Ho71Al29,0
1868,Ho72Al28,0
1869,Ho73Al27,0
1870,Ho74Al26,0
1871,Ho75Al25,0
1872,Ho76Al24,0
1873,Ho77Al23,0
1874,Ho78Al22,0
1875,Ho79Al21,0
1876,Ho8Al92,0
1877,Ho80Al20,0
1878,Ho81Al19,0
1879,Ho82Al18,0
1880,Ho83Al17,0
1881,Ho84Al16,0
1882,Ho85Al15,0
1883,Ho86Al14,0
1884,Ho87Al13,0
1885,Ho88Al12,0
1886,Ho89Al11,0
1887,Ho9Al91,1
1888,Ho90Al10,0
1889,Ho91Al9,0
1890,Ho92Al8,0
1891,Ho93Al7,0
1892,Ho94Al6,0
1893,Ho95Al5,0
1894,Ho96Al4,0
1895,Ho97Al3,0
1896,Ho98Al2,0
1897,Ho99Al1,0
1898,La1Al99,0
1899,La1Au99,0
1900,La1Ni99,0
1901,La10Al90,1
1902,La10Au90,0
1903,La10Ni90,0
1904,La100,0
1905,La11Al89,1
1906,La11Au89,0
1907,La11Ni89,0
1908,La12Al88,1
1909,La12Au88,0
1910,La12Ni88,0
1911,La13Al87,1
1912,La13Au87,0
1913,La13Ni87,0
1914,La14Al86,1
1915,La14Au86,0
1916,La14Ni86,0
1917,La15Al85,0
1918,La15Au85,0
1919,La15Ni85,0
1920,La16Al84,0
1921,La16Au84,0
1922,La16Ni84,0
1923,La17Al83,0
1924,La17Au83,0
1925,La17Ni83,0
1926,La18Al82,0
1927,La18Au82,0
1928,La18Ni82,0
1929,La19Al81,0
1930,La19Au81,0
1931,La19Ni81,0
1932,La2Al98,0
1933,La2Au98,0
1934,La2Ni98,0
1935,La20Al80,0
1936,La20Au80,0
1937,La20Ni80,0
1938,La21Al79,0
1939,La21Au79,0
1940,La21Ni79,0
1941,La22Al78,0
1942,La22Au78,0
1943,La22Ni78,0
1944,La23Al77,0
1945,La23Au77,0
1946,La23Ni77,0
1947,La24Al76,0
1948,La24Au76,0
1949,La24Ni76,0
1950,La25Al75,0
1951,La25Au75,0
1952,La25Ni75,0
1953,La26Al74,0
1954,La26Au74,0
1955,La26Ni74,0
1956,La27Al73,0
1957,La27Au73,0
1958,La27Ni73,0
1959,La28Al72,0
1960,La28Au72,0
1961,La28Ni72,0
1962,La29Al71,0
1963,La29Au71,0
1964,La29Ni71,0
1965,La3Al97,0
1966,La3Au97,0
1967,La3Ni97,0
1968,La30Al70,0
1969,La30Au70,0
1970,La30Ni70,0
1971,La31Al69,0
1972,La31Au69,0
1973,La31Ni69,0
1974,La32Al68,0
1975,La32Au68,0
1976,La32Ni68,0
1977,La33Al67,0
1978,La33Au67,0
1979,La33Ni67,0
1980,La34Al66,0
1981,La34Au66,0
1982,La34Ni66,0
1983,La35Al65,0
1984,La35Au65,0
1985,La35Ni65,0
1986,La36Al64,0
1987,La36Au64,0
1988,La36Ni64,0
1989,La37Al63,0
1990,La37Au63,0
1991,La37Ni63,0
1992,La38Al62,0
1993,La38Au62,0
1994,La38Ni62,0
1995,La39Al61,0
1996,La39Au61,0
1997,La39Ni61,0
1998,La4Al96,0
1999,La4Au96,0
2000,La4Ni96,0
2001,La40Al60,0
2002,La40Au60,0
2003,La40Ni60,0
2004,La41Al59,0
2005,La41Au59,0
2006,La41Ni59,0
2007,La42Al58,0
2008,La42Au58,0
2009,La42Ni58,0
2010,La43Al57,0
2011,La43Au57,0
2012,La43Ni57,0
2013,La44Al56,0
2014,La44Au56,0
2015,La44Ni56,0
2016,La45Al55,1
2017,La45Au55,0
2018,La45Ni55,0
2019,La46Al54,1
2020,La46Au54,0
2021,La46Ni54,0
2022,La47Al53,1
2023,La47Au53,0
2024,La47Ni53,0
2025,La48Al52,1
2026,La48Au52,0
2027,La48Ni52,0
2028,La49Al51,1
2029,La49Au51,0
2030,La49Ni51,0
2031,La5Al95,0
2032,La5Au95,0
2033,La5Ni95,0
2034,La50Al50,1
2035,La50Au50,0
2036,La50Ni50,0
2037,La51Al49,1
2038,La51Au49,0
2039,La51Ni49,0
2040,La52Al48,1
2041,La52Au48,0
2042,La52Ni48,0
2043,La53Al47,1
2044,La53Au47,0
2045,La53Ni47,0
2046,La54Al46,1
2047,La54Au46,0
2048,La54Ni46,0
2049,La55Al45,1
2050,La55Au45,0
2051,La55Ni45,0
2052,La56Al44,1
2053,La56Au44,0
2054,La56Ni44,0
2055,La57Al43,1
2056,La57Au43,0
2057,La57Ni43,0
2058,La58Al42,1
2059,La58Au42,0
2060,La58Ni42,0
2061,La59Al41,1
2062,La59Au41,0
2063,La59Ni41,0
2064,La6Al94,0
2065,La6Au94,0
2066,La6Ni94,0
2067,La60Al40,1
2068,La60Au40,0
2069,La60Ni40,1
2070,La61Al39,1
2071,La61Au39,0
2072,La61Ni39,1
2073,La62Al38,1
2074,La62Au38,0
2075,La62Ni38,1
2076,La63Al37,1
2077,La63Au37,0
2078,La63Ni37,1
2079,La64Al36,1
2080,La64Au36,0
2081,La64Ni36,1
2082,La65Al35,1
2083,La65Au35,0
2084,La65Ni35,1
2085,La66Al34,1
2086,La66Au34,0
2087,La66Ni34,1
2088,La67Al33,1
2089,La67Au33,0
2090,La67Ni33,1
2091,La68Al32,1
2092,La68Au32,0
2093,La68Ni32,1
2094,La69Al31,1
2095,La69Au31,0
2096,La69Ni31,1
2097,La7Al93,1
2098,La7Au93,0
2099,La7Ni93,0
2100,La70Al30,1
2101,La70Au30,0
2102,La70Ni30,1
2103,La71Al29,1
2104,La71Au29,0
2105,La71Ni29,0
2106,La72Al28,1
2107,La72Au28,0
2108,La72Ni28,0
2109,La73Al27,1
2110,La73Au27,0
2111,La73Ni27,0
2112,La74Al26,1
2113,La74Au26,1
2114,La74Ni26,0
2115,La75Al25,1
2116,La75Au25,1
2117,La75Ni25,0
2118,La76Al24,1
2119,La76Au24,1
2120,La76Ni24,0
2121,La77Al23,1
2122,La77Au23,1
2123,La77Ni23,0
2124,La78Al22,1
2125,La78Au22,1
2126,La78Ni22,0
2127,La79Al21,1
2128,La79Au21,1
2129,La79Ni21,0
2130,La8Al92,1
2131,La8Au92,0
2132,La8Ni92,0
2133,La80Al20,1
2134,La80Au20,1
2135,La80Ni20,0
2136,La81Al19,1
2137,La81Au19,1
2138,La81Ni19,0
2139,La82Al18,1
2140,La82Au18,1
2141,La82Ni18,0
2142,La83Al17,1
2143,La83Au17,0
2144,La83Ni17,0
2145,La84Al16,1
2146,La84Au16,0
2147,La84Ni16,0
2148,La85Al15,1
2149,La85Au15,0
2150,La85Ni15,0
2151,La86Al14,1
2152,La86Au14,0
2153,La86Ni14,0
2154,La87Al13,1
2155,La87Au13,0
2156,La87Ni13,0
2157,La88Al12,0
2158,La88Au12,0
2159,La88Ni12,0
2160,La89Al11,0
2161,La89Au11,0
2162,La89Ni11,0
2163,La9Al91,1
2164,La9Au91,0
2165,La9Ni91,0
2166,La90Al10,0
2167,La90Au10,0
2168,La90Ni10,0
2169,La91Al9,0
2170,La91Au9,0
2171,La91Ni9,0
2172,La92Al8,0
2173,La92Au8,0
2174,La92Ni8,0
2175,La93Al7,0
2176,La93Au7,0
2177,La93Ni7,0
2178,La94Al6,0
2179,La94Au6,0
2180,La94Ni6,0
2181,La95Al5,0
2182,La95Au5,0
2183,La95Ni5,0
2184,La96Al4,0
2185,La96Au4,0
2186,La96Ni4,0
2187,La97Al3,0
2188,La97Au3,0
2189,La97Ni3,0
2190,La98Al2,0
2191,La98Au2,0
2192,La98Ni2,0
2193,La99Al1,0
2194,La99Au1,0
2195,La99Ni1,0
2196,Mg1Zn99,0
2197,Mg10Zn90,0
2198,Mg100,0
2199,Mg11Zn89,0
2200,Mg12Zn88,0
2201,Mg13Zn87,0
2202,Mg14Zn86,0
2203,Mg15Zn85,0
2204,Mg16Zn84,0
2205,Mg17Zn83,0
2206,Mg18Zn82,0
2207,Mg19Zn81,0
2208,Mg2Zn98,0
2209,Mg20Zn80,0
2210,Mg21Zn79,0
2211,Mg22Zn78,0
2212,Mg23Zn77,0
2213,Mg24Zn76,0
2214,Mg25Zn75,0
2215,Mg26Zn74,0
2216,Mg27Zn73,0
2217,Mg28Zn72,0
2218,Mg29Zn71,0
2219,Mg3Zn97,0
2220,Mg30Zn70,0
2221,Mg31Zn69,0
2222,Mg32Zn68,0
2223,Mg33Zn67,0
2224,Mg34Zn66,0
2225,Mg35Zn65,0
2226,Mg36Zn64,0
2227,Mg37Zn63,0
2228,Mg38Zn62,0
2229,Mg39Zn61,0
2230,Mg4Zn96,0
2231,Mg40Zn60,0
2232,Mg41Zn59,0
2233,Mg42Zn58,0
2234,Mg43Zn57,0
2235,Mg44Zn56,0
2236,Mg45Zn55,0
2237,Mg46Zn54,0
2238,Mg47Zn53,0
2239,Mg48Zn52,0
2240,Mg49Zn51,0
2241,Mg5Zn95,0
2242,Mg50Zn50,0
2243,Mg51Zn49,0
2244,Mg52Zn48,0
2245,Mg53Zn47,0
2246,Mg54Zn46,0
2247,Mg55Zn45,0
2248,Mg56Zn44,0
2249,Mg57Zn43,0
2250,Mg58Zn42,0
2251,Mg59Zn41,0
2252,Mg6Zn94,0
2253,Mg60Zn40,0
2254,Mg61Zn39,0
2255,Mg62Zn38,0
2256,Mg63Zn37,0
2257,Mg64Zn36,0
2258,Mg65Zn35,1
2259,Mg66Zn34,1
2260,Mg67Zn33,1
2261,Mg68Zn32,1
2262,Mg69Zn31,1
2263,Mg7Zn93,0
2264,Mg70Zn30,1
2265,Mg71Zn29,1
2266,Mg72Zn28,1
2267,Mg73Zn27,1
2268,Mg74Zn26,1
2269,Mg75Zn25,1
2270,Mg76Zn24,1
2271,Mg77Zn23,0
2272,Mg78Zn22,0
2273,Mg79Zn21,0
2274,Mg8Zn92,0
2275,Mg80Zn20,0
2276,Mg81Zn19,0
2277,Mg82Zn18,0
2278,Mg83Zn17,0
2279,Mg84Zn16,0
2280,Mg85Zn15,0
2281,Mg86Zn14,0
2282,Mg87Zn13,0
2283,Mg88Zn12,0
2284,Mg89Zn11,0
2285,Mg9Zn91,0
2286,Mg90Zn10,0
2287,Mg91Zn9,0
2288,Mg92Zn8,0
2289,Mg93Zn7,0
2290,Mg94Zn6,0
2291,Mg95Zn5,0
2292,Mg96Zn4,0
2293,Mg97Zn3,0
2294,Mg98Zn2,0
2295,Mg99Zn1,0
2296,Mn1Al99,0
2297,Mn10Al90,0
2298,Mn100,0
2299,Mn11Al89,0
2300,Mn12Al88,0
2301,Mn13Al87,0
2302,Mn14Al86,0
2303,Mn15Al85,1
2304,Mn16Al84,1
2305,Mn17Al83,1
2306,Mn18Al82,1
2307,Mn19Al81,1
2308,Mn2Al98,0
2309,Mn20Al80,1
2310,Mn21Al79,1
2311,Mn22Al78,1
2312,Mn23Al77,1
2313,Mn24Al76,1
2314,Mn25Al75,1
2315,Mn26Al74,0
2316,Mn27Al73,0
2317,Mn28Al72,0
2318,Mn29Al71,0
2319,Mn3Al97,0
2320,Mn30Al70,0
2321,Mn31Al69,0
2322,Mn32Al68,0
2323,Mn33Al67,0
2324,Mn34Al66,0
2325,Mn35Al65,0
2326,Mn36Al64,0
2327,Mn37Al63,0
2328,Mn38Al62,0
2329,Mn39Al61,0
2330,Mn4Al96,0
2331,Mn40Al60,0
2332,Mn41Al59,0
2333,Mn42Al58,0
2334,Mn43Al57,0
2335,Mn44Al56,0
2336,Mn45Al55,0
2337,Mn46Al54,0
2338,Mn47Al53,0
2339,Mn48Al52,0
2340,Mn49Al51,0
2341,Mn5Al95,0
2342,Mn50Al50,0
2343,Mn51Al49,0
2344,Mn52Al48,0
2345,Mn53Al47,0
2346,Mn54Al46,0
2347,Mn55Al45,0
2348,Mn56Al44,0
2349,Mn57Al43,0
2350,Mn58Al42,0
2351,Mn59Al41,0
2352,Mn6Al94,0
2353,Mn60Al40,0
2354,Mn61Al39,0
2355,Mn62Al38,0
2356,Mn63Al37,0
2357,Mn64Al36,0
2358,Mn65Al35,0
2359,Mn66Al34,0
2360,Mn67Al33,0
2361,Mn68Al32,0
2362,Mn69Al31,0
2363,Mn7Al93,0
2364,Mn70Al30,0
2365,Mn71Al29,0
2366,Mn72Al28,0
2367,Mn73Al27,0
2368,Mn74Al26,0
2369,Mn75Al25,0
2370,Mn76Al24,0
2371,Mn77Al23,0
2372,Mn78Al22,0
2373,Mn79Al21,0
2374,Mn8Al92,0
2375,Mn80Al20,0
2376,Mn81Al19,0
2377,Mn82Al18,0
2378,Mn83Al17,0
2379,Mn84Al16,0
2380,Mn85Al15,0
2381,Mn86Al14,0
2382,Mn87Al13,0
2383,Mn88Al12,0
2384,Mn89Al11,0
2385,Mn9Al91,0
2386,Mn90Al10,0
2387,Mn91Al9,0
2388,Mn92Al8,0
2389,Mn93Al7,0
2390,Mn94Al6,0
2391,Mn95Al5,0
2392,Mn96Al4,0
2393,Mn97Al3,0
2394,Mn98Al2,0
2395,Mn99Al1,0
2396,Mo100,0
2397,Nb1Cr99,0
2398,Nb1Ni99,0
2399,Nb10Cr90,0
2400,Nb10Ni90,0
2401,Nb100,0
2402,Nb11Cr89,1
2403,Nb11Ni89,0
2404,Nb12Cr88,1
2405,Nb12Ni88,0
2406,Nb13Cr87,1
2407,Nb13Ni87,0
2408,Nb14Cr86,1
2409,Nb14Ni86,0
2410,Nb15Cr85,1
2411,Nb15Ni85,0
2412,Nb16Cr84,1
2413,Nb16Ni84,0
2414,Nb17Cr83,1
2415,Nb17Ni83,0
2416,Nb18Cr82,0
2417,Nb18Ni82,0
2418,Nb19Cr81,0
2419,Nb19Ni81,0
2420,Nb2Cr98,0
2421,Nb2Ni98,0
2422,Nb20Cr80,0
2423,Nb20Ni80,0
2424,Nb21Cr79,0
2425,Nb21Ni79,0
2426,Nb22Cr78,0
2427,Nb22Ni78,0
2428,Nb23Cr77,0
2429,Nb23Ni77,0
2430,Nb24Cr76,0
2431,Nb24Ni76,0
2432,Nb25Cr75,0
2433,Nb25Ni75,0
2434,Nb26Cr74,0
2435,Nb26Ni74,0
2436,Nb27Cr73,0
2437,Nb27Ni73,0
2438,Nb28Cr72,0
2439,Nb28Ni72,0
2440,Nb29Cr71,0
2441,Nb29Ni71,0
2442,Nb3Cr97,0
2443,Nb3Ni97,0
2444,Nb30Cr70,0
2445,Nb30Ni70,0
2446,Nb31Cr69,0
2447,Nb31Ni69,0
2448,Nb32Cr68,0
2449,Nb32Ni68,0
2450,Nb33Cr67,0
2451,Nb33Ni67,0
2452,Nb34Cr66,0
2453,Nb34Ni66,0
2454,Nb35Cr65,0
2455,Nb35Ni65,0
2456,Nb36Cr64,0
2457,Nb36Ni64,0
2458,Nb37Cr63,0
2459,Nb37Ni63,1
2460,Nb38Cr62,0
2461,Nb38Ni62,1
2462,Nb39Cr61,0
2463,Nb39Ni61,1
2464,Nb4Cr96,0
2465,Nb4Ni96,0
2466,Nb40Cr60,0
2467,Nb40Ni60,1
2468,Nb41Cr59,0
2469,Nb41Ni59,1
2470,Nb42Cr58,0
2471,Nb42Ni58,1
2472,Nb43Cr57,0
2473,Nb43Ni57,1
2474,Nb44Cr56,0
2475,Nb44Ni56,1
2476,Nb45Cr55,0
2477,Nb45Ni55,1
2478,Nb46Cr54,0
2479,Nb46Ni54,1
2480,Nb47Cr53,0
2481,Nb47Ni53,1
2482,Nb48Cr52,0
2483,Nb48Ni52,1
2484,Nb49Cr51,0
2485,Nb49Ni51,1
2486,Nb5Cr95,0
2487,Nb5Ni95,0
2488,Nb50Cr50,0
2489,Nb50Ni50,1
2490,Nb51Cr49,0
2491,Nb51Ni49,1
2492,Nb52Cr48,0
2493,Nb52Ni48,1
2494,Nb53Cr47,0
2495,Nb53Ni47,1
2496,Nb54Cr46,0
2497,Nb54Ni46,1
2498,Nb55Cr45,0
2499,Nb55Ni45,1
2500,Nb56Cr44,0
2501,Nb56Ni44,1
2502,Nb57Cr43,0
2503,Nb57Ni43,1
2504,Nb58Cr42,0
2505,Nb58Ni42,1
2506,Nb59Cr41,0
2507,Nb59Ni41,1
2508,Nb6Cr94,0
2509,Nb6Ni94,0
2510,Nb60Cr40,0
2511,Nb60Ni40,1
2512,Nb61Cr39,0
2513,Nb61Ni39,0
2514,Nb62Cr38,0
2515,Nb62Ni38,0
2516,Nb63Cr37,0
2517,Nb63Ni37,0
2518,Nb64Cr36,0
2519,Nb64Ni36,0
2520,Nb65Cr35,0
2521,Nb65Ni35,0
2522,Nb66Cr34,0
2523,Nb66Ni34,0
2524,Nb67Cr33,0
2525,Nb67Ni33,0
2526,Nb68Cr32,0
2527,Nb68Ni32,0
2528,Nb69Cr31,0
2529,Nb69Ni31,0
2530,Nb7Cr93,0
2531,Nb7Ni93,0
2532,Nb70Cr30,0
2533,Nb70Ni30,0
2534,Nb71Cr29,0
2535,Nb71Ni29,0
2536,Nb72Cr28,0
2537,Nb72Ni28,0
2538,Nb73Cr27,0
2539,Nb73Ni27,0
2540,Nb74Cr26,0
2541,Nb74Ni26,0
2542,Nb75Cr25,0
2543,Nb75Ni25,0
2544,Nb76Cr24,0
2545,Nb76Ni24,0
2546,Nb77Cr23,0
2547,Nb77Ni23,0
2548,Nb78Cr22,0
2549,Nb78Ni22,0
2550,Nb79Cr21,0
2551,Nb79Ni21,0
2552,Nb8Cr92,0
2553,Nb8Ni92,0
2554,Nb80Cr20,0
2555,Nb80Ni20,0
2556,Nb81Cr19,0
2557,Nb81Ni19,0
2558,Nb82Cr18,0
2559,Nb82Ni18,0
2560,Nb83Cr17,0
2561,Nb83Ni17,0
2562,Nb84Cr16,0
2563,Nb84Ni16,0
2564,Nb85Cr15,0
2565,Nb85Ni15,0
2566,Nb86Cr14,0
2567,Nb86Ni14,0
2568,Nb87Cr13,0
2569,Nb87Ni13,0
2570,Nb88Cr12,0
2571,Nb88Ni12,0
2572,Nb89Cr11,0
2573,Nb89Ni11,0
2574,Nb9Cr91,0
2575,Nb9Ni91,0
2576,Nb90Cr10,0
2577,Nb90Ni10,0
2578,Nb91Cr9,0
2579,Nb91Ni9,0
2580,Nb92Cr8,0
2581,Nb92Ni8,0
2582,Nb93Cr7,0
2583,Nb93Ni7,0
2584,Nb94Cr6,0
2585,Nb94Ni6,0
2586,Nb95Cr5,0
2587,Nb95Ni5,0
2588,Nb96Cr4,0
2589,Nb96Ni4,0
2590,Nb97Cr3,0
2591,Nb97Ni3,0
2592,Nb98Cr2,0
2593,Nb98Ni2,0
2594,Nb99Cr1,0
2595,Nb99Ni1,0
2596,Nd1Al99,0
2597,Nd1Fe99,0
2598,Nd10Al90,1
2599,Nd10Fe90,0
2600,Nd100,0
2601,Nd11Al89,1
2602,Nd11Fe89,1
2603,Nd12Al88,1
2604,Nd12Fe88,1
2605,Nd13Al87,1
2606,Nd13Fe87,1
2607,Nd14Al86,1
2608,Nd14Fe86,1
2609,Nd15Al85,0
2610,Nd15Fe85,1
2611,Nd16Al84,0
2612,Nd16Fe84,1
2613,Nd17Al83,0
2614,Nd17Fe83,1
2615,Nd18Al82,0
2616,Nd18Fe82,1
2617,Nd19Al81,0
2618,Nd19Fe81,1
2619,Nd2Al98,0
2620,Nd2Fe98,0
2621,Nd20Al80,0
2622,Nd20Fe80,1
2623,Nd21Al79,0
2624,Nd21Fe79,1
2625,Nd22Al78,0
2626,Nd22Fe78,1
2627,Nd23Al77,0
2628,Nd23Fe77,1
2629,Nd24Al76,0
2630,Nd24Fe76,1
2631,Nd25Al75,0
2632,Nd25Fe75,1
2633,Nd26Al74,0
2634,Nd26Fe74,1
2635,Nd27Al73,0
2636,Nd27Fe73,1
2637,Nd28Al72,0
2638,Nd28Fe72,1
2639,Nd29Al71,0
2640,Nd29Fe71,1
2641,Nd3Al97,0
2642,Nd3Fe97,0
2643,Nd30Al70,0
2644,Nd30Fe70,1
2645,Nd31Al69,0
2646,Nd31Fe69,1
2647,Nd32Al68,0
2648,Nd32Fe68,1
2649,Nd33Al67,0
2650,Nd33Fe67,1
2651,Nd34Al66,0
2652,Nd34Fe66,1
2653,Nd35Al65,0
2654,Nd35Fe65,1
2655,Nd36Al64,0
2656,Nd36Fe64,1
2657,Nd37Al63,0
2658,Nd37Fe63,1
2659,Nd38Al62,0
2660,Nd38Fe62,1
2661,Nd39Al61,0
2662,Nd39Fe61,1
2663,Nd4Al96,0
2664,Nd4Fe96,0
2665,Nd40Al60,0
2666,Nd40Fe60,1
2667,Nd41Al59,0
2668,Nd41Fe59,1
2669,Nd42Al58,0
2670,Nd42Fe58,1
2671,Nd43Al57,0
2672,Nd43Fe57,1
2673,Nd44Al56,0
2674,Nd44Fe56,1
2675,Nd45Al55,0
2676,Nd45Fe55,1
2677,Nd46Al54,0
2678,Nd46Fe54,1
2679,Nd47Al53,0
2680,Nd47Fe53,1
2681,Nd48Al52,0
2682,Nd48Fe52,1
2683,Nd49Al51,0
2684,Nd49Fe51,1
2685,Nd5Al95,0
2686,Nd5Fe95,0
2687,Nd50Al50,0
2688,Nd50Fe50,1
2689,Nd51Al49,0
2690,Nd51Fe49,1
2691,Nd52Al48,0
2692,Nd52Fe48,1
2693,Nd53Al47,0
2694,Nd53Fe47,1
2695,Nd54Al46,0
2696,Nd54Fe46,1
2697,Nd55Al45,0
2698,Nd55Fe45,1
2699,Nd56Al44,0
2700,Nd56Fe44,1
2701,Nd57Al43,0
2702,Nd57Fe43,1
2703,Nd58Al42,0
2704,Nd58Fe42,1
2705,Nd59Al41,0
2706,Nd59Fe41,1
2707,Nd6Al94,0
2708,Nd6Fe94,0
2709,Nd60Al40,0
2710,Nd60Fe40,1
2711,Nd61Al39,0
2712,Nd61Fe39,0
2713,Nd62Al38,0
2714,Nd62Fe38,0
2715,Nd63Al37,0
2716,Nd63Fe37,0
2717,Nd64Al36,0
2718,Nd64Fe36,0
2719,Nd65Al35,0
2720,Nd65Fe35,0
2721,Nd66Al34,0
2722,Nd66Fe34,0
2723,Nd67Al33,0
2724,Nd67Fe33,0
2725,Nd68Al32,0
2726,Nd68Fe32,0
2727,Nd69Al31,0
2728,Nd69Fe31,0
2729,Nd7Al93,0
2730,Nd7Fe93,0
2731,Nd70Al30,0
2732,Nd70Fe30,0
2733,Nd71Al29,0
2734,Nd71Fe29,0
2735,Nd72Al28,0
2736,Nd72Fe28,0
2737,Nd73Al27,0
2738,Nd73Fe27,0
2739,Nd74Al26,0
2740,Nd74Fe26,0
2741,Nd75Al25,0
2742,Nd75Fe25,0
2743,Nd76Al24,0
2744,Nd76Fe24,0
2745,Nd77Al23,0
2746,Nd77Fe23,0
2747,Nd78Al22,0
2748,Nd78Fe22,0
2749,Nd79Al21,0
2750,Nd79Fe21,0
2751,Nd8Al92,1
2752,Nd8Fe92,0
2753,Nd80Al20,0
2754,Nd80Fe20,0
2755,Nd81Al19,0
2756,Nd81Fe19,0
2757,Nd82Al18,0
2758,Nd82Fe18,0
2759,Nd83Al17,0
2760,Nd83Fe17,0
2761,Nd84Al16,0
2762,Nd84Fe16,0
2763,Nd85Al15,0
2764,Nd85Fe15,0
2765,Nd86Al14,0
2766,Nd86Fe14,0
2767,Nd87Al13,0
2768,Nd87Fe13,0
2769,Nd88Al12,0
2770,Nd88Fe12,0
2771,Nd89Al11,0
2772,Nd89Fe11,0
2773,Nd9Al91,1
2774,Nd9Fe91,0
2775,Nd90Al10,0
2776,Nd90Fe10,0
2777,Nd91Al9,0
2778,Nd91Fe9,0
2779,Nd92Al8,0
2780,Nd92Fe8,0
2781,Nd93Al7,0
2782,Nd93Fe7,0
2783,Nd94Al6,0
2784,Nd94Fe6,0
2785,Nd95Al5,0
2786,Nd95Fe5,0
2787,Nd96Al4,0
2788,Nd96Fe4,0
2789,Nd97Al3,0
2790,Nd97Fe3,0
2791,Nd98Al2,0
2792,Nd98Fe2,0
2793,Nd99Al1,0
2794,Nd99Fe1,0
2795,Ni1B99,0
2796,Ni10B90,0
2797,Ni100,0
2798,Ni11B89,0
2799,Ni12B88,0
2800,Ni13B87,0
2801,Ni14B86,0
2802,Ni15B85,0
2803,Ni16B84,0
2804,Ni17B83,0
2805,Ni18B82,0
2806,Ni19B81,0
2807,Ni2B98,0
2808,Ni20B80,0
2809,Ni21B79,0
2810,Ni22B78,0
2811,Ni23B77,0
2812,Ni24B76,0
2813,Ni25B75,0
2814,Ni26B74,0
2815,Ni27B73,0
2816,Ni28B72,0
2817,Ni29B71,0
2818,Ni3B97,0
2819,Ni30B70,0
2820,Ni31B69,0
2821,Ni32B68,0
2822,Ni33B67,0
2823,Ni34B66,0
2824,Ni35B65,0
2825,Ni36B64,0
2826,Ni37B63,0
2827,Ni38B62,0
2828,Ni39B61,0
2829,Ni4B96,0
2830,Ni40B60,0
2831,Ni41B59,0
2832,Ni42B58,0
2833,Ni43B57,0
2834,Ni44B56,0
2835,Ni45B55,0
2836,Ni46B54,0
2837,Ni47B53,0
2838,Ni48B52,0
2839,Ni49B51,0
2840,Ni5B95,0
2841,Ni50B50,0
2842,Ni51B49,0
2843,Ni52B48,0
2844,Ni53B47,0
2845,Ni54B46,0
2846,Ni55B45,0
2847,Ni56B44,0
2848,Ni57B43,0
2849,Ni58B42,0
2850,Ni59B41,1
2851,Ni6B94,0
2852,Ni60B40,1
2853,Ni61B39,1
2854,Ni62B38,1
2855,Ni63B37,1
2856,Ni64B36,1
2857,Ni65B35,1
2858,Ni66B34,1
2859,Ni67B33,1
2860,Ni68B32,1
2861,Ni69B31,1
2862,Ni7B93,0
2863,Ni70B30,1
2864,Ni71B29,1
2865,Ni72B28,1
2866,Ni73B27,0
2867,Ni74B26,0
2868,Ni75B25,0
2869,Ni76B24,0
2870,Ni77B23,0
2871,Ni78B22,0
2872,Ni79B21,0
2873,Ni8B92,0
2874,Ni80B20,0
2875,Ni81B19,0
2876,Ni82B18,0
2877,Ni83B17,0
2878,Ni84B16,0
2879,Ni85B15,0
2880,Ni86B14,0
2881,Ni87B13,0
2882,Ni88B12,0
2883,Ni89B11,0
2884,Ni9B91,0
2885,Ni90B10,0
2886,Ni91B9,0
2887,Ni92B8,0
2888,Ni93B7,0
2889,Ni94B6,0
2890,Ni95B5,0
2891,Ni96B4,0
2892,Ni97B3,0
2893,Ni98B2,0
2894,Ni99B1,0
2895,Pd100,0
2896,Pr1Al99,0
2897,Pr1Fe99,0
2898,Pr10Al90,1
2899,Pr10Fe90,0
2900,Pr100,0
2901,Pr11Al89,1
2902,Pr11Fe89,0
2903,Pr12Al88,0
2904,Pr12Fe88,0
2905,Pr13Al87,0
2906,Pr13Fe87,0
2907,Pr14Al86,0
2908,Pr14Fe86,0
2909,Pr15Al85,0
2910,Pr15Fe85,0
2911,Pr16Al84,0
2912,Pr16Fe84,0
2913,Pr17Al83,0
2914,Pr17Fe83,0
2915,Pr18Al82,0
2916,Pr18Fe82,0
2917,Pr19Al81,0
2918,Pr19Fe81,0
2919,Pr2Al98,0
2920,Pr2Fe98,0
2921,Pr20Al80,0
2922,Pr20Fe80,0
2923,Pr21Al79,0
2924,Pr21Fe79,0
2925,Pr22Al78,0
2926,Pr22Fe78,0
2927,Pr23Al77,0
2928,Pr23Fe77,0
2929,Pr24Al76,0
2930,Pr24Fe76,0
2931,Pr25Al75,0
2932,Pr25Fe75,0
2933,Pr26Al74,0
2934,Pr26Fe74,0
2935,Pr27Al73,0
2936,Pr27Fe73,0
2937,Pr28Al72,0
2938,Pr28Fe72,0
2939,Pr29Al71,0
2940,Pr29Fe71,0
2941,Pr3Al97,0
2942,Pr3Fe97,0
2943,Pr30Al70,0
2944,Pr30Fe70,0
2945,Pr31Al69,0
2946,Pr31Fe69,0
2947,Pr32Al68,0
2948,Pr32Fe68,0
2949,Pr33Al67,0
2950,Pr33Fe67,0
2951,Pr34Al66,0
2952,Pr34Fe66,0
2953,Pr35Al65,0
2954,Pr35Fe65,0
2955,Pr36Al64,0
2956,Pr36Fe64,0
2957,Pr37Al63,0
2958,Pr37Fe63,0
2959,Pr38Al62,0
2960,Pr38Fe62,0
2961,Pr39Al61,0
2962,Pr39Fe61,0
2963,Pr4Al96,0
2964,Pr4Fe96,0
2965,Pr40Al60,0
2966,Pr40Fe60,0
2967,Pr41Al59,0
2968,Pr41Fe59,0
2969,Pr42Al58,0
2970,Pr42Fe58,0
2971,Pr43Al57,0
2972,Pr43Fe57,0
2973,Pr44Al56,0
2974,Pr44Fe56,0
2975,Pr45Al55,0
2976,Pr45Fe55,1
2977,Pr46Al54,0
2978,Pr46Fe54,1
2979,Pr47Al53,0
2980,Pr47Fe53,1
2981,Pr48Al52,0
2982,Pr48Fe52,1
2983,Pr49Al51,0
2984,Pr49Fe51,1
2985,Pr5Al95,0
2986,Pr5Fe95,0
2987,Pr50Al50,0
2988,Pr50Fe50,1
2989,Pr51Al49,0
2990,Pr51Fe49,1
2991,Pr52Al48,0
2992,Pr52Fe48,1
2993,Pr53Al47,0
2994,Pr53Fe47,1
2995,Pr54Al46,0
2996,Pr54Fe46,1
2997,Pr55Al45,0
2998,Pr55Fe45,1
2999,Pr56Al44,0
3000,Pr56Fe44,1
3001,Pr57Al43,0
3002,Pr57Fe43,1
3003,Pr58Al42,0
3004,Pr58Fe42,1
3005,Pr59Al41,0
3006,Pr59Fe41,1
3007,Pr6Al94,0
3008,Pr6Fe94,0
3009,Pr60Al40,0
3010,Pr60Fe40,1
3011,Pr61Al39,0
3012,Pr61Fe39,1
3013,Pr62Al38,0
3014,Pr62Fe38,1
3015,Pr63Al37,0
3016,Pr63Fe37,1
3017,Pr64Al36,0
3018,Pr64Fe36,1
3019,Pr65Al35,0
3020,Pr65Fe35,1
3021,Pr66Al34,0
3022,Pr66Fe34,1
3023,Pr67Al33,0
3024,Pr67Fe33,1
3025,Pr68Al32,0
3026,Pr68Fe32,1
3027,Pr69Al31,0
3028,Pr69Fe31,1
3029,Pr7Al93,0
3030,Pr7Fe93,0
3031,Pr70Al30,0
3032,Pr70Fe30,1
3033,Pr71Al29,0
3034,Pr71Fe29,1
3035,Pr72Al28,0
3036,Pr72Fe28,1
3037,Pr73Al27,0
3038,Pr73Fe27,1
3039,Pr74Al26,0
3040,Pr74Fe26,1
3041,Pr75Al25,0
3042,Pr75Fe25,1
3043,Pr76Al24,0
3044,Pr76Fe24,1
3045,Pr77Al23,0
3046,Pr77Fe23,1
3047,Pr78Al22,0
3048,Pr78Fe22,1
3049,Pr79Al21,0
3050,Pr79Fe21,1
3051,Pr8Al92,0
3052,Pr8Fe92,0
3053,Pr80Al20,0
3054,Pr80Fe20,1
3055,Pr81Al19,0
3056,Pr81Fe19,1
3057,Pr82Al18,0
3058,Pr82Fe18,1
3059,Pr83Al17,0
3060,Pr83Fe17,1
3061,Pr84Al16,0
3062,Pr84Fe16,1
3063,Pr85Al15,0
3064,Pr85Fe15,1
3065,Pr86Al14,0
3066,Pr86Fe14,1
3067,Pr87Al13,0
3068,Pr87Fe13,1
3069,Pr88Al12,0
3070,Pr88Fe12,1
3071,Pr89Al11,0
3072,Pr89Fe11,1
3073,Pr9Al91,1
3074,Pr9Fe91,0
3075,Pr90Al10,0
3076,Pr90Fe10,1
3077,Pr91Al9,0
3078,Pr91Fe9,0
3079,Pr92Al8,0
3080,Pr92Fe8,0
3081,Pr93Al7,0
3082,Pr93Fe7,0
3083,Pr94Al6,0
3084,Pr94Fe6,0
3085,Pr95Al5,0
3086,Pr95Fe5,0
3087,Pr96Al4,0
3088,Pr96Fe4,0
3089,Pr97Al3,0
3090,Pr97Fe3,0
3091,Pr98Al2,0
3092,Pr98Fe2,0
3093,Pr99Al1,0
3094,Pr99Fe1,0
3095,Pt100,0
3096,Rh100,0
3097,Sm1Al99,0
3098,Sm10Al90,1
3099,Sm100,0
3100,Sm11Al89,1
3101,Sm12Al88,1
3102,Sm13Al87,1
3103,Sm14Al86,1
3104,Sm15Al85,1
3105,Sm16Al84,1
3106,Sm17Al83,0
3107,Sm18Al82,0
3108,Sm19Al81,0
3109,Sm2Al98,0
3110,Sm20Al80,0
3111,Sm21Al79,0
3112,Sm22Al78,0
3113,Sm23Al77,0
3114,Sm24Al76,0
3115,Sm25Al75,0
3116,Sm26Al74,0
3117,Sm27Al73,0
3118,Sm28Al72,0
3119,Sm29Al71,0
3120,Sm3Al97,0
3121,Sm30Al70,0
3122,Sm31Al69,0
3123,Sm32Al68,0
3124,Sm33Al67,0
3125,Sm34Al66,0
3126,Sm35Al65,0
3127,Sm36Al64,0
3128,Sm37Al63,0
3129,Sm38Al62,0
3130,Sm39Al61,0
3131,Sm4Al96,0
3132,Sm40Al60,0
3133,Sm41Al59,0
3134,Sm42Al58,0
3135,Sm43Al57,0
3136,Sm44Al56,0
3137,Sm45Al55,0
3138,Sm46Al54,0
3139,Sm47Al53,0
3140,Sm48Al52,0
3141,Sm49Al51,0
3142,Sm5Al95,0
3143,Sm50Al50,0
3144,Sm51Al49,0
3145,Sm52Al48,0
3146,Sm53Al47,0
3147,Sm54Al46,0
3148,Sm55Al45,0
3149,Sm56Al44,0
3150,Sm57Al43,0
3151,Sm58Al42,0
3152,Sm59Al41,0
3153,Sm6Al94,0
3154,Sm60Al40,0
3155,Sm61Al39,0
3156,Sm62Al38,0
3157,Sm63Al37,0
3158,Sm64Al36,0
3159,Sm65Al35,0
3160,Sm66Al34,0
3161,Sm67Al33,0
3162,Sm68Al32,0
3163,Sm69Al31,0
3164,Sm7Al93,0
3165,Sm70Al30,0
3166,Sm71Al29,0
3167,Sm72Al28,0
3168,Sm73Al27,0
3169,Sm74Al26,0
3170,Sm75Al25,0
3171,Sm76Al24,0
3172,Sm77Al23,0
3173,Sm78Al22,0
3174,Sm79Al21,0
3175,Sm8Al92,1
3176,Sm80Al20,0
3177,Sm81Al19,0
3178,Sm82Al18,0
3179,Sm83Al17,0
3180,Sm84Al16,0
3181,Sm85Al15,0
3182,Sm86Al14,0
3183,Sm87Al13,0
3184,Sm88Al12,0
3185,Sm89Al11,0
3186,Sm9Al91,1
3187,Sm90Al10,0
3188,Sm91Al9,0
3189,Sm92Al8,0
3190,Sm93Al7,0
3191,Sm94Al6,0
3192,Sm95Al5,0
3193,Sm96Al4,0
3194,Sm97Al3,0
3195,Sm98Al2,0
3196,Sm99Al1,0
3197,Ta1Cr99,0
3198,Ta1Ni99,0
3199,Ta10Cr90,1
3200,Ta10Ni90,0
3201,Ta100,0
3202,Ta11Cr89,1
3203,Ta11Ni89,0
3204,Ta12Cr88,1
3205,Ta12Ni88,0
3206,Ta13Cr87,1
3207,Ta13Ni87,0
3208,Ta14Cr86,0
3209,Ta14Ni86,0
3210,Ta15Cr85,0
3211,Ta15Ni85,0
3212,Ta16Cr84,0
3213,Ta16Ni84,0
3214,Ta17Cr83,0
3215,Ta17Ni83,0
3216,Ta18Cr82,0
3217,Ta18Ni82,0
3218,Ta19Cr81,0
3219,Ta19Ni81,0
3220,Ta2Cr98,0
3221,Ta2Ni98,0
3222,Ta20Cr80,0
3223,Ta20Ni80,0
3224,Ta21Cr79,0
3225,Ta21Ni79,0
3226,Ta22Cr78,0
3227,Ta22Ni78,0
3228,Ta23Cr77,0
3229,Ta23Ni77,0
3230,Ta24Cr76,0
3231,Ta24Ni76,0
3232,Ta25Cr75,0
3233,Ta25Ni75,0
3234,Ta26Cr74,0
3235,Ta26Ni74,0
3236,Ta27Cr73,0
3237,Ta27Ni73,0
3238,Ta28Cr72,0
3239,Ta28Ni72,0
3240,Ta29Cr71,0
3241,Ta29Ni71,0
3242,Ta3Cr97,0
3243,Ta3Ni97,0
3244,Ta30Cr70,0
3245,Ta30Ni70,1
3246,Ta31Cr69,0
3247,Ta31Ni69,1
3248,Ta32Cr68,0
3249,Ta32Ni68,1
3250,Ta33Cr67,0
3251,Ta33Ni67,1
3252,Ta34Cr66,0
3253,Ta34Ni66,1
3254,Ta35Cr65,0
3255,Ta35Ni65,1
3256,Ta36Cr64,0
3257,Ta36Ni64,1
3258,Ta37Cr63,0
3259,Ta37Ni63,1
3260,Ta38Cr62,0
3261,Ta38Ni62,1
3262,Ta39Cr61,0
3263,Ta39Ni61,1
3264,Ta4Cr96,0
3265,Ta4Ni96,0
3266,Ta40Cr60,0
3267,Ta40Ni60,1
3268,Ta41Cr59,0
3269,Ta41Ni59,1
3270,Ta42Cr58,0
3271,Ta42Ni58,1
3272,Ta43Cr57,0
3273,Ta43Ni57,1
3274,Ta44Cr56,0
3275,Ta44Ni56,1
3276,Ta45Cr55,0
3277,Ta45Ni55,1
3278,Ta46Cr54,0
3279,Ta46Ni54,1
3280,Ta47Cr53,0
3281,Ta47Ni53,1
3282,Ta48Cr52,0
3283,Ta48Ni52,1
3284,Ta49Cr51,0
3285,Ta49Ni51,1
3286,Ta5Cr95,0
3287,Ta5Ni95,0
3288,Ta50Cr50,0
3289,Ta50Ni50,1
3290,Ta51Cr49,0
3291,Ta51Ni49,0
3292,Ta52Cr48,0
3293,Ta52Ni48,0
3294,Ta53Cr47,0
3295,Ta53Ni47,0
3296,Ta54Cr46,0
3297,Ta54Ni46,0
3298,Ta55Cr45,0
3299,Ta55Ni45,0
3300,Ta56Cr44,0
3301,Ta56Ni44,0
3302,Ta57Cr43,0
3303,Ta57Ni43,0
3304,Ta58Cr42,0
3305,Ta58Ni42,0
3306,Ta59Cr41,0
3307,Ta59Ni41,0
3308,Ta6Cr94,0
3309,Ta6Ni94,0
3310,Ta60Cr40,0
3311,Ta60Ni40,0
3312,Ta61Cr39,0
3313,Ta61Ni39,0
3314,Ta62Cr38,0
3315,Ta62Ni38,0
3316,Ta63Cr37,0
3317,Ta63Ni37,0
3318,Ta64Cr36,0
3319,Ta64Ni36,0
3320,Ta65Cr35,0
3321,Ta65Ni35,0
3322,Ta66Cr34,0
3323,Ta66Ni34,0
3324,Ta67Cr33,0
3325,Ta67Ni33,0
3326,Ta68Cr32,0
3327,Ta68Ni32,0
3328,Ta69Cr31,0
3329,Ta69Ni31,0
3330,Ta7Cr93,1
3331,Ta7Ni93,0
3332,Ta70Cr30,0
3333,Ta70Ni30,0
3334,Ta71Cr29,0
3335,Ta71Ni29,0
3336,Ta72Cr28,0
3337,Ta72Ni28,0
3338,Ta73Cr27,0
3339,Ta73Ni27,0
3340,Ta74Cr26,0
3341,Ta74Ni26,0
3342,Ta75Cr25,0
3343,Ta75Ni25,0
3344,Ta76Cr24,0
3345,Ta76Ni24,0
3346,Ta77Cr23,0
3347,Ta77Ni23,0
3348,Ta78Cr22,0
3349,Ta78Ni22,0
3350,Ta79Cr21,0
3351,Ta79Ni21,0
3352,Ta8Cr92,1
3353,Ta8Ni92,0
3354,Ta80Cr20,0
3355,Ta80Ni20,0
3356,Ta81Cr19,0
3357,Ta81Ni19,0
3358,Ta82Cr18,0
3359,Ta82Ni18,0
3360,Ta83Cr17,0
3361,Ta83Ni17,0
3362,Ta84Cr16,0
3363,Ta84Ni16,0
3364,Ta85Cr15,0
3365,Ta85Ni15,0
3366,Ta86Cr14,0
3367,Ta86Ni14,0
3368,Ta87Cr13,0
3369,Ta87Ni13,0
3370,Ta88Cr12,0
3371,Ta88Ni12,0
3372,Ta89Cr11,0
3373,Ta89Ni11,0
3374,Ta9Cr91,1
3375,Ta9Ni91,0
3376,Ta90Cr10,0
3377,Ta90Ni10,0
3378,Ta91Cr9,0
3379,Ta91Ni9,0
3380,Ta92Cr8,0
3381,Ta92Ni8,0
3382,Ta93Cr7,0
3383,Ta93Ni7,0
3384,Ta94Cr6,0
3385,Ta94Ni6,0
3386,Ta95Cr5,0
3387,Ta95Ni5,0
3388,Ta96Cr4,0
3389,Ta96Ni4,0
3390,Ta97Cr3,0
3391,Ta97Ni3,0
3392,Ta98Cr2,0
3393,Ta98Ni2,0
3394,Ta99Cr1,0
3395,Ta99Ni1,0
3396,Tb1Al99,0
3397,Tb1Co99,0
3398,Tb10Al90,1
3399,Tb10Co90,0
3400,Tb100,0
3401,Tb11Al89,1
3402,Tb11Co89,0
3403,Tb12Al88,1
3404,Tb12Co88,0
3405,Tb13Al87,1
3406,Tb13Co87,0
3407,Tb14Al86,1
3408,Tb14Co86,0
3409,Tb15Al85,0
3410,Tb15Co85,0
3411,Tb16Al84,0
3412,Tb16Co84,0
3413,Tb17Al83,0
3414,Tb17Co83,0
3415,Tb18Al82,0
3416,Tb18Co82,0
3417,Tb19Al81,0
3418,Tb19Co81,0
3419,Tb2Al98,0
3420,Tb2Co98,0
3421,Tb20Al80,0
3422,Tb20Co80,0
3423,Tb21Al79,0
3424,Tb21Co79,0
3425,Tb22Al78,0
3426,Tb22Co78,0
3427,Tb23Al77,0
3428,Tb23Co77,0
3429,Tb24Al76,0
3430,Tb24Co76,0
3431,Tb25Al75,0
3432,Tb25Co75,0
3433,Tb26Al74,0
3434,Tb26Co74,0
3435,Tb27Al73,0
3436,Tb27Co73,0
3437,Tb28Al72,0
3438,Tb28Co72,0
3439,Tb29Al71,0
3440,Tb29Co71,0
3441,Tb3Al97,0
3442,Tb3Co97,0
3443,Tb30Al70,0
3444,Tb30Co70,0
3445,Tb31Al69,0
3446,Tb31Co69,0
3447,Tb32Al68,0
3448,Tb32Co68,0
3449,Tb33Al67,0
3450,Tb33Co67,0
3451,Tb34Al66,0
3452,Tb34Co66,0
3453,Tb35Al65,0
3454,Tb35Co65,0
3455,Tb36Al64,0
3456,Tb36Co64,0
3457,Tb37Al63,0
3458,Tb37Co63,0
3459,Tb38Al62,0
3460,Tb38Co62,0
3461,Tb39Al61,0
3462,Tb39Co61,0
3463,Tb4Al96,0
3464,Tb4Co96,0
3465,Tb40Al60,0
3466,Tb40Co60,0
3467,Tb41Al59,0
3468,Tb41Co59,0
3469,Tb42Al58,0
3470,Tb42Co58,0
3471,Tb43Al57,0
3472,Tb43Co57,0
3473,Tb44Al56,0
3474,Tb44Co56,0
3475,Tb45Al55,0
3476,Tb45Co55,1
3477,Tb46Al54,0
3478,Tb46Co54,1
3479,Tb47Al53,0
3480,Tb47Co53,1
3481,Tb48Al52,0
3482,Tb48Co52,1
3483,Tb49Al51,0
3484,Tb49Co51,1
3485,Tb5Al95,0
3486,Tb5Co95,0
3487,Tb50Al50,0
3488,Tb50Co50,1
3489,Tb51Al49,0
3490,Tb51Co49,1
3491,Tb52Al48,0
3492,Tb52Co48,1
3493,Tb53Al47,0
3494,Tb53Co47,1
3495,Tb54Al46,0
3496,Tb54Co46,1
3497,Tb55Al45,0
3498,Tb55Co45,1
3499,Tb56Al44,0
3500,Tb56Co44,1
3501,Tb57Al43,0
3502,Tb57Co43,1
3503,Tb58Al42,0
3504,Tb58Co42,1
3505,Tb59Al41,0
3506,Tb59Co41,1
3507,Tb6Al94,0
3508,Tb6Co94,0
3509,Tb60Al40,0
3510,Tb60Co40,1
3511,Tb61Al39,0
3512,Tb61Co39,1
3513,Tb62Al38,0
3514,Tb62Co38,1
3515,Tb63Al37,0
3516,Tb63Co37,1
3517,Tb64Al36,0
3518,Tb64Co36,1
3519,Tb65Al35,0
3520,Tb65Co35,1
3521,Tb66Al34,0
3522,Tb66Co34,0
3523,Tb67Al33,0
3524,Tb67Co33,0
3525,Tb68Al32,0
3526,Tb68Co32,0
3527,Tb69Al31,0
3528,Tb69Co31,0
3529,Tb7Al93,0
3530,Tb7Co93,0
3531,Tb70Al30,0
3532,Tb70Co30,0
3533,Tb71Al29,0
3534,Tb71Co29,0
3535,Tb72Al28,0
3536,Tb72Co28,0
3537,Tb73Al27,0
3538,Tb73Co27,0
3539,Tb74Al26,0
3540,Tb74Co26,0
3541,Tb75Al25,0
3542,Tb75Co25,0
3543,Tb76Al24,0
3544,Tb76Co24,0
3545,Tb77Al23,0
3546,Tb77Co23,0
3547,Tb78Al22,0
3548,Tb78Co22,0
3549,Tb79Al21,0
3550,Tb79Co21,0
3551,Tb8Al92,0
3552,Tb8Co92,0
3553,Tb80Al20,0
3554,Tb80Co20,0
3555,Tb81Al19,0
3556,Tb81Co19,0
3557,Tb82Al18,0
3558,Tb82Co18,0
3559,Tb83Al17,0
3560,Tb83Co17,0
3561,Tb84Al16,0
3562,Tb84Co16,0
3563,Tb85Al15,0
3564,Tb85Co15,0
3565,Tb86Al14,0
3566,Tb86Co14,0
3567,Tb87Al13,0
3568,Tb87Co13,0
3569,Tb88Al12,0
3570,Tb88Co12,0
3571,Tb89Al11,0
3572,Tb89Co11,0
3573,Tb9Al91,1
3574,Tb9Co91,0
3575,Tb90Al10,0
3576,Tb90Co10,0
3577,Tb91Al9,0
3578,Tb91Co9,0
3579,Tb92Al8,0
3580,Tb92Co8,0
3581,Tb93Al7,0
3582,Tb93Co7,0
3583,Tb94Al6,0
3584,Tb94Co6,0
3585,Tb95Al5,0
3586,Tb95Co5,0
3587,Tb96Al4,0
3588,Tb96Co4,0
3589,Tb97Al3,0
3590,Tb97Co3,0
3591,Tb98Al2,0
3592,Tb98Co2,0
3593,Tb99Al1,0
3594,Tb99Co1,0
3595,Te100,0
3596,Ti1Al99,0
3597,Ti1Be99,0
3598,Ti1Cu99,0
3599,Ti10Al90,0
3600,Ti10Be90,0
3601,Ti10Cu90,0
3602,Ti100,0
3603,Ti11Al89,0
3604,Ti11Be89,0
3605,Ti11Cu89,0
3606,Ti12Al88,0
3607,Ti12Be88,0
3608,Ti12Cu88,0
3609,Ti13Al87,0
3610,Ti13Be87,0
3611,Ti13Cu87,0
3612,Ti14Al86,0
3613,Ti14Be86,0
3614,Ti14Cu86,0
3615,Ti15Al85,0
3616,Ti15Be85,0
3617,Ti15Cu85,0
3618,Ti16Al84,0
3619,Ti16Be84,0
3620,Ti16Cu84,0
3621,Ti17Al83,0
3622,Ti17Be83,0
3623,Ti17Cu83,0
3624,Ti18Al82,0
3625,Ti18Be82,0
3626,Ti18Cu82,0
3627,Ti19Al81,0
3628,Ti19Be81,0
3629,Ti19Cu81,0
3630,Ti2Al98,0
3631,Ti2Be98,0
3632,Ti2Cu98,0
3633,Ti20Al80,0
3634,Ti20Be80,0
3635,Ti20Cu80,0
3636,Ti21Al79,0
3637,Ti21Be79,0
3638,Ti21Cu79,0
3639,Ti22Al78,0
3640,Ti22Be78,0
3641,Ti22Cu78,0
3642,Ti23Al77,0
3643,Ti23Be77,0
3644,Ti23Cu77,0
3645,Ti24Al76,0
3646,Ti24Be76,0
3647,Ti24Cu76,0
3648,Ti25Al75,0
3649,Ti25Be75,0
3650,Ti25Cu75,1
3651,Ti26Al74,0
3652,Ti26Be74,0
3653,Ti26Cu74,1
3654,Ti27Al73,0
3655,Ti27Be73,0
3656,Ti27Cu73,1
3657,Ti28Al72,0
3658,Ti28Be72,0
3659,Ti28Cu72,1
3660,Ti29Al71,0
3661,Ti29Be71,0
3662,Ti29Cu71,1
3663,Ti3Al97,0
3664,Ti3Be97,0
3665,Ti3Cu97,0
3666,Ti30Al70,0
3667,Ti30Be70,0
3668,Ti30Cu70,1
3669,Ti31Al69,0
3670,Ti31Be69,0
3671,Ti31Cu69,1
3672,Ti32Al68,0
3673,Ti32Be68,0
3674,Ti32Cu68,1
3675,Ti33Al67,0
3676,Ti33Be67,0
3677,Ti33Cu67,1
3678,Ti34Al66,1
3679,Ti34Be66,0
3680,Ti34Cu66,1
3681,Ti35Al65,1
3682,Ti35Be65,0
3683,Ti35Cu65,1
3684,Ti36Al64,1
3685,Ti36Be64,0
3686,Ti36Cu64,1
3687,Ti37Al63,1
3688,Ti37Be63,0
3689,Ti37Cu63,1
3690,Ti38Al62,1
3691,Ti38Be62,0
3692,Ti38Cu62,1
3693,Ti39Al61,1
3694,Ti39Be61,0
3695,Ti39Cu61,1
3696,Ti4Al96,0
3697,Ti4Be96,0
3698,Ti4Cu96,0
3699,Ti40Al60,1
3700,Ti40Be60,0
3701,Ti40Cu60,1
3702,Ti41Al59,1
3703,Ti41Be59,0
3704,Ti41Cu59,1
3705,Ti42Al58,1
3706,Ti42Be58,0
3707,Ti42Cu58,1
3708,Ti43Al57,1
3709,Ti43Be57,0
3710,Ti43Cu57,1
3711,Ti44Al56,1
3712,Ti44Be56,0
3713,Ti44Cu56,1
3714,Ti45Al55,1
3715,Ti45Be55,0
3716,Ti45Cu55,1
3717,Ti46Al54,1
3718,Ti46Be54,0
3719,Ti46Cu54,1
3720,Ti47Al53,1
3721,Ti47Be53,0
3722,Ti47Cu53,1
3723,Ti48Al52,1
3724,Ti48Be52,0
3725,Ti48Cu52,1
3726,Ti49Al51,1
3727,Ti49Be51,0
3728,Ti49Cu51,1
3729,Ti5Al95,0
3730,Ti5Be95,0
3731,Ti5Cu95,0
3732,Ti50Al50,1
3733,Ti50Be50,0
3734,Ti50Cu50,1
3735,Ti51Al49,1
3736,Ti51Be49,0
3737,Ti51Cu49,1
3738,Ti52Al48,1
3739,Ti52Be48,0
3740,Ti52Cu48,1
3741,Ti53Al47,1
3742,Ti53Be47,0
3743,Ti53Cu47,1
3744,Ti54Al46,1
3745,Ti54Be46,0
3746,Ti54Cu46,1
3747,Ti55Al45,0
3748,Ti55Be45,0
3749,Ti55Cu45,1
3750,Ti56Al44,0
3751,Ti56Be44,0
3752,Ti56Cu44,1
3753,Ti57Al43,0
3754,Ti57Be43,0
3755,Ti57Cu43,1
3756,Ti58Al42,0
3757,Ti58Be42,0
3758,Ti58Cu42,1
3759,Ti59Al41,0
3760,Ti59Be41,1
3761,Ti59Cu41,1
3762,Ti6Al94,0
3763,Ti6Be94,0
3764,Ti6Cu94,0
3765,Ti60Al40,0
3766,Ti60Be40,1
3767,Ti60Cu40,1
3768,Ti61Al39,0
3769,Ti61Be39,1
3770,Ti61Cu39,1
3771,Ti62Al38,0
3772,Ti62Be38,1
3773,Ti62Cu38,1
3774,Ti63Al37,0
3775,Ti63Be37,1
3776,Ti63Cu37,1
3777,Ti64Al36,0
3778,Ti64Be36,0
3779,Ti64Cu36,1
3780,Ti65Al35,0
3781,Ti65Be35,0
3782,Ti65Cu35,1
3783,Ti66Al34,0
3784,Ti66Be34,0
3785,Ti66Cu34,0
3786,Ti67Al33,0
3787,Ti67Be33,0
3788,Ti67Cu33,0
3789,Ti68Al32,0
3790,Ti68Be32,0
3791,Ti68Cu32,0
3792,Ti69Al31,0
3793,Ti69Be31,0
3794,Ti69Cu31,0
3795,Ti7Al93,0
3796,Ti7Be93,0
3797,Ti7Cu93,0
3798,Ti70Al30,0
3799,Ti70Be30,0
3800,Ti70Cu30,0
3801,Ti71Al29,0
3802,Ti71Be29,0
3803,Ti71Cu29,0
3804,Ti72Al28,0
3805,Ti72Be28,0
3806,Ti72Cu28,0
3807,Ti73Al27,0
3808,Ti73Be27,0
3809,Ti73Cu27,0
3810,Ti74Al26,0
3811,Ti74Be26,0
3812,Ti74Cu26,0
3813,Ti75Al25,0
3814,Ti75Be25,0
3815,Ti75Cu25,0
3816,Ti76Al24,0
3817,Ti76Be24,0
3818,Ti76Cu24,0
3819,Ti77Al23,0
3820,Ti77Be23,0
3821,Ti77Cu23,0
3822,Ti78Al22,0
3823,Ti78Be22,0
3824,Ti78Cu22,0
3825,Ti79Al21,0
3826,Ti79Be21,0
3827,Ti79Cu21,0
3828,Ti8Al92,0
3829,Ti8Be92,0
3830,Ti8Cu92,0
3831,Ti80Al20,0
3832,Ti80Be20,0
3833,Ti80Cu20,0
3834,Ti81Al19,0
3835,Ti81Be19,0
3836,Ti81Cu19,0
3837,Ti82Al18,0
3838,Ti82Be18,0
3839,Ti82Cu18,0
3840,Ti83Al17,0
3841,Ti83Be17,0
3842,Ti83Cu17,0
3843,Ti84Al16,0
3844,Ti84Be16,0
3845,Ti84Cu16,0
3846,Ti85Al15,0
3847,Ti85Be15,0
3848,Ti85Cu15,0
3849,Ti86Al14,0
3850,Ti86Be14,0
3851,Ti86Cu14,0
3852,Ti87Al13,0
3853,Ti87Be13,0
3854,Ti87Cu13,0
3855,Ti88Al12,0
3856,Ti88Be12,0
3857,Ti88Cu12,0
3858,Ti89Al11,0
3859,Ti89Be11,0
3860,Ti89Cu11,0
3861,Ti9Al91,0
3862,Ti9Be91,0
3863,Ti9Cu91,0
3864,Ti90Al10,0
3865,Ti90Be10,0
3866,Ti90Cu10,0
3867,Ti91Al9,0
3868,Ti91Be9,0
3869,Ti91Cu9,0
3870,Ti92Al8,0
3871,Ti92Be8,0
3872,Ti92Cu8,0
3873,Ti93Al7,0
3874,Ti93Be7,0
3875,Ti93Cu7,0
3876,Ti94Al6,0
3877,Ti94Be6,0
3878,Ti94Cu6,0
3879,Ti95Al5,0
3880,Ti95Be5,0
3881,Ti95Cu5,0
3882,Ti96Al4,0
3883,Ti96Be4,0
3884,Ti96Cu4,0
3885,Ti97Al3,0
3886,Ti97Be3,0
3887,Ti97Cu3,0
3888,Ti98Al2,0
3889,Ti98Be2,0
3890,Ti98Cu2,0
3891,Ti99Al1,0
3892,Ti99Be1,0
3893,Ti99Cu1,0
3894,U1Al99,0
3895,U10Al90,1
3896,U100,0
3897,U11Al89,0
3898,U12Al88,0
3899,U13Al87,0
3900,U14Al86,0
3901,U15Al85,0
3902,U16Al84,0
3903,U17Al83,0
3904,U18Al82,0
3905,U19Al81,0
3906,U2Al98,0
3907,U20Al80,0
3908,U21Al79,0
3909,U22Al78,0
3910,U23Al77,0
3911,U24Al76,0
3912,U25Al75,0
3913,U26Al74,0
3914,U27Al73,0
3915,U28Al72,0
3916,U29Al71,0
3917,U3Al97,0
3918,U30Al70,0
3919,U31Al69,0
3920,U32Al68,0
3921,U33Al67,0
3922,U34Al66,0
3923,U35Al65,0
3924,U36Al64,0
3925,U37Al63,0
3926,U38Al62,0
3927,U39Al61,0
3928,U4Al96,0
3929,U40Al60,0
3930,U41Al59,0
3931,U42Al58,0
3932,U43Al57,0
3933,U44Al56,0
3934,U45Al55,0
3935,U46Al54,0
3936,U47Al53,0
3937,U48Al52,0
3938,U49Al51,0
3939,U5Al95,0
3940,U50Al50,0
3941,U51Al49,0
3942,U52Al48,0
3943,U53Al47,0
3944,U54Al46,0
3945,U55Al45,0
3946,U56Al44,0
3947,U57Al43,0
3948,U58Al42,0
3949,U59Al41,0
3950,U6Al94,0
3951,U60Al40,0
3952,U61Al39,0
3953,U62Al38,0
3954,U63Al37,0
3955,U64Al36,0
3956,U65Al35,0
3957,U66Al34,0
3958,U67Al33,0
3959,U68Al32,0
3960,U69Al31,0
3961,U7Al93,0
3962,U70Al30,0
3963,U71Al29,0
3964,U72Al28,0
3965,U73Al27,0
3966,U74Al26,0
3967,U75Al25,0
3968,U76Al24,0
3969,U77Al23,0
3970,U78Al22,0
3971,U79Al21,0
3972,U8Al92,1
3973,U80Al20,0
3974,U81Al19,0
3975,U82Al18,0
3976,U83Al17,0
3977,U84Al16,0
3978,U85Al15,0
3979,U86Al14,0
3980,U87Al13,0
3981,U88Al12,0
3982,U89Al11,0
3983,U9Al91,1
3984,U90Al10,0
3985,U91Al9,0
3986,U92Al8,0
3987,U93Al7,0
3988,U94Al6,0
3989,U95Al5,0
3990,U96Al4,0
3991,U97Al3,0
3992,U98Al2,0
3993,U99Al1,0
3994,Y1Al99,0
3995,Y1Fe99,0
3996,Y1Mg99,0
3997,Y10Al90,1
3998,Y10Fe90,0
3999,Y10Mg90,0
4000,Y100,0
4001,Y11Al89,1
4002,Y11Fe89,0
4003,Y11Mg89,0
4004,Y12Al88,1
4005,Y12Fe88,0
4006,Y12Mg88,0
4007,Y13Al87,1
4008,Y13Fe87,0
4009,Y13Mg87,0
4010,Y14Al86,1
4011,Y14Fe86,0
4012,Y14Mg86,0
4013,Y15Al85,1
4014,Y15Fe85,0
4015,Y15Mg85,1
4016,Y16Al84,0
4017,Y16Fe84,0
4018,Y16Mg84,1
4019,Y17Al83,0
4020,Y17Fe83,0
4021,Y17Mg83,0
4022,Y18Al82,0
4023,Y18Fe82,0
4024,Y18Mg82,0
4025,Y19Al81,0
4026,Y19Fe81,0
4027,Y19Mg81,0
4028,Y2Al98,0
4029,Y2Fe98,0
4030,Y2Mg98,0
4031,Y20Al80,0
4032,Y20Fe80,1
4033,Y20Mg80,0
4034,Y21Al79,0
4035,Y21Fe79,1
4036,Y21Mg79,0
4037,Y22Al78,0
4038,Y22Fe78,1
4039,Y22Mg78,0
4040,Y23Al77,0
4041,Y23Fe77,1
4042,Y23Mg77,0
4043,Y24Al76,0
4044,Y24Fe76,1
4045,Y24Mg76,0
4046,Y25Al75,0
4047,Y25Fe75,1
4048,Y25Mg75,0
4049,Y26Al74,0
4050,Y26Fe74,1
4051,Y26Mg74,0
4052,Y27Al73,0
4053,Y27Fe73,1
4054,Y27Mg73,0
4055,Y28Al72,0
4056,Y28Fe72,1
4057,Y28Mg72,0
4058,Y29Al71,0
4059,Y29Fe71,1
4060,Y29Mg71,0
4061,Y3Al97,0
4062,Y3Fe97,0
4063,Y3Mg97,0
4064,Y30Al70,0
4065,Y30Fe70,1
4066,Y30Mg70,0
4067,Y31Al69,0
4068,Y31Fe69,1
4069,Y31Mg69,0
4070,Y32Al68,0
4071,Y32Fe68,1
4072,Y32Mg68,0
4073,Y33Al67,0
4074,Y33Fe67,1
4075,Y33Mg67,0
4076,Y34Al66,0
4077,Y34Fe66,1
4078,Y34Mg66,0
4079,Y35Al65,0
4080,Y35Fe65,1
4081,Y35Mg65,0
4082,Y36Al64,0
4083,Y36Fe64,1
4084,Y36Mg64,0
4085,Y37Al63,0
4086,Y37Fe63,1
4087,Y37Mg63,0
4088,Y38Al62,0
4089,Y38Fe62,1
4090,Y38Mg62,0
4091,Y39Al61,0
4092,Y39Fe61,1
4093,Y39Mg61,0
4094,Y4Al96,0
4095,Y4Fe96,0
4096,Y4Mg96,0
4097,Y40Al60,0
4098,Y40Fe60,1
4099,Y40Mg60,0
4100,Y41Al59,0
4101,Y41Fe59,1
4102,Y41Mg59,0
4103,Y42Al58,0
4104,Y42Fe58,1
4105,Y42Mg58,0
4106,Y43Al57,0
4107,Y43Fe57,1
4108,Y43Mg57,0
4109,Y44Al56,0
4110,Y44Fe56,1
4111,Y44Mg56,0
4112,Y45Al55,0
4113,Y45Fe55,1
4114,Y45Mg55,0
4115,Y46Al54,0
4116,Y46Fe54,1
4117,Y46Mg54,0
4118,Y47Al53,0
4119,Y47Fe53,1
4120,Y47Mg53,0
4121,Y48Al52,0
4122,Y48Fe52,1
4123,Y48Mg52,0
4124,Y49Al51,0
4125,Y49Fe51,1
4126,Y49Mg51,0
4127,Y5Al95,0
4128,Y5Fe95,0
4129,Y5Mg95,0
4130,Y50Al50,0
4131,Y50Fe50,1
4132,Y50Mg50,0
4133,Y51Al49,0
4134,Y51Fe49,1
4135,Y51Mg49,0
4136,Y52Al48,0
4137,Y52Fe48,1
4138,Y52Mg48,0
4139,Y53Al47,0
4140,Y53Fe47,1
4141,Y53Mg47,0
4142,Y54Al46,0
4143,Y54Fe46,1
4144,Y54Mg46,0
4145,Y55Al45,0
4146,Y55Fe45,1
4147,Y55Mg45,0
4148,Y56Al44,0
4149,Y56Fe44,1
4150,Y56Mg44,0
4151,Y57Al43,0
4152,Y57Fe43,1
4153,Y57Mg43,0
4154,Y58Al42,0
4155,Y58Fe42,1
4156,Y58Mg42,0
4157,Y59Al41,0
4158,Y59Fe41,1
4159,Y59Mg41,0
4160,Y6Al94,0
4161,Y6Fe94,0
4162,Y6Mg94,0
4163,Y60Al40,0
4164,Y60Fe40,1
4165,Y60Mg40,0
4166,Y61Al39,0
4167,Y61Fe39,1
4168,Y61Mg39,0
4169,Y62Al38,0
4170,Y62Fe38,1
4171,Y62Mg38,0
4172,Y63Al37,0
4173,Y63Fe37,0
4174,Y63Mg37,0
4175,Y64Al36,0
4176,Y64Fe36,0
4177,Y64Mg36,0
4178,Y65Al35,0
4179,Y65Fe35,0
4180,Y65Mg35,0
4181,Y66Al34,0
4182,Y66Fe34,0
4183,Y66Mg34,0
4184,Y67Al33,0
4185,Y67Fe33,0
4186,Y67Mg33,0
4187,Y68Al32,0
4188,Y68Fe32,0
4189,Y68Mg32,0
4190,Y69Al31,0
4191,Y69Fe31,0
4192,Y69Mg31,0
4193,Y7Al93,0
4194,Y7Fe93,0
4195,Y7Mg93,0
4196,Y70Al30,0
4197,Y70Fe30,0
4198,Y70Mg30,0
4199,Y71Al29,0
4200,Y71Fe29,0
4201,Y71Mg29,0
4202,Y72Al28,0
4203,Y72Fe28,0
4204,Y72Mg28,0
4205,Y73Al27,0
4206,Y73Fe27,0
4207,Y73Mg27,0
4208,Y74Al26,0
4209,Y74Fe26,0
4210,Y74Mg26,0
4211,Y75Al25,0
4212,Y75Fe25,0
4213,Y75Mg25,0
4214,Y76Al24,0
4215,Y76Fe24,0
4216,Y76Mg24,0
4217,Y77Al23,0
4218,Y77Fe23,0
4219,Y77Mg23,0
4220,Y78Al22,0
4221,Y78Fe22,0
4222,Y78Mg22,0
4223,Y79Al21,0
4224,Y79Fe21,0
4225,Y79Mg21,0
4226,Y8Al92,1
4227,Y8Fe92,0
4228,Y8Mg92,0
4229,Y80Al20,0
4230,Y80Fe20,0
4231,Y80Mg20,0
4232,Y81Al19,0
4233,Y81Fe19,0
4234,Y81Mg19,0
4235,Y82Al18,0
4236,Y82Fe18,0
4237,Y82Mg18,0
4238,Y83Al17,0
4239,Y83Fe17,0
4240,Y83Mg17,0
4241,Y84Al16,0
4242,Y84Fe16,0
4243,Y84Mg16,0
4244,Y85Al15,0
4245,Y85Fe15,0
4246,Y85Mg15,0
4247,Y86Al14,0
4248,Y86Fe14,0
4249,Y86Mg14,0
4250,Y87Al13,0
4251,Y87Fe13,0
4252,Y87Mg13,0
4253,Y88Al12,0
4254,Y88Fe12,0
4255,Y88Mg12,0
4256,Y89Al11,0
4257,Y89Fe11,0
4258,Y89Mg11,0
4259,Y9Al91,1
4260,Y9Fe91,0
4261,Y9Mg91,0
4262,Y90Al10,0
4263,Y90Fe10,0
4264,Y90Mg10,0
4265,Y91Al9,0
4266,Y91Fe9,0
4267,Y91Mg9,0
4268,Y92Al8,0
4269,Y92Fe8,0
4270,Y92Mg8,0
4271,Y93Al7,0
4272,Y93Fe7,0
4273,Y93Mg7,0
4274,Y94Al6,0
4275,Y94Fe6,0
4276,Y94Mg6,0
4277,Y95Al5,0
4278,Y95Fe5,0
4279,Y95Mg5,0
4280,Y96Al4,0
4281,Y96Fe4,0
4282,Y96Mg4,0
4283,Y97Al3,0
4284,Y97Fe3,0
4285,Y97Mg3,0
4286,Y98Al2,0
4287,Y98Fe2,0
4288,Y98Mg2,0
4289,Y99Al1,0
4290,Y99Fe1,0
4291,Y99Mg1,0
4292,Yb1Al99,0
4293,Yb10Al90,1
4294,Yb100,0
4295,Yb11Al89,1
4296,Yb12Al88,1
4297,Yb13Al87,1
4298,Yb14Al86,0
4299,Yb15Al85,0
4300,Yb16Al84,0
4301,Yb17Al83,0
4302,Yb18Al82,0
4303,Yb19Al81,0
4304,Yb2Al98,0
4305,Yb20Al80,0
4306,Yb21Al79,0
4307,Yb22Al78,0
4308,Yb23Al77,0
4309,Yb24Al76,0
4310,Yb25Al75,0
4311,Yb26Al74,0
4312,Yb27Al73,0
4313,Yb28Al72,0
4314,Yb29Al71,0
4315,Yb3Al97,0
4316,Yb30Al70,0
4317,Yb31Al69,0
4318,Yb32Al68,0
4319,Yb33Al67,0
4320,Yb34Al66,0
4321,Yb35Al65,0
4322,Yb36Al64,0
4323,Yb37Al63,0
4324,Yb38Al62,0
4325,Yb39Al61,0
4326,Yb4Al96,0
4327,Yb40Al60,0
4328,Yb41Al59,0
4329,Yb42Al58,0
4330,Yb43Al57,0
4331,Yb44Al56,0
4332,Yb45Al55,0
4333,Yb46Al54,0
4334,Yb47Al53,0
4335,Yb48Al52,0
4336,Yb49Al51,0
4337,Yb5Al95,0
4338,Yb50Al50,0
4339,Yb51Al49,0
4340,Yb52Al48,0
4341,Yb53Al47,0
4342,Yb54Al46,0
4343,Yb55Al45,0
4344,Yb56Al44,0
4345,Yb57Al43,0
4346,Yb58Al42,0
4347,Yb59Al41,0
4348,Yb6Al94,0
4349,Yb60Al40,0
4350,Yb61Al39,0
4351,Yb62Al38,0
4352,Yb63Al37,0
4353,Yb64Al36,0
4354,Yb65Al35,0
4355,Yb66Al34,0
4356,Yb67Al33,0
4357,Yb68Al32,0
4358,Yb69Al31,0
4359,Yb7Al93,0
4360,Yb70Al30,0
4361,Yb71Al29,0
4362,Yb72Al28,0
4363,Yb73Al27,0
4364,Yb74Al26,0
4365,Yb75Al25,0
4366,Yb76Al24,0
4367,Yb77Al23,0
4368,Yb78Al22,0
4369,Yb79Al21,0
4370,Yb8Al92,0
4371,Yb80Al20,0
4372,Yb81Al19,0
4373,Yb82Al18,0
4374,Yb83Al17,0
4375,Yb84Al16,0
4376,Yb85Al15,0
4377,Yb86Al14,0
4378,Yb87Al13,0
4379,Yb88Al12,0
4380,Yb89Al11,0
4381,Yb9Al91,1
4382,Yb90Al10,0
4383,Yb91Al9,0
4384,Yb92Al8,0
4385,Yb93Al7,0
4386,Yb94Al6,0
4387,Yb95Al5,0
4388,Yb96Al4,0
4389,Yb97Al3,0
4390,Yb98Al2,0
4391,Yb99Al1,0
4392,Zn100,0
4393,Zr1Al99,0
4394,Zr1Be99,0
4395,Zr1Co99,0
4396,Zr1Cu99,0
4397,Zr1Fe99,0
4398,Zr1Ge99,0
4399,Zr1Ni99,0
4400,Zr1Pd99,0
4401,Zr1Pt99,0
4402,Zr1Rh99,0
4403,Zr1Ti99,0
4404,Zr10Al90,0
4405,Zr10Be90,0
4406,Zr10Co90,0
4407,Zr10Cu90,1
4408,Zr10Fe90,1
4409,Zr10Ge90,0
4410,Zr10Ni90,0
4411,Zr10Pd90,0
4412,Zr10Pt90,0
4413,Zr10Rh90,0
4414,Zr10Ti90,0
4415,Zr100,0
4416,Zr11Al89,0
4417,Zr11Be89,0
4418,Zr11Co89,0
4419,Zr11Cu89,1
4420,Zr11Fe89,1
4421,Zr11Ge89,0
4422,Zr11Ni89,0
4423,Zr11Pd89,0
4424,Zr11Pt89,0
4425,Zr11Rh89,0
4426,Zr11Ti89,0
4427,Zr12Al88,0
4428,Zr12Be88,0
4429,Zr12Co88,0
4430,Zr12Cu88,1
4431,Zr12Fe88,1
4432,Zr12Ge88,0
4433,Zr12Ni88,0
4434,Zr12Pd88,0
4435,Zr12Pt88,0
4436,Zr12Rh88,0
4437,Zr12Ti88,0
4438,Zr13Al87,0
4439,Zr13Be87,0
4440,Zr13Co87,0
4441,Zr13Cu87,1
4442,Zr13Fe87,1
4443,Zr13Ge87,0
4444,Zr13Ni87,0
4445,Zr13Pd87,0
4446,Zr13Pt87,0
4447,Zr13Rh87,0
4448,Zr13Ti87,0
4449,Zr14Al86,0
4450,Zr14Be86,0
4451,Zr14Co86,0
4452,Zr14Cu86,1
4453,Zr14Fe86,0
4454,Zr14Ge86,0
4455,Zr14Ni86,0
4456,Zr14Pd86,0
4457,Zr14Pt86,0
4458,Zr14Rh86,0
4459,Zr14Ti86,0
4460,Zr15Al85,0
4461,Zr15Be85,0
4462,Zr15Co85,0
4463,Zr15Cu85,1
4464,Zr15Fe85,0
4465,Zr15Ge85,0
4466,Zr15Ni85,0
4467,Zr15Pd85,0
4468,Zr15Pt85,0
4469,Zr15Rh85,0
4470,Zr15Ti85,1
4471,Zr16Al84,0
4472,Zr16Be84,0
4473,Zr16Co84,0
4474,Zr16Cu84,1
4475,Zr16Fe84,0
4476,Zr16Ge84,0
4477,Zr16Ni84,0
4478,Zr16Pd84,0
4479,Zr16Pt84,0
4480,Zr16Rh84,0
4481,Zr16Ti84,1
4482,Zr17Al83,0
4483,Zr17Be83,0
4484,Zr17Co83,0
4485,Zr17Cu83,1
4486,Zr17Fe83,0
4487,Zr17Ge83,0
4488,Zr17Ni83,0
4489,Zr17Pd83,0
4490,Zr17Pt83,0
4491,Zr17Rh83,0
4492,Zr17Ti83,1
4493,Zr18Al82,0
4494,Zr18Be82,0
4495,Zr18Co82,0
4496,Zr18Cu82,1
4497,Zr18Fe82,0
4498,Zr18Ge82,0
4499,Zr18Ni82,0
4500,Zr18Pd82,0
4501,Zr18Pt82,0
4502,Zr18Rh82,0
4503,Zr18Ti82,1
4504,Zr19Al81,0
4505,Zr19Be81,0
4506,Zr19Co81,0
4507,Zr19Cu81,1
4508,Zr19Fe81,0
4509,Zr19Ge81,0
4510,Zr19Ni81,0
4511,Zr19Pd81,0
4512,Zr19Pt81,0
4513,Zr19Rh81,0
4514,Zr19Ti81,1
4515,Zr2Al98,0
4516,Zr2Be98,0
4517,Zr2Co98,0
4518,Zr2Cu98,0
4519,Zr2Fe98,0
4520,Zr2Ge98,0
4521,Zr2Ni98,0
4522,Zr2Pd98,0
4523,Zr2Pt98,0
4524,Zr2Rh98,0
4525,Zr2Ti98,0
4526,Zr20Al80,0
4527,Zr20Be80,0
4528,Zr20Co80,0
4529,Zr20Cu80,1
4530,Zr20Fe80,0
4531,Zr20Ge80,0
4532,Zr20Ni80,1
4533,Zr20Pd80,0
4534,Zr20Pt80,0
4535,Zr20Rh80,0
4536,Zr20Ti80,1
4537,Zr21Al79,0
4538,Zr21Be79,0
4539,Zr21Co79,0
4540,Zr21Cu79,1
4541,Zr21Fe79,0
4542,Zr21Ge79,0
4543,Zr21Ni79,1
4544,Zr21Pd79,0
4545,Zr21Pt79,0
4546,Zr21Rh79,0
4547,Zr21Ti79,1
4548,Zr22Al78,0
4549,Zr22Be78,0
4550,Zr22Co78,0
4551,Zr22Cu78,1
4552,Zr22Fe78,0
4553,Zr22Ge78,0
4554,Zr22Ni78,1
4555,Zr22Pd78,0
4556,Zr22Pt78,0
4557,Zr22Rh78,0
4558,Zr22Ti78,1
4559,Zr23Al77,0
4560,Zr23Be77,0
4561,Zr23Co77,0
4562,Zr23Cu77,1
4563,Zr23Fe77,0
4564,Zr23Ge77,0
4565,Zr23Ni77,1
4566,Zr23Pd77,0
4567,Zr23Pt77,0
4568,Zr23Rh77,0
4569,Zr23Ti77,0
4570,Zr24Al76,0
4571,Zr24Be76,0
4572,Zr24Co76,0
4573,Zr24Cu76,1
4574,Zr24Fe76,0
4575,Zr24Ge76,0
4576,Zr24Ni76,1
4577,Zr24Pd76,0
4578,Zr24Pt76,0
4579,Zr24Rh76,0
4580,Zr24Ti76,0
4581,Zr25Al75,0
4582,Zr25Be75,0
4583,Zr25Co75,0
4584,Zr25Cu75,1
4585,Zr25Fe75,0
4586,Zr25Ge75,0
4587,Zr25Ni75,1
4588,Zr25Pd75,0
4589,Zr25Pt75,0
4590,Zr25Rh75,0
4591,Zr25Ti75,0
4592,Zr26Al74,0
4593,Zr26Be74,0
4594,Zr26Co74,0
4595,Zr26Cu74,1
4596,Zr26Fe74,0
4597,Zr26Ge74,0
4598,Zr26Ni74,1
4599,Zr26Pd74,0
4600,Zr26Pt74,0
4601,Zr26Rh74,0
4602,Zr26Ti74,0
4603,Zr27Al73,0
4604,Zr27Be73,0
4605,Zr27Co73,0
4606,Zr27Cu73,1
4607,Zr27Fe73,0
4608,Zr27Ge73,0
4609,Zr27Ni73,1
4610,Zr27Pd73,0
4611,Zr27Pt73,0
4612,Zr27Rh73,0
4613,Zr27Ti73,0
4614,Zr28Al72,0
4615,Zr28Be72,0
4616,Zr28Co72,0
4617,Zr28Cu72,1
4618,Zr28Fe72,0
4619,Zr28Ge72,0
4620,Zr28Ni72,1
4621,Zr28Pd72,0
4622,Zr28Pt72,0
4623,Zr28Rh72,0
4624,Zr28Ti72,0
4625,Zr29Al71,0
4626,Zr29Be71,0
4627,Zr29Co71,0
4628,Zr29Cu71,1
4629,Zr29Fe71,0
4630,Zr29Ge71,0
4631,Zr29Ni71,1
4632,Zr29Pd71,0
4633,Zr29Pt71,0
4634,Zr29Rh71,0
4635,Zr29Ti71,0
4636,Zr3Al97,0
4637,Zr3Be97,0
4638,Zr3Co97,0
4639,Zr3Cu97,0
4640,Zr3Fe97,0
4641,Zr3Ge97,0
4642,Zr3Ni97,0
4643,Zr3Pd97,0
4644,Zr3Pt97,0
4645,Zr3Rh97,0
4646,Zr3Ti97,0
4647,Zr30Al70,0
4648,Zr30Be70,0
4649,Zr30Co70,0
4650,Zr30Cu70,1
4651,Zr30Fe70,0
4652,Zr30Ge70,0
4653,Zr30Ni70,1
4654,Zr30Pd70,0
4655,Zr30Pt70,0
4656,Zr30Rh70,0
4657,Zr30Ti70,0
4658,Zr31Al69,0
4659,Zr31Be69,0
4660,Zr31Co69,0
4661,Zr31Cu69,1
4662,Zr31Fe69,0
4663,Zr31Ge69,0
4664,Zr31Ni69,1
4665,Zr31Pd69,0
4666,Zr31Pt69,0
4667,Zr31Rh69,0
4668,Zr31Ti69,0
4669,Zr32Al68,0
4670,Zr32Be68,0
4671,Zr32Co68,0
4672,Zr32Cu68,1
4673,Zr32Fe68,0
4674,Zr32Ge68,0
4675,Zr32Ni68,1
4676,Zr32Pd68,0
4677,Zr32Pt68,0
4678,Zr32Rh68,0
4679,Zr32Ti68,0
4680,Zr33Al67,0
4681,Zr33Be67,0
4682,Zr33Co67,0
4683,Zr33Cu67,1
4684,Zr33Fe67,0
4685,Zr33Ge67,0
4686,Zr33Ni67,1
4687,Zr33Pd67,0
4688,Zr33Pt67,0
4689,Zr33Rh67,0
4690,Zr33Ti67,0
4691,Zr34Al66,0
4692,Zr34Be66,0
4693,Zr34Co66,0
4694,Zr34Cu66,1
4695,Zr34Fe66,0
4696,Zr34Ge66,0
4697,Zr34Ni66,1
4698,Zr34Pd66,0
4699,Zr34Pt66,0
4700,Zr34Rh66,0
4701,Zr34Ti66,0
4702,Zr35Al65,0
4703,Zr35Be65,0
4704,Zr35Co65,0
4705,Zr35Cu65,1
4706,Zr35Fe65,0
4707,Zr35Ge65,0
4708,Zr35Ni65,1
4709,Zr35Pd65,0
4710,Zr35Pt65,0
4711,Zr35Rh65,0
4712,Zr35Ti65,0
4713,Zr36Al64,0
4714,Zr36Be64,0
4715,Zr36Co64,0
4716,Zr36Cu64,1
4717,Zr36Fe64,0
4718,Zr36Ge64,0
4719,Zr36Ni64,1
4720,Zr36Pd64,0
4721,Zr36Pt64,0
4722,Zr36Rh64,0
4723,Zr36Ti64,0
4724,Zr37Al63,0
4725,Zr37Be63,0
4726,Zr37Co63,0
4727,Zr37Cu63,1
4728,Zr37Fe63,0
4729,Zr37Ge63,0
4730,Zr37Ni63,1
4731,Zr37Pd63,0
4732,Zr37Pt63,0
4733,Zr37Rh63,0
4734,Zr37Ti63,0
4735,Zr38Al62,0
4736,Zr38Be62,0
4737,Zr38Co62,0
4738,Zr38Cu62,1
4739,Zr38Fe62,0
4740,Zr38Ge62,0
4741,Zr38Ni62,1
4742,Zr38Pd62,0
4743,Zr38Pt62,0
4744,Zr38Rh62,0
4745,Zr38Ti62,0
4746,Zr39Al61,0
4747,Zr39Be61,0
4748,Zr39Co61,0
4749,Zr39Cu61,1
4750,Zr39Fe61,0
4751,Zr39Ge61,0
4752,Zr39Ni61,1
4753,Zr39Pd61,0
4754,Zr39Pt61,0
4755,Zr39Rh61,0
4756,Zr39Ti61,0
4757,Zr4Al96,0
4758,Zr4Be96,0
4759,Zr4Co96,0
4760,Zr4Cu96,0
4761,Zr4Fe96,0
4762,Zr4Ge96,0
4763,Zr4Ni96,0
4764,Zr4Pd96,0
4765,Zr4Pt96,0
4766,Zr4Rh96,0
4767,Zr4Ti96,0
4768,Zr40Al60,0
4769,Zr40Be60,0
4770,Zr40Co60,0
4771,Zr40Cu60,1
4772,Zr40Fe60,0
4773,Zr40Ge60,0
4774,Zr40Ni60,1
4775,Zr40Pd60,0
4776,Zr40Pt60,0
4777,Zr40Rh60,0
4778,Zr40Ti60,0
4779,Zr41Al59,0
4780,Zr41Be59,0
4781,Zr41Co59,0
4782,Zr41Cu59,1
4783,Zr41Fe59,0
4784,Zr41Ge59,0
4785,Zr41Ni59,1
4786,Zr41Pd59,0
4787,Zr41Pt59,0
4788,Zr41Rh59,0
4789,Zr41Ti59,0
4790,Zr42Al58,0
4791,Zr42Be58,0
4792,Zr42Co58,1
4793,Zr42Cu58,1
4794,Zr42Fe58,0
4795,Zr42Ge58,0
4796,Zr42Ni58,1
4797,Zr42Pd58,0
4798,Zr42Pt58,0
4799,Zr42Rh58,0
4800,Zr42Ti58,0
4801,Zr43Al57,0
4802,Zr43Be57,0
4803,Zr43Co57,1
4804,Zr43Cu57,1
4805,Zr43Fe57,0
4806,Zr43Ge57,0
4807,Zr43Ni57,1
4808,Zr43Pd57,0
4809,Zr43Pt57,0
4810,Zr43Rh57,0
4811,Zr43Ti57,0
4812,Zr44Al56,0
4813,Zr44Be56,0
4814,Zr44Co56,1
4815,Zr44Cu56,1
4816,Zr44Fe56,0
4817,Zr44Ge56,0
4818,Zr44Ni56,1
4819,Zr44Pd56,0
4820,Zr44Pt56,0
4821,Zr44Rh56,0
4822,Zr44Ti56,0
4823,Zr45Al55,1
4824,Zr45Be55,0
4825,Zr45Co55,1
4826,Zr45Cu55,1
4827,Zr45Fe55,0
4828,Zr45Ge55,0
4829,Zr45Ni55,1
4830,Zr45Pd55,0
4831,Zr45Pt55,0
4832,Zr45Rh55,0
4833,Zr45Ti55,0
4834,Zr46Al54,1
4835,Zr46Be54,0
4836,Zr46Co54,1
4837,Zr46Cu54,1
4838,Zr46Fe54,0
4839,Zr46Ge54,0
4840,Zr46Ni54,1
4841,Zr46Pd54,0
4842,Zr46Pt54,0
4843,Zr46Rh54,0
4844,Zr46Ti54,0
4845,Zr47Al53,1
4846,Zr47Be53,0
4847,Zr47Co53,1
4848,Zr47Cu53,1
4849,Zr47Fe53,0
4850,Zr47Ge53,0
4851,Zr47Ni53,1
4852,Zr47Pd53,0
4853,Zr47Pt53,0
4854,Zr47Rh53,0
4855,Zr47Ti53,0
4856,Zr48Al52,1
4857,Zr48Be52,0
4858,Zr48Co52,1
4859,Zr48Cu52,1
4860,Zr48Fe52,0
4861,Zr48Ge52,0
4862,Zr48Ni52,1
4863,Zr48Pd52,0
4864,Zr48Pt52,0
4865,Zr48Rh52,0
4866,Zr48Ti52,0
4867,Zr49Al51,1
4868,Zr49Be51,0
4869,Zr49Co51,1
4870,Zr49Cu51,1
4871,Zr49Fe51,0
4872,Zr49Ge51,0
4873,Zr49Ni51,1
4874,Zr49Pd51,0
4875,Zr49Pt51,0
4876,Zr49Rh51,0
4877,Zr49Ti51,0
4878,Zr5Al95,0
4879,Zr5Be95,0
4880,Zr5Co95,0
4881,Zr5Cu95,0
4882,Zr5Fe95,0
4883,Zr5Ge95,0
4884,Zr5Ni95,0
4885,Zr5Pd95,0
4886,Zr5Pt95,0
4887,Zr5Rh95,0
4888,Zr5Ti95,0
4889,Zr50Al50,1
4890,Zr50Be50,1
4891,Zr50Co50,1
4892,Zr50Cu50,1
4893,Zr50Fe50,0
4894,Zr50Ge50,0
4895,Zr50Ni50,1
4896,Zr50Pd50,0
4897,Zr50Pt50,0
4898,Zr50Rh50,0
4899,Zr50Ti50,0
4900,Zr51Al49,1
4901,Zr51Be49,1
4902,Zr51Co49,1
4903,Zr51Cu49,1
4904,Zr51Fe49,0
4905,Zr51Ge49,0
4906,Zr51Ni49,1
4907,Zr51Pd49,0
4908,Zr51Pt49,0
4909,Zr51Rh49,0
4910,Zr51Ti49,0
4911,Zr52Al48,1
4912,Zr52Be48,1
4913,Zr52Co48,1
4914,Zr52Cu48,1
4915,Zr52Fe48,0
4916,Zr52Ge48,0
4917,Zr52Ni48,1
4918,Zr52Pd48,0
4919,Zr52Pt48,0
4920,Zr52Rh48,0
4921,Zr52Ti48,0
4922,Zr53Al47,1
4923,Zr53Be47,1
4924,Zr53Co47,1
4925,Zr53Cu47,1
4926,Zr53Fe47,0
4927,Zr53Ge47,0
4928,Zr53Ni47,1
4929,Zr53Pd47,0
4930,Zr53Pt47,0
4931,Zr53Rh47,0
4932,Zr53Ti47,0
4933,Zr54Al46,0
4934,Zr54Be46,1
4935,Zr54Co46,1
4936,Zr54Cu46,1
4937,Zr54Fe46,0
4938,Zr54Ge46,0
4939,Zr54Ni46,1
4940,Zr54Pd46,0
4941,Zr54Pt46,0
4942,Zr54Rh46,0
4943,Zr54Ti46,0
4944,Zr55Al45,0
4945,Zr55Be45,1
4946,Zr55Co45,1
4947,Zr55Cu45,1
4948,Zr55Fe45,0
4949,Zr55Ge45,0
4950,Zr55Ni45,1
4951,Zr55Pd45,0
4952,Zr55Pt45,0
4953,Zr55Rh45,0
4954,Zr55Ti45,0
4955,Zr56Al44,0
4956,Zr56Be44,1
4957,Zr56Co44,1
4958,Zr56Cu44,1
4959,Zr56Fe44,1
4960,Zr56Ge44,0
4961,Zr56Ni44,1
4962,Zr56Pd44,0
4963,Zr56Pt44,0
4964,Zr56Rh44,0
4965,Zr56Ti44,0
4966,Zr57Al43,0
4967,Zr57Be43,1
4968,Zr57Co43,1
4969,Zr57Cu43,1
4970,Zr57Fe43,1
4971,Zr57Ge43,0
4972,Zr57Ni43,1
4973,Zr57Pd43,0
4974,Zr57Pt43,0
4975,Zr57Rh43,0
4976,Zr57Ti43,0
4977,Zr58Al42,0
4978,Zr58Be42,1
4979,Zr58Co42,1
4980,Zr58Cu42,1
4981,Zr58Fe42,1
4982,Zr58Ge42,0
4983,Zr58Ni42,1
4984,Zr58Pd42,0
4985,Zr58Pt42,0
4986,Zr58Rh42,0
4987,Zr58Ti42,0
4988,Zr59Al41,0
4989,Zr59Be41,1
4990,Zr59Co41,1
4991,Zr59Cu41,1
4992,Zr59Fe41,1
4993,Zr59Ge41,0
4994,Zr59Ni41,1
4995,Zr59Pd41,0
4996,Zr59Pt41,0
4997,Zr59Rh41,0
4998,Zr59Ti41,0
4999,Zr6Al94,0
5000,Zr6Be94,0
5001,Zr6Co94,0
5002,Zr6Cu94,0
5003,Zr6Fe94,0
5004,Zr6Ge94,0
5005,Zr6Ni94,0
5006,Zr6Pd94,0
5007,Zr6Pt94,0
5008,Zr6Rh94,0
5009,Zr6Ti94,0
5010,Zr60Al40,0
5011,Zr60Be40,1
5012,Zr60Co40,1
5013,Zr60Cu40,1
5014,Zr60Fe40,1
5015,Zr60Ge40,0
5016,Zr60Ni40,1
5017,Zr60Pd40,0
5018,Zr60Pt40,0
5019,Zr60Rh40,0
5020,Zr60Ti40,0
5021,Zr61Al39,0
5022,Zr61Be39,1
5023,Zr61Co39,1
5024,Zr61Cu39,1
5025,Zr61Fe39,1
5026,Zr61Ge39,0
5027,Zr61Ni39,1
5028,Zr61Pd39,0
5029,Zr61Pt39,0
5030,Zr61Rh39,0
5031,Zr61Ti39,0
5032,Zr62Al38,0
5033,Zr62Be38,1
5034,Zr62Co38,1
5035,Zr62Cu38,1
5036,Zr62Fe38,1
5037,Zr62Ge38,0
5038,Zr62Ni38,1
5039,Zr62Pd38,0
5040,Zr62Pt38,0
5041,Zr62Rh38,0
5042,Zr62Ti38,0
5043,Zr63Al37,1
5044,Zr63Be37,1
5045,Zr63Co37,1
5046,Zr63Cu37,1
5047,Zr63Fe37,1
5048,Zr63Ge37,0
5049,Zr63Ni37,1
5050,Zr63Pd37,0
5051,Zr63Pt37,0
5052,Zr63Rh37,0
5053,Zr63Ti37,0
5054,Zr64Al36,1
5055,Zr64Be36,1
5056,Zr64Co36,1
5057,Zr64Cu36,1
5058,Zr64Fe36,1
5059,Zr64Ge36,0
5060,Zr64Ni36,1
5061,Zr64Pd36,0
5062,Zr64Pt36,0
5063,Zr64Rh36,0
5064,Zr64Ti36,0
5065,Zr65Al35,1
5066,Zr65Be35,1
5067,Zr65Co35,1
5068,Zr65Cu35,1
5069,Zr65Fe35,1
5070,Zr65Ge35,0
5071,Zr65Ni35,1
5072,Zr65Pd35,1
5073,Zr65Pt35,0
5074,Zr65Rh35,0
5075,Zr65Ti35,0
5076,Zr66Al34,1
5077,Zr66Be34,1
5078,Zr66Co34,1
5079,Zr66Cu34,1
5080,Zr66Fe34,1
5081,Zr66Ge34,0
5082,Zr66Ni34,1
5083,Zr66Pd34,1
5084,Zr66Pt34,0
5085,Zr66Rh34,1
5086,Zr66Ti34,0
5087,Zr67Al33,1
5088,Zr67Be33,1
5089,Zr67Co33,1
5090,Zr67Cu33,1
5091,Zr67Fe33,1
5092,Zr67Ge33,0
5093,Zr67Ni33,1
5094,Zr67Pd33,1
5095,Zr67Pt33,0
5096,Zr67Rh33,1
5097,Zr67Ti33,0
5098,Zr68Al32,1
5099,Zr68Be32,1
5100,Zr68Co32,1
5101,Zr68Cu32,1
5102,Zr68Fe32,1
5103,Zr68Ge32,0
5104,Zr68Ni32,1
5105,Zr68Pd32,1
5106,Zr68Pt32,0
5107,Zr68Rh32,1
5108,Zr68Ti32,0
5109,Zr69Al31,1
5110,Zr69Be31,1
5111,Zr69Co31,1
5112,Zr69Cu31,1
5113,Zr69Fe31,1
5114,Zr69Ge31,0
5115,Zr69Ni31,1
5116,Zr69Pd31,1
5117,Zr69Pt31,0
5118,Zr69Rh31,1
5119,Zr69Ti31,0
5120,Zr7Al93,0
5121,Zr7Be93,0
5122,Zr7Co93,0
5123,Zr7Cu93,0
5124,Zr7Fe93,0
5125,Zr7Ge93,0
5126,Zr7Ni93,0
5127,Zr7Pd93,0
5128,Zr7Pt93,0
5129,Zr7Rh93,0
5130,Zr7Ti93,0
5131,Zr70Al30,1
5132,Zr70Be30,1
5133,Zr70Co30,1
5134,Zr70Cu30,1
5135,Zr70Fe30,1
5136,Zr70Ge30,0
5137,Zr70Ni30,1
5138,Zr70Pd30,1
5139,Zr70Pt30,1
5140,Zr70Rh30,1
5141,Zr70Ti30,0
5142,Zr71Al29,1
5143,Zr71Be29,0
5144,Zr71Co29,1
5145,Zr71Cu29,1
5146,Zr71Fe29,1
5147,Zr71Ge29,0
5148,Zr71Ni29,1
5149,Zr71Pd29,0
5150,Zr71Pt29,1
5151,Zr71Rh29,1
5152,Zr71Ti29,0
5153,Zr72Al28,1
5154,Zr72Be28,0
5155,Zr72Co28,1
5156,Zr72Cu28,1
5157,Zr72Fe28,1
5158,Zr72Ge28,0
5159,Zr72Ni28,1
5160,Zr72Pd28,0
5161,Zr72Pt28,1
5162,Zr72Rh28,1
5163,Zr72Ti28,0
5164,Zr73Al27,1
5165,Zr73Be27,0
5166,Zr73Co27,1
5167,Zr73Cu27,1
5168,Zr73Fe27,1
5169,Zr73Ge27,0
5170,Zr73Ni27,1
5171,Zr73Pd27,0
5172,Zr73Pt27,1
5173,Zr73Rh27,1
5174,Zr73Ti27,0
5175,Zr74Al26,1
5176,Zr74Be26,0
5177,Zr74Co26,1
5178,Zr74Cu26,1
5179,Zr74Fe26,1
5180,Zr74Ge26,0
5181,Zr74Ni26,1
5182,Zr74Pd26,0
5183,Zr74Pt26,1
5184,Zr74Rh26,1
5185,Zr74Ti26,0
5186,Zr75Al25,0
5187,Zr75Be25,0
5188,Zr75Co25,1
5189,Zr75Cu25,1
5190,Zr75Fe25,1
5191,Zr75Ge25,0
5192,Zr75Ni25,1
5193,Zr75Pd25,0
5194,Zr75Pt25,1
5195,Zr75Rh25,1
5196,Zr75Ti25,0
5197,Zr76Al24,0
5198,Zr76Be24,0
5199,Zr76Co24,1
5200,Zr76Cu24,1
5201,Zr76Fe24,1
5202,Zr76Ge24,0
5203,Zr76Ni24,1
5204,Zr76Pd24,0
5205,Zr76Pt24,1
5206,Zr76Rh24,1
5207,Zr76Ti24,0
5208,Zr77Al23,0
5209,Zr77Be23,0
5210,Zr77Co23,1
5211,Zr77Cu23,1
5212,Zr77Fe23,1
5213,Zr77Ge23,0
5214,Zr77Ni23,1
5215,Zr77Pd23,0
5216,Zr77Pt23,1
5217,Zr77Rh23,1
5218,Zr77Ti23,0
5219,Zr78Al22,0
5220,Zr78Be22,0
5221,Zr78Co22,1
5222,Zr78Cu22,1
5223,Zr78Fe22,1
5224,Zr78Ge22,0
5225,Zr78Ni22,1
5226,Zr78Pd22,0
5227,Zr78Pt22,1
5228,Zr78Rh22,1
5229,Zr78Ti22,0
5230,Zr79Al21,0
5231,Zr79Be21,0
5232,Zr79Co21,1
5233,Zr79Cu21,1
5234,Zr79Fe21,1
5235,Zr79Ge21,0
5236,Zr79Ni21,1
5237,Zr79Pd21,0
5238,Zr79Pt21,1
5239,Zr79Rh21,1
5240,Zr79Ti21,0
5241,Zr8Al92,0
5242,Zr8Be92,0
5243,Zr8Co92,0
5244,Zr8Cu92,0
5245,Zr8Fe92,0
5246,Zr8Ge92,0
5247,Zr8Ni92,0
5248,Zr8Pd92,0
5249,Zr8Pt92,0
5250,Zr8Rh92,0
5251,Zr8Ti92,0
5252,Zr80Al20,0
5253,Zr80Be20,0
5254,Zr80Co20,1
5255,Zr80Cu20,1
5256,Zr80Fe20,1
5257,Zr80Ge20,0
5258,Zr80Ni20,1
5259,Zr80Pd20,0
5260,Zr80Pt20,1
5261,Zr80Rh20,1
5262,Zr80Ti20,0
5263,Zr81Al19,0
5264,Zr81Be19,0
5265,Zr81Co19,0
5266,Zr81Cu19,0
5267,Zr81Fe19,1
5268,Zr81Ge19,1
5269,Zr81Ni19,0
5270,Zr81Pd19,0
5271,Zr81Pt19,0
5272,Zr81Rh19,0
5273,Zr81Ti19,0
5274,Zr82Al18,0
5275,Zr82Be18,0
5276,Zr82Co18,0
5277,Zr82Cu18,0
5278,Zr82Fe18,1
5279,Zr82Ge18,1
5280,Zr82Ni18,0
5281,Zr82Pd18,0
5282,Zr82Pt18,0
5283,Zr82Rh18,0
5284,Zr82Ti18,0
5285,Zr83Al17,0
5286,Zr83Be17,0
5287,Zr83Co17,0
5288,Zr83Cu17,0
5289,Zr83Fe17,0
5290,Zr83Ge17,1
5291,Zr83Ni17,0
5292,Zr83Pd17,0
5293,Zr83Pt17,0
5294,Zr83Rh17,0
5295,Zr83Ti17,0
5296,Zr84Al16,0
5297,Zr84Be16,0
5298,Zr84Co16,0
5299,Zr84Cu16,0
5300,Zr84Fe16,0
5301,Zr84Ge16,1
5302,Zr84Ni16,0
5303,Zr84Pd16,0
5304,Zr84Pt16,0
5305,Zr84Rh16,0
5306,Zr84Ti16,0
5307,Zr85Al15,0
5308,Zr85Be15,0
5309,Zr85Co15,0
5310,Zr85Cu15,0
5311,Zr85Fe15,0
5312,Zr85Ge15,1
5313,Zr85Ni15,0
5314,Zr85Pd15,0
5315,Zr85Pt15,0
5316,Zr85Rh15,0
5317,Zr85Ti15,0
5318,Zr86Al14,0
5319,Zr86Be14,0
5320,Zr86Co14,0
5321,Zr86Cu14,0
5322,Zr86Fe14,0
5323,Zr86Ge14,1
5324,Zr86Ni14,0
5325,Zr86Pd14,0
5326,Zr86Pt14,0
5327,Zr86Rh14,0
5328,Zr86Ti14,0
5329,Zr87Al13,0
5330,Zr87Be13,0
5331,Zr87Co13,0
5332,Zr87Cu13,0
5333,Zr87Fe13,0
5334,Zr87Ge13,1
5335,Zr87Ni13,0
5336,Zr87Pd13,0
5337,Zr87Pt13,0
5338,Zr87Rh13,0
5339,Zr87Ti13,0
5340,Zr88Al12,0
5341,Zr88Be12,0
5342,Zr88Co12,0
5343,Zr88Cu12,0
5344,Zr88Fe12,0
5345,Zr88Ge12,1
5346,Zr88Ni12,0
5347,Zr88Pd12,0
5348,Zr88Pt12,0
5349,Zr88Rh12,0
5350,Zr88Ti12,0
5351,Zr89Al11,0
5352,Zr89Be11,0
5353,Zr89Co11,0
5354,Zr89Cu11,0
5355,Zr89Fe11,0
5356,Zr89Ge11,0
5357,Zr89Ni11,0
5358,Zr89Pd11,0
5359,Zr89Pt11,0
5360,Zr89Rh11,0
5361,Zr89Ti11,0
5362,Zr9Al91,0
5363,Zr9Be91,0
5364,Zr9Co91,0
5365,Zr9Cu91,0
5366,Zr9Fe91,1
5367,Zr9Ge91,0
5368,Zr9Ni91,0
5369,Zr9Pd91,0
5370,Zr9Pt91,0
5371,Zr9Rh91,0
5372,Zr9Ti91,0
5373,Zr90Al10,0
5374,Zr90Be10,0
5375,Zr90Co10,0
5376,Zr90Cu10,0
5377,Zr90Fe10,0
5378,Zr90Ge10,0
5379,Zr90Ni10,0
5380,Zr90Pd10,0
5381,Zr90Pt10,0
5382,Zr90Rh10,0
5383,Zr90Ti10,0
5384,Zr91Al9,0
5385,Zr91Be9,0
5386,Zr91Co9,0
5387,Zr91Cu9,0
5388,Zr91Fe9,0
5389,Zr91Ge9,0
5390,Zr91Ni9,0
5391,Zr91Pd9,0
5392,Zr91Pt9,0
5393,Zr91Rh9,0
5394,Zr91Ti9,0
5395,Zr92Al8,0
5396,Zr92Be8,0
5397,Zr92Co8,0
5398,Zr92Cu8,0
5399,Zr92Fe8,0
5400,Zr92Ge8,0
5401,Zr92Ni8,0
5402,Zr92Pd8,0
5403,Zr92Pt8,0
5404,Zr92Rh8,0
5405,Zr92Ti8,0
5406,Zr93Al7,0
5407,Zr93Be7,0
5408,Zr93Co7,0
5409,Zr93Cu7,0
5410,Zr93Fe7,0
5411,Zr93Ge7,0
5412,Zr93Ni7,0
5413,Zr93Pd7,0
5414,Zr93Pt7,0
5415,Zr93Rh7,0
5416,Zr93Ti7,0
5417,Zr94Al6,0
5418,Zr94Be6,0
5419,Zr94Co6,0
5420,Zr94Cu6,0
5421,Zr94Fe6,0
5422,Zr94Ge6,0
5423,Zr94Ni6,0
5424,Zr94Pd6,0
5425,Zr94Pt6,0
5426,Zr94Rh6,0
5427,Zr94Ti6,0
5428,Zr95Al5,0
5429,Zr95Be5,0
5430,Zr95Co5,0
5431,Zr95Cu5,0
5432,Zr95Fe5,0
5433,Zr95Ge5,0
5434,Zr95Ni5,0
5435,Zr95Pd5,0
5436,Zr95Pt5,0
5437,Zr95Rh5,0
5438,Zr95Ti5,0
5439,Zr96Al4,0
5440,Zr96Be4,0
5441,Zr96Co4,0
5442,Zr96Cu4,0
5443,Zr96Fe4,0
5444,Zr96Ge4,0
5445,Zr96Ni4,0
5446,Zr96Pd4,0
5447,Zr96Pt4,0
5448,Zr96Rh4,0
5449,Zr96Ti4,0
5450,Zr97Al3,0
5451,Zr97Be3,0
5452,Zr97Co3,0
5453,Zr97Cu3,0
5454,Zr97Fe3,0
5455,Zr97Ge3,0
5456,Zr97Ni3,0
5457,Zr97Pd3,0
5458,Zr97Pt3,0
5459,Zr97Rh3,0
5460,Zr97Ti3,0
5461,Zr98Al2,0
5462,Zr98Be2,0
5463,Zr98Co2,0
5464,Zr98Cu2,0
5465,Zr98Fe2,0
5466,Zr98Ge2,0
5467,Zr98Ni2,0
5468,Zr98Pd2,0
5469,Zr98Pt2,0
5470,Zr98Rh2,0
5471,Zr98Ti2,0
5472,Zr99Al1,0
5473,Zr99Be1,0
5474,Zr99Co1,0
5475,Zr99Cu1,0
5476,Zr99Fe1,0
5477,Zr99Ge1,0
5478,Zr99Ni1,0
5479,Zr99Pd1,0
5480,Zr99Pt1,0
5481,Zr99Rh1,0
5482,Zr99Ti1,0
