,formula,heusler type,num_electron,struct type,latt const,tetragonality,e_form,pol fermi,mu_b,mu_b saturation
0,V2ScAl,Full Heusler,16,D022,5.49,1.561,0.046,0.1,0.0002,0.03
1,V2ScGa,Full Heusler,16,D022,5.43,1.5893,-0.013999999999999999,36.93,0.1775,25.88
2,V2ScIn,Full Heusler,16,D022,5.66,1.5583,0.191,34.28,0.1624,21.32
3,V2ScSi,Full Heusler,17,D022,5.34,1.5993,-0.122,19.59,0.6638,101.12
4,V2ScGe,Full Heusler,17,D022,5.39,1.6104,-0.087,10.09,0.7492,110.21
5,V2ScSn,Full Heusler,17,D022,5.66,1.5565,0.032,45.39,1.0025,131.77
6,V2ScP,Full Heusler,18,D022,5.18,1.6911,-0.322,0.0,0.0001,0.02
7,V2ScAs,Full Heusler,18,D022,5.31,1.6742,-0.162,0.0,0.0002,0.03
8,V2ScSb,Full Heusler,18,L21,6.5342,0.9988,0.042,5.26,4.1965,558.68
9,V2TiAl,Full Heusler,17,L21,6.16,1.0,-0.024,8.6,0.7065,112.12
10,V2TiGa,Full Heusler,17,L21,6.1358,0.9952,-0.039,4.9,0.6168,99.53
11,V2TiIn,Full Heusler,17,L21,6.3622,0.9998,0.205,18.85,0.6805,98.04
12,V2TiSi,Full Heusler,18,D022,5.8997,1.0590000000000002,-0.253,0.03,0.0001,0.02
13,V2TiGe,Full Heusler,18,D022,5.18,1.6564,-0.21899999999999997,0.02,0.0002,0.03
14,V2TiSn,Full Heusler,18,D022,5.8782,1.2673,-0.013999999999999999,0.02,0.0002,0.03
15,V2TiP,Full Heusler,19,D022,5.04,1.6766,-0.49200000000000005,0.0,0.0,0.0
16,V2TiAs,Full Heusler,19,D022,5.1770000000000005,1.6492,-0.281,0.0,0.0,0.0
17,V2TiSb,Full Heusler,19,L21,6.32,1.0,-0.05,13.05,1.7344,254.87
18,V2VAl,Full Heusler,18,L21,6.03,1.0,-0.087,0.0,0.0,0.0
19,V2VGa,Full Heusler,18,L21,6.03,1.0,-0.09699999999999999,0.0,0.0,0.0
20,V2VIn,Full Heusler,18,L21,6.25,1.0,0.218,0.01,0.0,0.0
21,V2VSi,Full Heusler,19,D022,5.72,1.1031,-0.307,0.0,0.0,0.0
22,V2VGe,Full Heusler,19,D022,5.68,1.1761,-0.177,0.0,0.0001,0.02
23,V2VSn,Full Heusler,19,D022,5.94,1.1599,0.032,0.02,0.0002,0.03
24,V2VP,Full Heusler,20,D022,5.41,1.2662,-0.42100000000000004,0.0,0.0,0.0
25,V2VAs,Full Heusler,20,D022,5.16,1.5659,-0.222,0.0,0.0,0.0
26,V2VSb,Full Heusler,20,L21,6.24,1.0,0.002,81.02,2.013,307.34
27,V2CrAl,Full Heusler,19,L21,5.96,1.0,-0.052000000000000005,91.93,0.9835,172.33
28,V2CrGa,Full Heusler,19,D022,5.6588,1.1587,-0.051,0.0,0.0,0.0
29,V2CrIn,Full Heusler,19,L21,6.21,1.0,0.306,38.99,1.4251,220.75
30,V2CrSi,Full Heusler,20,D022,5.568,1.1595,-0.248,0.0,0.0001,0.02
31,V2CrGe,Full Heusler,20,D022,5.5191,1.2431,-0.10300000000000001,0.0,0.0,0.0
32,V2CrSn,Full Heusler,20,L21,6.24,1.0,0.132,71.38,1.865,284.74
33,V2CrP,Full Heusler,21,D022,5.0183,1.5324,-0.37799999999999995,10.54,0.7036,134.78
34,V2CrAs,Full Heusler,21,D022,5.1692,1.5030000000000001,-0.127,2.95,0.6871,122.78
35,V2CrSb,Full Heusler,21,D022,5.4071,1.4828,0.10099999999999999,42.04,0.8851,140.07
36,V2MnAl,Full Heusler,20,L21,5.96,1.0,-0.075,27.41,1.466,256.88
37,V2MnGa,Full Heusler,20,D022,5.2009,1.4615,-0.078,22.35,0.6602,119.12
38,V2MnIn,Full Heusler,20,L21,6.31,1.0,0.244,34.48,1.7014,251.21
39,V2MnSi,Full Heusler,21,D022,4.9331,1.652,-0.318,13.4,1.6566,309.86
40,V2MnGe,Full Heusler,21,D022,5.3965,1.3275,-0.157,20.92,1.1573,205.77
41,V2MnSn,Full Heusler,21,L21,6.32,1.0,0.071,48.97,1.492,219.25
42,V2MnP,Full Heusler,22,D022,4.9367,1.5977,-0.47,42.86,1.815,350.26
43,V2MnAs,Full Heusler,22,D022,5.0731,1.5509,-0.221,40.59,1.93,353.58
44,V2MnSb,Full Heusler,22,L21,6.28,1.0,0.040999999999999995,44.8,0.9135,136.82
45,V2FeAl,Full Heusler,21,D022,4.9285,1.6927,-0.147,12.82,1.5127,276.92
46,V2FeGa,Full Heusler,21,D022,5.0109,1.6379,-0.129,28.24,1.6169,291.04
47,V2FeIn,Full Heusler,21,L21,6.21,1.0,0.28800000000000003,41.86,0.9985,154.67
48,V2FeSi,Full Heusler,22,L21,5.86,1.0,-0.255,18.92,1.2041,221.97
49,V2FeGe,Full Heusler,22,L21,5.96,1.0,-0.128,27.75,0.8354,146.38
50,V2FeSn,Full Heusler,22,D022,5.2012,1.6185,0.013999999999999999,31.81,2.016,328.39
51,V2FeP,Full Heusler,23,D022,4.9363,1.5625,-0.494,44.8,1.4605,288.27
52,V2FeAs,Full Heusler,23,D022,4.9572,1.6374,-0.235,25.94,1.3832,257.25
53,V2FeSb,Full Heusler,23,D022,5.1592,1.6446,-0.027000000000000003,22.82,1.4375,236.11
54,V2CoAl,Full Heusler,22,D022,4.8925,1.7232,-0.221,0.14,0.0019,0.35
55,V2CoGa,Full Heusler,22,D022,4.9264,1.6825,-0.184,0.0,0.0042,0.77
56,V2CoIn,Full Heusler,22,L21,6.2,1.0,0.313,63.65,3.7179,578.69
57,V2CoSi,Full Heusler,23,D022,4.8494,1.6761,-0.42,0.0,0.0,0.0
58,V2CoGe,Full Heusler,23,D022,4.9455,1.6546,-0.264,0.29,0.0707,13.1
59,V2CoSn,Full Heusler,23,D022,5.1370000000000005,1.6740000000000002,-0.05,3.77,0.0912,14.91
60,V2CoP,Full Heusler,24,D022,4.8591,1.6121,-0.5529999999999999,0.02,0.0001,0.02
61,V2CoAs,Full Heusler,24,D022,4.9811,1.6124,-0.303,0.05,0.0007,0.13
62,V2CoSb,Full Heusler,24,D022,5.1663,1.6342,-0.109,0.02,0.0001,0.02
63,V2NiAl,Full Heusler,23,D022,4.9115,1.7241,-0.29100000000000004,0.0,0.0,0.0
64,V2NiGa,Full Heusler,23,D022,4.952,1.6784,-0.25,0.0,0.0,0.0
65,V2NiIn,Full Heusler,23,D022,5.1417,1.6933,0.052000000000000005,0.0,0.0,0.0
66,V2NiSi,Full Heusler,24,D022,4.9295,1.6188,-0.461,0.0,0.0,0.0
67,V2NiGe,Full Heusler,24,D022,5.0215,1.6023,-0.32299999999999995,0.0,0.0,0.0
68,V2NiSn,Full Heusler,24,D022,5.1991,1.6346,-0.139,0.0,0.0,0.0
69,V2NiP,Full Heusler,25,D022,4.9483,1.5557,-0.556,0.0,0.0,0.0
70,V2NiAs,Full Heusler,25,D022,5.0667,1.557,-0.335,0.01,0.0,0.0
71,V2NiSb,Full Heusler,25,D022,5.239,1.5891,-0.16699999999999998,0.0,0.0,0.0
72,Cr2ScAl,Full Heusler,18,L21,6.3429,1.0001,0.11900000000000001,93.06,5.9142,859.64
73,Cr2ScGa,Full Heusler,18,L21,6.31,1.0,0.138,88.23,5.8512,863.94
74,Cr2ScIn,Full Heusler,18,L21,6.56,1.0,0.265,92.46,5.9213,778.1
75,Cr2ScSi,Full Heusler,19,L21,6.1227,1.0004,-0.035,78.57,4.937,797.6
76,Cr2ScGe,Full Heusler,19,L21,6.21,1.0,0.049,78.76,4.9294,763.57
77,Cr2ScSn,Full Heusler,19,L21,6.47,1.0,0.081,87.85,4.9609,679.48
78,Cr2ScP,Full Heusler,20,L21,5.9823,1.0004,-0.08800000000000001,95.99,3.9738,688.25
79,Cr2ScAs,Full Heusler,20,L21,6.1469,0.9949,0.066,96.85,3.9852,639.75
80,Cr2ScSb,Full Heusler,20,L21,6.3895,0.9995,0.083,98.13,3.997,568.67
81,Cr2TiAl,Full Heusler,19,L21,6.096,1.0002,-0.008,28.16,4.4399,726.9
82,Cr2TiGa,Full Heusler,19,L21,6.0763,1.0004,0.016,39.51,4.3226,714.45
83,Cr2TiIn,Full Heusler,19,L21,6.35,1.0,0.24100000000000002,68.08,4.7330000000000005,685.71
84,Cr2TiSi,Full Heusler,20,L21,5.91,1.0,-0.252,15.92,3.0466,547.49
85,Cr2TiGe,Full Heusler,20,L21,6.0,1.0,-0.114,18.73,3.318,569.84
86,Cr2TiSn,Full Heusler,20,L21,6.2865,0.9988,0.016,81.83,3.8602,577.05
87,Cr2TiP,Full Heusler,21,L21,5.7976,1.0001,-0.36200000000000004,5.2,2.5318,481.92
88,Cr2TiAs,Full Heusler,21,L21,5.9565,1.0017,-0.136,65.11,2.9461,516.24
89,Cr2TiSb,Full Heusler,21,L21,6.2179,0.9990000000000001,-0.033,86.72,2.9913,462.02
90,Cr2VAl,Full Heusler,20,L21,5.93,1.0,-0.055,31.65,2.6887,478.31
91,Cr2VGa,Full Heusler,20,L21,5.93,1.0,-0.02,6.48,2.8109,500.04
92,Cr2VIn,Full Heusler,20,L21,6.25,1.0,0.272,46.41,3.7257,566.1
93,Cr2VSi,Full Heusler,21,L21,5.81,1.0005,-0.28800000000000003,53.98,2.8966,547.62
94,Cr2VGe,Full Heusler,21,L21,5.9082,1.0,-0.115,83.36,2.9515,530.88
95,Cr2VSn,Full Heusler,21,L21,6.18,1.0,0.078,64.35,2.9765,467.81
96,Cr2VP,Full Heusler,22,L21,5.66,1.0,-0.364,13.01,0.3656,74.8
97,Cr2VAs,Full Heusler,22,L21,5.84,1.0,-0.071,23.18,1.7736,330.33
98,Cr2VSb,Full Heusler,22,L21,6.11,1.0,0.10300000000000001,93.35,1.9941,324.3
99,Cr2CrAl,Full Heusler,21,L21,5.9114,1.0002,-0.021,64.28,2.9205,524.38
100,Cr2CrGa,Full Heusler,21,L21,5.92,1.0,0.035,46.04,2.8754,514.11
101,Cr2CrIn,Full Heusler,21,L21,6.25,1.0,0.344,68.56,2.9604,449.82
102,Cr2CrSi,Full Heusler,22,L21,5.73,1.0,-0.16899999999999998,41.4,1.8813,370.96
103,Cr2CrGe,Full Heusler,22,L21,5.86,1.0,0.032,92.88,1.9746,364.01
104,Cr2CrSn,Full Heusler,22,L21,6.2051,0.9983,0.239,99.84,1.9997,311.0
105,Cr2CrP,Full Heusler,23,L21,5.6071,1.0028,-0.201,0.0,0.0,0.0
106,Cr2CrAs,Full Heusler,23,L21,5.84,1.0,0.083,90.67,0.9754,181.67
107,Cr2CrSb,Full Heusler,23,L21,6.14,1.0,0.265,99.93,1.0,160.26
108,Cr2MnAl,Full Heusler,22,L21,5.9167,0.9999,0.002,97.35,1.9932,357.03
109,Cr2MnGa,Full Heusler,22,L21,5.9347,1.0013,0.04,89.59,1.9515,345.9
110,Cr2MnIn,Full Heusler,22,L21,6.27,1.0,0.337,62.99,2.0343,306.15
111,Cr2MnSi,Full Heusler,23,L21,5.78,1.0,-0.162,84.44,0.9306,178.77
112,Cr2MnGe,Full Heusler,23,L21,5.91,1.0,-0.006999999999999999,92.23,0.9588,172.3
113,Cr2MnSn,Full Heusler,23,L21,6.21,1.0,0.18100000000000002,95.76,0.9905,153.43
114,Cr2MnP,Full Heusler,24,L21,5.6774,0.9993,-0.268,41.82,0.397,80.54
115,Cr2MnAs,Full Heusler,24,L21,5.85,1.0,-0.006,80.55,0.0447,8.28
116,Cr2MnSb,Full Heusler,24,L21,6.13,1.0,0.171,95.17,0.0011,0.18
117,Cr2FeAl,Full Heusler,23,L21,5.8518,0.9991,0.099,82.06,4.9857,923.78
118,Cr2FeGa,Full Heusler,23,L21,5.89,1.0,0.11,50.67,0.8541,155.06
119,Cr2FeIn,Full Heusler,23,L21,6.16,1.0,0.45,53.19,0.9688,153.75
120,Cr2FeSi,Full Heusler,24,L21,5.7185,1.0021,-0.134,5.54,0.7815,154.7
121,Cr2FeGe,Full Heusler,24,L21,5.84,1.0,0.049,40.46,0.1578,29.39
122,Cr2FeSn,Full Heusler,24,D022,5.0667,1.6458,0.292,47.51,1.0825,187.6
123,Cr2FeP,Full Heusler,25,L21,5.6248,0.9997,-0.223,13.2,1.6627,346.69
124,Cr2FeAs,Full Heusler,25,L21,5.8006,0.9947,0.076,0.02,1.1509,219.91
125,Cr2FeSb,Full Heusler,25,L21,6.06,1.0,0.29600000000000004,61.58,0.8395,139.94
126,Cr2CoAl,Full Heusler,24,L21,5.8919,0.9986,0.125,75.95,5.7597,1046.02
127,Cr2CoGa,Full Heusler,24,L21,5.8906,1.001,0.162,79.2,5.7819,1048.29
128,Cr2CoIn,Full Heusler,24,L21,6.1978,1.001,0.47700000000000004,66.54,6.9038,1074.68
129,Cr2CoSi,Full Heusler,25,D022,4.7767,1.6358,-0.265,0.0,0.0,0.0
130,Cr2CoGe,Full Heusler,25,D022,4.8726,1.6211,-0.052000000000000005,0.0,0.0,0.0
131,Cr2CoSn,Full Heusler,25,L21,6.19,1.0,0.319,83.49,7.0093,1096.3
132,Cr2CoP,Full Heusler,26,D022,5.5397,1.0331,-0.16,34.48,0.4985,105.29
133,Cr2CoAs,Full Heusler,26,D022,4.9214,1.5768,0.013999999999999999,57.4,0.5348,105.56
134,Cr2CoSb,Full Heusler,26,D022,5.1399,1.5723,0.22399999999999998,66.97,0.7158,124.38
135,Cr2NiAl,Full Heusler,25,L21,6.0,1.0,0.153,66.55,6.686,1148.26
136,Cr2NiGa,Full Heusler,25,L21,5.99,1.0,0.16899999999999998,68.79,6.5147,1124.45
137,Cr2NiIn,Full Heusler,25,L21,6.3,1.0,0.409,26.7,7.4137,1099.87
138,Cr2NiSi,Full Heusler,26,D022,4.8237,1.6169,-0.215,0.0,0.0,0.0
139,Cr2NiGe,Full Heusler,26,D022,4.9228,1.598,-0.031,7.82,0.078,15.18
140,Cr2NiSn,Full Heusler,26,L21,6.27,1.0,0.273,0.79,7.093,1067.47
141,Cr2NiP,Full Heusler,27,D022,5.4831,1.0761,-0.191,0.0,0.0001,0.02
142,Cr2NiAs,Full Heusler,27,D022,5.0664,1.4838,0.043,69.21,1.7279,332.19
143,Cr2NiSb,Full Heusler,27,D022,5.178999999999999,1.5627,0.215,65.14,1.8940000000000001,323.66
144,Mn2ScAl,Full Heusler,20,L21,6.16,1.0,-0.111,88.78,4.0054,635.67
145,Mn2ScGa,Full Heusler,20,D022,5.63,1.3677,-0.111,31.71,5.4082,822.0
146,Mn2ScIn,Full Heusler,20,L21,6.52,1.0,0.055999999999999994,37.22,5.9553,797.05
147,Mn2ScSi,Full Heusler,21,L21,5.9449,1.0011,-0.25,93.9,2.9809,525.72
148,Mn2ScGe,Full Heusler,21,L21,6.04,1.0,-0.128,84.94,2.9786,501.45
149,Mn2ScSn,Full Heusler,21,L21,6.48,1.0,-0.083,47.79,5.6623,771.96
150,Mn2ScP,Full Heusler,22,L21,5.82,1.0,-0.313,96.18,1.9888,374.24
151,Mn2ScAs,Full Heusler,22,L21,5.975,0.9998,-0.11699999999999999,96.41,1.9852,345.29
152,Mn2ScSb,Full Heusler,22,L21,6.2319,0.9996,-0.067,97.14,1.9879,304.81
153,Mn2TiAl,Full Heusler,21,L21,5.95,1.0,-0.33799999999999997,75.34,2.9865,525.94
154,Mn2TiGa,Full Heusler,21,L21,5.94,1.0,-0.28600000000000003,77.07,2.9726,526.14
155,Mn2TiIn,Full Heusler,21,L21,6.22,1.0,-0.013000000000000001,12.55,3.1839999999999997,490.83
156,Mn2TiSi,Full Heusler,22,L21,5.77,1.0,-0.535,93.46,1.9832,382.97
157,Mn2TiGe,Full Heusler,22,L21,5.87,1.0,-0.35100000000000003,94.28,1.9721,361.69
158,Mn2TiSn,Full Heusler,22,L21,6.13,1.0,-0.17,96.98,1.9841,319.53
159,Mn2TiP,Full Heusler,23,L21,5.6621,1.0001,-0.614,0.09,0.0044,0.9
160,Mn2TiAs,Full Heusler,23,L21,5.82,1.0,-0.34600000000000003,70.55,0.9519,179.12
161,Mn2TiSb,Full Heusler,23,L21,6.07,1.0,-0.214,88.3,0.976,161.89
162,Mn2VAl,Full Heusler,22,L21,5.8019,0.9994,-0.31,98.05,1.9994,379.98
163,Mn2VGa,Full Heusler,22,L21,5.8044,1.001,-0.225,94.78,1.9786,374.95
164,Mn2VIn,Full Heusler,22,L21,6.25,1.0,0.09300000000000001,7.49,4.1104,624.56
165,Mn2VSi,Full Heusler,23,L21,5.65,1.0,-0.517,73.16,0.9657,198.62
166,Mn2VGe,Full Heusler,23,L21,5.75,1.0,-0.278,84.97,0.9628,187.87
167,Mn2VSn,Full Heusler,23,L21,6.01,1.0,-0.018000000000000002,93.53,0.9941,169.88
168,Mn2VP,Full Heusler,24,L21,5.5664,0.9999,-0.5479999999999999,3.35,0.0018,0.39
169,Mn2VAs,Full Heusler,24,L21,5.7203,0.9994,-0.225,0.03,0.0,0.0
170,Mn2VSb,Full Heusler,24,L21,5.9686,0.9999,-0.031,0.0,0.0,0.0
171,Mn2CrAl,Full Heusler,23,L21,5.72,1.0,-0.155,91.76,1.0406,206.26
172,Mn2CrGa,Full Heusler,23,D022,5.4019,1.2832,-0.061,58.23,2.7269,500.11
173,Mn2CrIn,Full Heusler,23,L21,6.31,1.0,0.243,53.3,3.7636,555.7
174,Mn2CrSi,Full Heusler,24,L21,5.5899,0.9988,-0.327,0.04,0.0002,0.04
175,Mn2CrGe,Full Heusler,24,L21,5.72,1.0,-0.063,95.68,0.0156,3.09
176,Mn2CrSn,Full Heusler,24,D022,5.61,1.3316,0.092,88.95,2.028,320.0
177,Mn2CrP,Full Heusler,25,L21,5.55,1.0,-0.335,87.89,1.0108,219.34
178,Mn2CrAs,Full Heusler,25,D022,5.2188,1.4032,-0.055,13.48,1.4207,264.25
179,Mn2CrSb,Full Heusler,25,D022,5.52,1.3623,0.10400000000000001,9.78,1.1809,191.18
180,Mn2MnAl,Full Heusler,24,D022,5.3644,1.307,-0.136,55.07,1.7039,313.27
181,Mn2MnGa,Full Heusler,24,D022,5.35,7.09,-0.10400000000000001,58.98,1.7624,60.22
182,Mn2MnIn,Full Heusler,24,D022,5.6,1.3464,0.179,67.32,1.9188,301.03
183,Mn2MnSi,Full Heusler,25,L21,5.64,1.0,-0.32799999999999996,95.93,1.0071,208.24
184,Mn2MnGe,Full Heusler,25,D022,5.2882,1.3430000000000002,-0.14800000000000002,72.35,0.9943,185.71
185,Mn2MnSn,Full Heusler,25,D022,5.5637,1.3377,0.033,85.16,1.0435,168.02
186,Mn2MnP,Full Heusler,26,L21,5.55,1.0,-0.39899999999999997,95.56,2.0003,434.05
187,Mn2MnAs,Full Heusler,26,L21,5.71,1.0,-0.09699999999999999,92.89,2.002,398.92
188,Mn2MnSb,Full Heusler,26,D022,5.4041,1.4378,0.049,11.82,1.133,185.22
189,Mn2FeAl,Full Heusler,25,D022,5.2194,1.3645,-0.07200000000000001,29.28,5.1686,988.26
190,Mn2FeGa,Full Heusler,25,L21,5.87,1.0,-0.036000000000000004,48.52,7.3108,1340.84
191,Mn2FeIn,Full Heusler,25,L21,6.16,1.0,0.23399999999999999,29.41,8.0256,1273.69
192,Mn2FeSi,Full Heusler,26,L21,5.599,1.0002,-0.265,25.04,2.104,444.57
193,Mn2FeGe,Full Heusler,26,D022,5.3788,1.2613,-0.057999999999999996,54.12,6.4483,1218.73
194,Mn2FeSn,Full Heusler,26,D022,5.75,1.2104,0.08800000000000001,32.05,7.3279,1181.3
195,Mn2FeP,Full Heusler,27,L21,5.55,1.0,-0.294,44.63,2.8161,611.08
196,Mn2FeAs,Full Heusler,27,D022,5.0395,1.4881,-0.02,22.65,2.2138,431.17
197,Mn2FeSb,Full Heusler,27,D022,5.2938,1.4767,0.13,11.14,7.1437,1209.64
198,Mn2CoAl,Full Heusler,26,L21,5.89,1.0,-0.14400000000000002,4.85,7.5559,1371.73
199,Mn2CoGa,Full Heusler,26,L21,5.91,1.0,-0.086,28.99,7.7951,1400.83
200,Mn2CoIn,Full Heusler,26,L21,6.19,1.0,0.165,30.43,8.1582,1276.0
201,Mn2CoSi,Full Heusler,27,D022,4.8959,1.4978,-0.257,46.4,2.1643,456.77
202,Mn2CoGe,Full Heusler,27,L21,5.86,1.0,-0.009000000000000001,56.26,7.1538,1318.78
203,Mn2CoSn,Full Heusler,27,D022,5.5362,1.3506,0.052000000000000005,44.8,7.3015,1181.89
204,Mn2CoP,Full Heusler,28,L21,5.5092,0.9993,-0.23800000000000002,0.09,0.3986,88.49
205,Mn2CoAs,Full Heusler,28,D022,5.1779,1.3982,-0.027999999999999997,34.13,5.8381,1115.76
206,Mn2CoSb,Full Heusler,28,D022,5.4292,1.4102,0.076,62.81,6.874,1129.94
207,Mn2NiAl,Full Heusler,27,L21,5.92,1.0,-0.09699999999999999,50.48,6.8174,1218.94
208,Mn2NiGa,Full Heusler,27,D022,5.3911,1.3223,-0.098,52.97,6.6725,1194.72
209,Mn2NiIn,Full Heusler,27,L21,6.25,1.0,0.157,46.99,7.7576,1178.73
210,Mn2NiSi,Full Heusler,28,D022,5.1434,1.3706,-0.266,18.3,4.9589,986.39
211,Mn2NiGe,Full Heusler,28,D022,5.2653,1.3665,-0.129,26.27,5.6529,1051.31
212,Mn2NiSn,Full Heusler,28,D022,5.4657,1.4094,-0.011000000000000001,49.61,6.3444,1022.67
213,Mn2NiP,Full Heusler,29,L21,5.53,1.0,-0.261,0.0,0.0001,0.02
214,Mn2NiAs,Full Heusler,29,D022,5.2002,1.4034,-0.096,13.81,5.3638,1008.23
215,Mn2NiSb,Full Heusler,29,D022,5.3953,1.4396,-0.008,49.95,5.8538,960.44
216,Fe2ScAl,Full Heusler,22,L21,6.02,1.0,-0.19699999999999998,92.85,1.9221,326.82
217,Fe2ScGa,Full Heusler,22,L21,6.01,1.0,-0.14,93.61,1.9142,327.11
218,Fe2ScIn,Full Heusler,22,L21,6.37,1.0,0.039,56.37,3.8266,549.19
219,Fe2ScSi,Full Heusler,23,L21,5.85,1.0,-0.387,91.16,0.9336,172.99
220,Fe2ScGe,Full Heusler,23,L21,5.95,1.0,-0.24600000000000002,90.53,0.9044,159.27
221,Fe2ScSn,Full Heusler,23,L21,6.2048,1.0005,-0.162,86.4,0.8989,139.52
222,Fe2ScP,Full Heusler,24,L21,5.75,1.0,-0.484,0.0,0.0,0.0
223,Fe2ScAs,Full Heusler,24,L21,5.9,1.0,-0.28800000000000003,0.0,0.0,0.0
224,Fe2ScSb,Full Heusler,24,L21,6.15,1.0,-0.253,0.0,0.0002,0.03
225,Fe2TiAl,Full Heusler,23,L21,5.82,1.0,-0.465,88.76,0.9442,177.67
226,Fe2TiGa,Full Heusler,23,L21,5.83,1.0,-0.377,87.03,0.9086,170.1
227,Fe2TiIn,Full Heusler,23,L21,6.07,1.0,-0.059000000000000004,88.28,0.9466,157.01
228,Fe2TiSi,Full Heusler,24,L21,5.685,1.0001,-0.706,0.0,0.0,0.0
229,Fe2TiGe,Full Heusler,24,L21,5.78,1.0,-0.494,0.0,0.0,0.0
230,Fe2TiSn,Full Heusler,24,L21,6.0338,1.0,-0.304,0.0,0.0007,0.12
231,Fe2TiP,Full Heusler,25,L21,5.65,1.0,-0.6,100.0,1.0,205.68
232,Fe2TiAs,Full Heusler,25,L21,5.8,1.0,-0.354,100.0,1.0,190.13
233,Fe2TiSb,Full Heusler,25,L21,6.04,1.0,-0.264,100.0,1.0022,168.72
234,Fe2VAl,Full Heusler,24,L21,5.6925,1.0001,-0.42700000000000005,0.0,0.0,0.0
235,Fe2VGa,Full Heusler,24,L21,5.7084,1.0,-0.299,0.0,0.0,0.0
236,Fe2VIn,Full Heusler,24,L21,5.9606,0.9999,0.107,0.0,0.0,0.0
237,Fe2VSi,Full Heusler,25,L21,5.61,1.0,-0.489,81.91,0.8056,169.26
238,Fe2VGe,Full Heusler,25,D022,5.59,1.0698,-0.249,78.36,0.8652,171.76
239,Fe2VSn,Full Heusler,25,L21,5.98,1.0,-0.02,66.79,0.882,153.0
240,Fe2VP,Full Heusler,26,D022,5.181,1.2439,-0.414,0.0,0.0,0.0
241,Fe2VAs,Full Heusler,26,D022,5.3037,1.253,-0.134,0.0,0.0,0.0
242,Fe2VSb,Full Heusler,26,L21,5.99,1.0,0.01,66.39,1.8343,316.6
243,Fe2CrAl,Full Heusler,25,L21,5.6599,1.0,-0.16699999999999998,95.02,0.9978,204.15
244,Fe2CrGa,Full Heusler,25,L21,5.68,1.0,-0.033,100.0,1.0013,202.7
245,Fe2CrIn,Full Heusler,25,D022,5.462000000000001,1.3928,0.302,87.34,0.912,149.06
246,Fe2CrSi,Full Heusler,26,D022,5.4678,1.0659,-0.266,99.38,2.0,425.78
247,Fe2CrGe,Full Heusler,26,D022,5.62,1.0409,-0.031,100.0,2.0,401.54
248,Fe2CrSn,Full Heusler,26,L21,5.9688,0.9999,0.18600000000000003,99.91,2.0011,349.11
249,Fe2CrP,Full Heusler,27,D022,5.062,1.3152,-0.245,67.17,1.0625,231.04
250,Fe2CrAs,Full Heusler,27,D022,5.22,1.3065,0.046,51.19,0.1825,36.43
251,Fe2CrSb,Full Heusler,27,D022,5.756,1.1068,0.17300000000000001,99.98,3.0,527.27
252,Fe2MnAl,Full Heusler,26,L21,5.6711,1.0002,-0.038,0.01,0.0001,0.02
253,Fe2MnGa,Full Heusler,26,L21,5.6969,1.0001,-0.075,74.25,2.0329,407.84
254,Fe2MnIn,Full Heusler,26,D022,5.4,1.4278,0.23600000000000002,30.29,0.2034,33.56
255,Fe2MnSi,Full Heusler,27,L21,5.5942,0.9951,-0.34,100.0,3.0,638.77
256,Fe2MnGe,Full Heusler,27,D022,5.7226,0.9839,-0.114,96.99,3.0081,605.16
257,Fe2MnSn,Full Heusler,27,L21,5.9606,0.9992,0.107,0.23,5.597,981.2
258,Fe2MnP,Full Heusler,28,L21,5.55,1.0,-0.321,100.0,4.0,867.98
259,Fe2MnAs,Full Heusler,28,L21,5.7,1.0,-0.055999999999999994,94.02,4.006,802.44
260,Fe2MnSb,Full Heusler,28,L21,5.9479999999999995,0.9993,0.062,87.28,4.0661,717.31
261,Fe2FeAl,Full Heusler,27,L21,5.74,1.0,-0.201,54.0,5.9605,1169.16
262,Fe2FeGa,Full Heusler,27,D022,5.43,1.2118,-0.111,56.93,6.6536,1272.21
263,Fe2FeIn,Full Heusler,27,D022,5.65,1.2354,0.172,46.73,7.1541,1191.05
264,Fe2FeSi,Full Heusler,28,L21,5.61,1.0,-0.32899999999999996,44.51,5.0667,1064.54
265,Fe2FeGe,Full Heusler,28,L21,5.7155,0.9998,-0.11599999999999999,48.39,5.2807,1049.36
266,Fe2FeSn,Full Heusler,28,L21,6.0127,1.0027,0.043,42.85,6.5086,1107.7
267,Fe2FeP,Full Heusler,29,L21,5.5524,1.0001,-0.289,48.38,5.0315,1090.32
268,Fe2FeAs,Full Heusler,29,L21,5.74,1.0,-0.037000000000000005,0.32,5.763999999999999,1130.62
269,Fe2FeSb,Full Heusler,29,L21,5.987,0.9995,0.057999999999999996,27.48,6.0872,1052.82
270,Fe2CoAl,Full Heusler,28,D022,5.056,1.4727,-0.19,64.3,5.8097,1132.27
271,Fe2CoGa,Full Heusler,28,L21,5.77,1.0,-0.049,79.39,6.0409,1166.54
272,Fe2CoIn,Full Heusler,28,L21,6.05,1.0,0.244,79.59,6.5959,1104.93
273,Fe2CoSi,Full Heusler,29,L21,5.59,1.0,-0.226,81.65,4.3846,931.15
274,Fe2CoGe,Full Heusler,29,D022,5.0578,1.4637,-0.08900000000000001,54.22,5.5796,1092.94
275,Fe2CoSn,Full Heusler,29,D022,5.2541,1.4938,0.059000000000000004,48.36,5.8411,1000.09
276,Fe2CoP,Full Heusler,30,D022,5.4186,1.0599,-0.20199999999999999,47.93,3.7875,833.19
277,Fe2CoAs,Full Heusler,30,L21,5.72,1.0,0.05,49.0,4.848,960.95
278,Fe2CoSb,Full Heusler,30,D022,5.9538,1.0104,0.16399999999999998,65.86,5.2371,911.03
279,Fe2NiAl,Full Heusler,29,D022,4.9494,1.5606,-0.27,19.72,4.5692,895.85
280,Fe2NiGa,Full Heusler,29,D022,4.9986,1.5315,-0.16699999999999998,32.84,4.7697,924.99
281,Fe2NiIn,Full Heusler,29,D022,5.2056,1.5535,0.096,64.88,5.1293,868.29
282,Fe2NiSi,Full Heusler,30,D022,4.9287,1.5014,-0.327,2.56,4.6756,964.86
283,Fe2NiGe,Full Heusler,30,D022,5.0188,1.5075,-0.165,5.79,4.8274,939.74
284,Fe2NiSn,Full Heusler,30,D022,5.218999999999999,1.5298,-0.042,14.2,4.9502,844.38
285,Fe2NiP,Full Heusler,31,D022,5.3607,1.1005,-0.23600000000000002,23.36,3.0197,660.73
286,Fe2NiAs,Full Heusler,31,D022,5.0354,1.5397,-0.083,4.36,5.5457,1046.53
287,Fe2NiSb,Full Heusler,31,D022,5.2267,1.54,0.002,30.79,5.3721,906.31
288,Ru2ScAl,Full Heusler,22,L21,6.2276,0.9991,-0.5670000000000001,0.0,0.0,0.0
289,Ru2ScGa,Full Heusler,22,L21,6.24,1.0,-0.435,0.02,0.0002,0.03
290,Ru2ScIn,Full Heusler,22,L21,6.4522,1.0016,-0.26,0.02,0.0002,0.03
291,Ru2ScSi,Full Heusler,23,L21,6.13,1.0,-0.6659999999999999,0.0,0.0,0.0
292,Ru2ScGe,Full Heusler,23,L21,6.216,0.9997,-0.535,0.0,0.0,0.0
293,Ru2ScSn,Full Heusler,23,L21,6.4312,0.9997,-0.526,0.03,0.0004,0.06
294,Ru2ScP,Full Heusler,24,L21,6.07,1.0,-0.66,0.0,0.0,0.0
295,Ru2ScAs,Full Heusler,24,L21,6.2,1.0,-0.5379999999999999,0.01,0.0,0.0
296,Ru2ScSb,Full Heusler,24,L21,6.39,1.0,-0.605,0.01,0.0,0.0
297,Ru2TiAl,Full Heusler,23,L21,6.0858,1.0002,-0.765,0.0,0.0,0.0
298,Ru2TiGa,Full Heusler,23,L21,6.1,1.0,-0.623,0.0,0.0,0.0
299,Ru2TiIn,Full Heusler,23,L21,6.314,0.9989,-0.34700000000000003,0.0,0.0001,0.01
300,Ru2TiSi,Full Heusler,24,L21,5.9958,1.0,-0.8959999999999999,0.01,0.0,0.0
301,Ru2TiGe,Full Heusler,24,L21,6.0797,1.0002,-0.708,0.01,0.0,0.0
302,Ru2TiSn,Full Heusler,24,L21,6.29,1.0,-0.604,0.01,0.0,0.0
303,Ru2TiP,Full Heusler,25,D022,5.7232,1.1477,-0.612,0.0,0.0,0.0
304,Ru2TiAs,Full Heusler,25,D022,5.8325,1.1516,-0.45399999999999996,0.0,0.0,0.0
305,Ru2TiSb,Full Heusler,25,D022,6.0283,1.1435,-0.457,0.0,0.0,0.0
306,Ru2VAl,Full Heusler,24,L21,5.9945,1.0,-0.628,0.02,0.0,0.0
307,Ru2VGa,Full Heusler,24,L21,6.0142,1.0002,-0.45799999999999996,0.0,0.0,0.0
308,Ru2VIn,Full Heusler,24,L21,6.2309,0.9998,-0.115,0.01,0.0,0.0
309,Ru2VSi,Full Heusler,25,L21,5.93,1.0,-0.565,85.07,0.9479,168.63
310,Ru2VGe,Full Heusler,25,L21,6.0247,1.0005,-0.36,99.0,1.0,169.55
311,Ru2VSn,Full Heusler,25,L21,6.24,1.0,-0.191,0.84,0.0036,0.55
312,Ru2VP,Full Heusler,26,D022,5.55,1.218,-0.34299999999999997,3.35,0.0471,8.39
313,Ru2VAs,Full Heusler,26,L21,6.07,1.0,-0.121,96.54,1.9280000000000002,319.79
314,Ru2VSb,Full Heusler,26,D022,5.8518,1.2114,-0.11800000000000001,0.03,0.0002,0.03
315,Ru2CrAl,Full Heusler,25,L21,5.9697,0.9999,-0.34700000000000003,92.21,1.071,186.78
316,Ru2CrGa,Full Heusler,25,L21,5.9937,1.0002,-0.18600000000000003,90.72,1.1539,198.74
317,Ru2CrIn,Full Heusler,25,L21,6.22,1.0,0.157,88.03,1.2682,195.5
318,Ru2CrSi,Full Heusler,26,L21,5.9221,1.0,-0.413,97.16,2.0034,357.8
319,Ru2CrGe,Full Heusler,26,L21,6.0108,1.0001,-0.217,86.97,2.0241,345.73
320,Ru2CrSn,Full Heusler,26,L21,6.24,1.0,-0.079,71.39,2.0577,314.16
321,Ru2CrP,Full Heusler,27,L21,5.92,1.0,-0.22,96.92,2.9699,531.01
322,Ru2CrAs,Full Heusler,27,L21,6.05,1.0,-0.042,95.5,2.9478,493.81
323,Ru2CrSb,Full Heusler,27,L21,6.2258,1.0087,-0.019,98.62,3.0034,457.73
324,Ru2MnAl,Full Heusler,26,L21,5.9759,0.9997,-0.39899999999999997,60.72,2.1106,367.0
325,Ru2MnGa,Full Heusler,26,L21,5.996,1.0,-0.254,62.9,2.1457,369.26
326,Ru2MnIn,Full Heusler,26,L21,6.2306,0.9999,0.076,70.11,2.2152,339.79
327,Ru2MnSi,Full Heusler,27,L21,5.9166,0.9996,-0.465,96.58,3.011,539.5
328,Ru2MnGe,Full Heusler,27,L21,6.0069,1.0001,-0.264,94.43,3.0349,519.35
329,Ru2MnSn,Full Heusler,27,L21,6.2356,1.0,-0.134,90.83,3.0859,472.12
330,Ru2MnP,Full Heusler,28,L21,5.91,1.0,-0.308,96.13,3.9618,711.96
331,Ru2MnAs,Full Heusler,28,L21,6.04,1.0,-0.129,92.31,3.9508,665.12
332,Ru2MnSb,Full Heusler,28,L21,6.24,1.0,-0.126,95.58,4.0241,614.39
333,Ru2FeAl,Full Heusler,27,L21,5.98,1.0,-0.305,79.09,3.1046,538.55
334,Ru2FeGa,Full Heusler,27,L21,5.9964,1.0005,-0.149,82.14,3.1606,543.48
335,Ru2FeIn,Full Heusler,27,L21,6.23,1.0,0.174,79.37,3.2673,501.25
336,Ru2FeSi,Full Heusler,28,L21,5.91,1.0,-0.36200000000000004,73.14,3.9022,701.25
337,Ru2FeGe,Full Heusler,28,L21,6.01,1.0,-0.159,77.06,4.0354,689.59
338,Ru2FeSn,Full Heusler,28,L21,6.23,1.0,-0.046,66.57,4.147,636.2
339,Ru2FeP,Full Heusler,29,L21,5.8963,0.9982,-0.191,70.39,4.1472,751.84
340,Ru2FeAs,Full Heusler,29,L21,6.02,1.0,-0.01,81.74,4.2502,722.68
341,Ru2FeSb,Full Heusler,29,L21,6.22,1.0,0.0,71.95,4.388,676.43
342,Ru2CoAl,Full Heusler,28,L21,5.95,1.0,-0.152,29.38,2.1645,381.18
343,Ru2CoGa,Full Heusler,28,L21,5.97,1.0,0.002,36.96,1.6152,281.6
344,Ru2CoIn,Full Heusler,28,L21,6.175,0.9969,0.366,1.93,0.2047,32.35
345,Ru2CoSi,Full Heusler,29,L21,5.87,1.0,-0.242,27.77,1.9178,351.74
346,Ru2CoGe,Full Heusler,29,L21,5.96,1.0,-0.032,24.61,1.9867,348.11
347,Ru2CoSn,Full Heusler,29,L21,6.1683,0.9986,0.11800000000000001,48.23,3.0292,479.45
348,Ru2CoP,Full Heusler,30,L21,5.84,1.0,-0.151,5.88,2.2273,414.83
349,Ru2CoAs,Full Heusler,30,L21,5.98,1.0,0.05,5.98,2.5327,439.35
350,Ru2CoSb,Full Heusler,30,L21,6.19,1.0,0.09300000000000001,57.07,2.8044,438.63
351,Ru2NiAl,Full Heusler,29,L21,5.94,1.0,-0.185,0.0,0.0,0.0
352,Ru2NiGa,Full Heusler,29,L21,5.956,1.0002,-0.048,0.0,0.0001,0.02
353,Ru2NiIn,Full Heusler,29,L21,6.183,1.0025,0.295,1.89,0.4478,70.1
354,Ru2NiSi,Full Heusler,30,L21,5.8584,0.9999,-0.297,2.65,0.2722,50.22
355,Ru2NiGe,Full Heusler,30,L21,5.9512,0.9999,-0.08900000000000001,0.5,0.4651,81.87
356,Ru2NiSn,Full Heusler,30,L21,6.19,1.0,0.068,34.34,1.798,281.22
357,Ru2NiP,Full Heusler,31,L21,5.8253,0.9997,-0.23199999999999998,0.0,0.0001,0.02
358,Ru2NiAs,Full Heusler,31,L21,5.96,1.0,-0.017,0.0,0.0008,0.14
359,Ru2NiSb,Full Heusler,31,L21,6.18,1.0,0.037000000000000005,33.41,1.6166,254.08
360,Co2ScAl,Full Heusler,24,L21,5.97,1.0,-0.51,0.05,0.0001,0.02
361,Co2ScGa,Full Heusler,24,L21,5.97,1.0,-0.43799999999999994,0.03,0.0001,0.02
362,Co2ScIn,Full Heusler,24,L21,6.21,1.0,-0.24600000000000002,0.02,0.0,0.0
363,Co2ScSi,Full Heusler,25,L21,5.87,1.0,-0.581,100.0,1.0,183.41
364,Co2ScGe,Full Heusler,25,L21,5.9621,0.9999,-0.461,93.33,1.0143,177.56
365,Co2ScSn,Full Heusler,25,L21,6.21,1.0,-0.424,87.62,1.0378,160.76
366,Co2ScP,Full Heusler,26,L21,5.8344,0.9996,-0.552,67.39,2.0,373.72
367,Co2ScAs,Full Heusler,26,L21,5.99,1.0,-0.408,87.34,1.9969999999999999,344.69
368,Co2ScSb,Full Heusler,26,L21,6.22,1.0,-0.414,100.0,2.0,308.31
369,Co2TiAl,Full Heusler,25,L21,5.83,1.0,-0.621,60.07,1.0,187.21
370,Co2TiGa,Full Heusler,25,L21,5.83,1.0,-0.525,91.02,1.0005,187.3
371,Co2TiIn,Full Heusler,25,L21,6.07,1.0,-0.251,88.37,1.0284,170.58
372,Co2TiSi,Full Heusler,26,L21,5.75,1.0,-0.669,7.5,2.0,390.26
373,Co2TiGe,Full Heusler,26,L21,5.8394,1.0006,-0.505,14.8,2.0,372.37
374,Co2TiSn,Full Heusler,26,L21,6.09,1.0,-0.397,100.0,2.0,328.48
375,Co2TiP,Full Heusler,27,D022,5.22,1.2989,-0.614,22.88,0.9248,185.7
376,Co2TiAs,Full Heusler,27,D022,5.38,1.2770000000000001,-0.408,67.19,0.9743,181.76
377,Co2TiSb,Full Heusler,27,D022,5.78,1.1574,-0.322,7.78,1.2418,206.11
378,Co2VAl,Full Heusler,26,L21,5.74,1.0,-0.41200000000000003,94.88,1.9985,392.01
379,Co2VGa,Full Heusler,26,L21,5.7561,1.0,-0.29600000000000004,100.0,2.0,389.03
380,Co2VIn,Full Heusler,26,L21,6.0,1.0,0.017,94.62,2.0031,344.01
381,Co2VSi,Full Heusler,27,D022,5.21,1.2687,-0.44799999999999995,51.51,0.9313,192.55
382,Co2VGe,Full Heusler,27,D022,5.2646,1.2922,-0.263,13.5,0.9229999999999999,181.6
383,Co2VSn,Full Heusler,27,L21,6.02,1.0,-0.092,70.08,3.0,510.1
384,Co2VP,Full Heusler,28,D022,4.9881,1.4113,-0.423,0.0,0.0001,0.02
385,Co2VAs,Full Heusler,28,D022,5.1288,1.4031,-0.16899999999999998,0.03,0.0002,0.04
386,Co2VSb,Full Heusler,28,L21,6.02,1.0,0.001,9.32,3.6913,627.65
387,Co2CrAl,Full Heusler,27,L21,5.704,1.0001,-0.233,100.0,3.0,599.57
388,Co2CrGa,Full Heusler,27,L21,5.7241,0.9986,-0.105,94.22,3.0259,599.32
389,Co2CrIn,Full Heusler,27,L21,5.98,1.0,0.207,88.65,3.165,549.03
390,Co2CrSi,Full Heusler,28,L21,5.6335,0.9995,-0.31,100.0,4.0,830.36
391,Co2CrGe,Full Heusler,28,L21,5.74,1.0,-0.111,100.0,4.0,784.61
392,Co2CrSn,Full Heusler,28,L21,5.99,1.0,0.016,91.25,4.019,693.69
393,Co2CrP,Full Heusler,29,D022,4.95,1.4121,-0.268,29.41,1.2939,280.25
394,Co2CrAs,Full Heusler,29,D022,5.1204,1.389,-0.015,14.29,1.3838,275.29
395,Co2CrSb,Full Heusler,29,L21,6.0086,1.0001,0.051,100.0,5.0,854.89
396,Co2MnAl,Full Heusler,28,L21,5.7,1.0,-0.35600000000000004,59.7,4.0235,805.95
397,Co2MnGa,Full Heusler,28,L21,5.7183,1.0002,-0.228,72.89,4.0987,813.01
398,Co2MnIn,Full Heusler,28,L21,5.9839,0.9998,0.069,2.06,4.4315,767.41
399,Co2MnSi,Full Heusler,29,L21,5.6301,0.9997,-0.441,100.0,5.0,1039.59
400,Co2MnGe,Full Heusler,29,L21,5.7347,1.0002,-0.248,99.46,5.0,983.33
401,Co2MnSn,Full Heusler,29,L21,5.99,1.0,-0.131,76.76,5.0283,867.9
402,Co2MnP,Full Heusler,30,L21,5.6382,0.9995,-0.314,100.0,5.9999,1242.43
403,Co2MnAs,Full Heusler,30,L21,5.7963,0.9988,-0.126,95.58,5.9966,1143.66
404,Co2MnSb,Full Heusler,30,L21,6.018,1.0011,-0.087,100.0,6.0,1020.09
405,Co2FeAl,Full Heusler,29,L21,5.7,1.0,-0.359,74.69,4.9910000000000005,999.75
406,Co2FeGa,Full Heusler,29,L21,5.72,1.0,-0.231,74.39,5.0109,993.24
407,Co2FeIn,Full Heusler,29,L21,5.98,1.0,0.065,31.78,5.1132,886.99
408,Co2FeSi,Full Heusler,30,L21,5.627999999999999,0.9992,-0.354,72.34,5.48,1141.24
409,Co2FeGe,Full Heusler,30,L21,5.74,1.0,-0.163,67.99,5.6579,1109.8
410,Co2FeSn,Full Heusler,30,L21,5.9935,1.0033,-0.039,68.56,5.7037,979.57
411,Co2FeP,Full Heusler,31,D022,5.1947,1.2352,-0.247,6.49,4.6553,997.36
412,Co2FeAs,Full Heusler,31,D022,5.38,1.2193,-0.038,11.48,5.0427,985.19
413,Co2FeSb,Full Heusler,31,D022,5.63,1.1918,0.028999999999999998,14.9,4.8951,853.79
414,Co2CoAl,Full Heusler,30,L21,5.68,1.0,-0.22,67.49,4.0336,816.54
415,Co2CoGa,Full Heusler,30,L21,5.7,1.0,-0.09,69.43,4.0989,821.05
416,Co2CoIn,Full Heusler,30,L21,5.97,1.0,0.209,74.43,4.3081,751.09
417,Co2CoSi,Full Heusler,31,D022,5.07,1.3156,-0.285,62.54,2.8601,618.82
418,Co2CoGe,Full Heusler,31,L21,5.7,1.0,-0.055999999999999994,63.59,3.9626,793.75
419,Co2CoSn,Full Heusler,31,L21,5.9636,0.9940000000000001,0.079,69.03,3.9941,702.78
420,Co2CoP,Full Heusler,32,D022,4.95,1.3717,-0.239,35.09,2.3689,528.19
421,Co2CoAs,Full Heusler,32,D022,5.09,1.3733,-0.008,28.67,2.623,537.29
422,Co2CoSb,Full Heusler,32,D022,5.33,1.349,0.065,51.48,2.5396,461.22
423,Co2NiAl,Full Heusler,31,D022,5.042,1.4259,-0.249,72.15,2.8742,583.37
424,Co2NiGa,Full Heusler,31,D022,5.0864,1.4034,-0.132,71.81,2.9236,587.29
425,Co2NiIn,Full Heusler,31,D022,5.2768,1.4358,0.138,75.21,3.1205,548.73
426,Co2NiSi,Full Heusler,32,D022,5.1124,1.2842,-0.313,51.5,1.966,424.99
427,Co2NiGe,Full Heusler,32,D022,5.1942,1.2979,-0.125,51.51,2.106,429.55
428,Co2NiSn,Full Heusler,32,D022,5.3867,1.3281,0.003,54.29,2.266,404.94
429,Co2NiP,Full Heusler,33,D022,5.0729,1.274,-0.253,67.99,1.3159999999999998,293.51
430,Co2NiAs,Full Heusler,33,D022,5.2064,1.2837,-0.036000000000000004,69.92,1.4897,305.05
431,Co2NiSb,Full Heusler,33,D022,5.4176,1.2808,0.016,68.98,1.2362,225.17
432,Rh2ScAl,Full Heusler,24,L21,6.24,1.0,-1.0979999999999999,0.0,0.0,0.0
433,Rh2ScGa,Full Heusler,24,L21,6.25,1.0,-0.982,0.0,0.0,0.0
434,Rh2ScIn,Full Heusler,24,L21,6.454,0.9994,-0.848,0.0,0.0,0.0
435,Rh2ScSi,Full Heusler,25,D022,5.91,1.1387,-0.9640000000000001,0.0,0.0,0.0
436,Rh2ScGe,Full Heusler,25,D022,5.96,1.1577,-0.885,0.0,0.0,0.0
437,Rh2ScSn,Full Heusler,25,D022,6.1842,1.1374,-0.9279999999999999,0.0,0.0,0.0
438,Rh2ScP,Full Heusler,26,D022,5.63,1.3126,-0.8440000000000001,0.0,0.0,0.0
439,Rh2ScAs,Full Heusler,26,D022,5.75,1.3043,-0.772,0.0,0.0,0.0
440,Rh2ScSb,Full Heusler,26,D022,6.02,1.2342,-0.826,0.0,0.0,0.0
441,Rh2TiAl,Full Heusler,25,D022,5.8845,1.1227,-1.01,0.0,0.0,0.0
442,Rh2TiGa,Full Heusler,25,D022,5.8319,1.1589,-0.887,0.0,0.0,0.0
443,Rh2TiIn,Full Heusler,25,D022,6.03,1.1559,-0.6859999999999999,0.0,0.0,0.0
444,Rh2TiSi,Full Heusler,26,D022,5.6,1.2643,-0.9,0.01,0.0,0.0
445,Rh2TiGe,Full Heusler,26,D022,5.6423,1.2830000000000001,-0.792,0.0,0.0,0.0
446,Rh2TiSn,Full Heusler,26,D022,5.88,1.25,-0.762,0.39,0.0022,0.32
447,Rh2TiP,Full Heusler,27,D022,5.4054,1.3963,-0.787,0.0,0.0,0.0
448,Rh2TiAs,Full Heusler,27,D022,5.5119,1.3919,-0.669,0.0,0.0,0.0
449,Rh2TiSb,Full Heusler,27,D022,5.7482,1.339,-0.659,0.0,0.0,0.0
450,Rh2VAl,Full Heusler,26,D022,5.68,1.206,-0.679,0.0,0.0,0.0
451,Rh2VGa,Full Heusler,26,D022,5.62,1.2509,-0.5529999999999999,59.48,0.3366,56.24
452,Rh2VIn,Full Heusler,26,D022,5.82,1.2457,-0.32299999999999995,61.1,0.6293,95.06
453,Rh2VSi,Full Heusler,27,D022,5.5053,1.2839,-0.617,77.76,1.1145,192.98
454,Rh2VGe,Full Heusler,27,D022,5.56,1.2986,-0.483,78.58,1.1332,188.34
455,Rh2VSn,Full Heusler,27,D022,5.78,1.2785,-0.44,78.74,1.2745,191.5
456,Rh2VP,Full Heusler,28,D022,5.3213,1.4037,-0.493,37.95,1.0604,185.97
457,Rh2VAs,Full Heusler,28,D022,5.46,1.3864,-0.361,12.98,1.2197,200.49
458,Rh2VSb,Full Heusler,28,D022,5.69,1.3427,-0.32299999999999995,0.01,0.0,0.0
459,Rh2CrAl,Full Heusler,27,L21,6.0464,0.9982,-0.542,93.96,3.014,506.68
460,Rh2CrGa,Full Heusler,27,L21,6.0572,1.003,-0.39399999999999996,91.35,3.0382,505.62
461,Rh2CrIn,Full Heusler,27,L21,6.29,1.0,-0.187,87.73,3.1289999999999996,466.42
462,Rh2CrSi,Full Heusler,28,D022,5.5,1.2727,-0.486,30.46,2.2108,387.31
463,Rh2CrGe,Full Heusler,28,D022,5.57,1.2801,-0.35,36.79,2.256,378.33
464,Rh2CrSn,Full Heusler,28,D022,5.84,1.2397,-0.322,71.96,2.7315,410.36
465,Rh2CrP,Full Heusler,29,D022,5.38,1.3513,-0.31,29.31,1.989,350.64
466,Rh2CrAs,Full Heusler,29,D022,5.54,1.3249,-0.185,49.41,2.5823,425.22
467,Rh2CrSb,Full Heusler,29,D022,5.69,1.3427,-0.231,89.89,2.984,447.52
468,Rh2MnAl,Full Heusler,28,L21,6.04,1.0,-0.693,85.0,4.0755,686.12
469,Rh2MnGa,Full Heusler,28,L21,6.06,1.0,-0.537,81.46,4.1263,687.81
470,Rh2MnIn,Full Heusler,28,L21,6.2917,1.0003,-0.34299999999999997,57.36,4.3626,649.57
471,Rh2MnSi,Full Heusler,29,L21,5.99,1.0,-0.59,22.29,4.6918,809.82
472,Rh2MnGe,Full Heusler,29,D022,5.9,1.0949,-0.45299999999999996,7.25,4.3881,723.88
473,Rh2MnSn,Full Heusler,29,L21,6.3,1.0,-0.46799999999999997,24.5,4.7673,707.26
474,Rh2MnP,Full Heusler,30,D022,5.59,1.2254,-0.38299999999999995,34.89,4.0753,706.27
475,Rh2MnAs,Full Heusler,30,D022,5.7278,1.2154,-0.28800000000000003,21.95,4.2482,690.02
476,Rh2MnSb,Full Heusler,30,L21,6.32,1.0,-0.325,65.38,4.7785,702.21
477,Rh2FeAl,Full Heusler,29,L21,6.02,1.0,-0.605,89.21,4.2859,728.75
478,Rh2FeGa,Full Heusler,29,L21,6.04,1.0,-0.44,90.89,4.2503,715.54
479,Rh2FeIn,Full Heusler,29,L21,6.27,1.0,-0.231,88.75,4.2259,635.98
480,Rh2FeSi,Full Heusler,30,D022,5.6362,1.1785,-0.483,48.15,3.8427,675.54
481,Rh2FeGe,Full Heusler,30,L21,6.05,1.0,-0.293,79.24,3.5169,589.14
482,Rh2FeSn,Full Heusler,30,D022,5.8812,1.2045,-0.337,53.23,3.9303,595.03
483,Rh2FeP,Full Heusler,31,D022,5.48,1.2737,-0.271,43.22,3.4132,604.05
484,Rh2FeAs,Full Heusler,31,D022,5.59,1.2844,-0.165,60.12,3.6887,609.89
485,Rh2FeSb,Full Heusler,31,D022,5.74,1.284,-0.23800000000000002,33.22,3.3922,518.22
486,Rh2CoAl,Full Heusler,30,L21,5.98,1.0,-0.47,88.07,3.0222,524.26
487,Rh2CoGa,Full Heusler,30,L21,6.0,1.0,-0.305,89.02,2.9963,514.59
488,Rh2CoIn,Full Heusler,30,L21,6.23,1.0,-0.078,90.25,2.9963,459.67
489,Rh2CoSi,Full Heusler,31,D022,5.54,1.2094,-0.408,57.19,2.2321,402.67
490,Rh2CoGe,Full Heusler,31,D022,5.6027,1.2236,-0.255,57.84,2.255,388.72
491,Rh2CoSn,Full Heusler,31,D022,5.6517,1.3041,-0.235,54.27,2.1901,345.09
492,Rh2CoP,Full Heusler,32,D022,5.44,1.2647,-0.244,11.35,2.0423,372.1
493,Rh2CoAs,Full Heusler,32,D022,5.55,1.2739,-0.126,5.58,2.1318,363.14
494,Rh2CoSb,Full Heusler,32,D022,5.69,1.29,-0.20199999999999999,14.36,2.0536,320.57
495,Rh2NiAl,Full Heusler,31,L21,5.97,1.0,-0.507,68.55,1.8182,316.99
496,Rh2NiGa,Full Heusler,31,L21,5.99,1.0,-0.35,79.65,1.8169,313.6
497,Rh2NiIn,Full Heusler,31,D022,5.74,1.2683,-0.129,44.6,1.4926,230.84
498,Rh2NiSi,Full Heusler,32,L21,5.89,1.0,-0.47600000000000003,76.67,1.0025,182.0
499,Rh2NiGe,Full Heusler,32,L21,5.98,1.0,-0.314,81.8,1.0053,174.39
500,Rh2NiSn,Full Heusler,32,L21,6.21,1.0,-0.289,83.44,1.0021,155.23
501,Rh2NiP,Full Heusler,33,D022,5.58,1.1667,-0.302,47.07,0.5346,97.84
502,Rh2NiAs,Full Heusler,33,D022,5.68,1.1813,-0.18,63.21,0.5882,100.79
503,Rh2NiSb,Full Heusler,33,D022,5.77,1.2322,-0.266,38.14,0.387,60.65
504,Ni2ScAl,Full Heusler,26,L21,6.07,1.0,-0.639,0.0,0.0,0.0
505,Ni2ScGa,Full Heusler,26,L21,6.06,1.0,-0.5820000000000001,0.0,0.0,0.0
506,Ni2ScIn,Full Heusler,26,L21,6.29,1.0,-0.466,0.0,0.0,0.0
507,Ni2ScSi,Full Heusler,27,L21,5.9449,1.0004,-0.65,0.0,0.0,0.0
508,Ni2ScGe,Full Heusler,27,L21,6.029,1.0038,-0.5770000000000001,0.0,0.0,0.0
509,Ni2ScSn,Full Heusler,27,L21,6.27,1.0,-0.594,0.0,0.0,0.0
510,Ni2ScP,Full Heusler,28,D022,5.4217,1.3115,-0.652,0.0,0.0,0.0
511,Ni2ScAs,Full Heusler,28,D022,5.64,1.2482,-0.539,0.0,0.0,0.0
512,Ni2ScSb,Full Heusler,28,L21,6.2648,0.9992,-0.556,0.0,0.0,0.0
513,Ni2TiAl,Full Heusler,27,L21,5.8913,1.0019,-0.633,0.0,0.0,0.0
514,Ni2TiGa,Full Heusler,27,L21,5.8876,1.0019,-0.5529999999999999,0.0,0.0,0.0
515,Ni2TiIn,Full Heusler,27,L21,6.13,1.0,-0.359,0.0,0.0,0.0
516,Ni2TiSi,Full Heusler,28,L21,5.79,1.0,-0.639,0.0,0.0,0.0
517,Ni2TiGe,Full Heusler,28,D022,5.7,1.1018,-0.517,0.01,0.0,0.0
518,Ni2TiSn,Full Heusler,28,L21,6.1136,1.0039,-0.473,0.0,0.0,0.0
519,Ni2TiP,Full Heusler,29,D022,5.0499,1.5157,-0.617,0.0,0.0,0.0
520,Ni2TiAs,Full Heusler,29,D022,5.2131,1.479,-0.444,0.0,0.0,0.0
521,Ni2TiSb,Full Heusler,29,L21,6.13,1.0,-0.373,0.0,0.0,0.0
522,Ni2VAl,Full Heusler,28,L21,5.8,1.0,-0.389,0.0,0.0,0.0
523,Ni2VGa,Full Heusler,28,L21,5.8,1.0,-0.287,0.0,0.0,0.0
524,Ni2VIn,Full Heusler,28,L21,6.0349,1.0016,-0.055,0.0,0.0,0.0
525,Ni2VSi,Full Heusler,29,D022,5.3178,1.2359,-0.37200000000000005,22.22,0.2666,53.21
526,Ni2VGe,Full Heusler,29,D022,5.29,1.327,-0.23,84.42,0.9729,183.72
527,Ni2VSn,Full Heusler,29,L21,6.05,1.0,-0.14300000000000002,64.62,0.8256,138.3
528,Ni2VP,Full Heusler,30,D022,4.91,1.5519,-0.365,0.0,0.0001,0.02
529,Ni2VAs,Full Heusler,30,D022,5.0985,1.4979,-0.161,40.43,1.1153,208.4
530,Ni2VSb,Full Heusler,30,D022,5.7,1.2088,-0.076,40.57,1.7254,285.92
531,Ni2CrAl,Full Heusler,29,L21,5.8,1.0,-0.271,2.89,3.2235,612.87
532,Ni2CrGa,Full Heusler,29,D022,5.35,1.2729,-0.168,57.32,3.0618,582.71
533,Ni2CrIn,Full Heusler,29,L21,6.0576,1.0072,0.039,24.99,3.5757,592.51
534,Ni2CrSi,Full Heusler,30,D022,5.35,1.2093,-0.252,9.55,2.785,557.88
535,Ni2CrGe,Full Heusler,30,D022,5.45,1.2109999999999999,-0.111,10.61,2.988,565.42
536,Ni2CrSn,Full Heusler,30,L21,6.0582,1.0045,-0.079,22.04,3.4658,575.62
537,Ni2CrP,Full Heusler,31,D022,5.01,1.4511,-0.207,63.89,2.7689,562.89
538,Ni2CrAs,Full Heusler,31,D022,5.2,1.4135,-0.031,71.83,3.0505,569.38
539,Ni2CrSb,Full Heusler,31,L21,6.07,1.0,-0.017,24.51,3.4429,571.06
540,Ni2MnAl,Full Heusler,30,L21,5.7803,1.0073,-0.41100000000000003,27.04,4.0646,775.08
541,Ni2MnGa,Full Heusler,30,L21,5.8,1.0052,-0.298,26.15,4.0599,767.92
542,Ni2MnIn,Full Heusler,30,L21,6.07,1.0,-0.10800000000000001,30.31,4.2086,698.07
543,Ni2MnSi,Full Heusler,31,L21,5.7,1.0,-0.374,35.26,3.8367,768.53
544,Ni2MnGe,Full Heusler,31,L21,5.81,1.0,-0.23800000000000002,18.73,3.9532,747.73
545,Ni2MnSn,Full Heusler,31,L21,6.065,0.9986,-0.21,18.59,4.079,679.19
546,Ni2MnP,Full Heusler,32,D022,5.05,1.4238,-0.307,3.14,4.0858,826.59
547,Ni2MnAs,Full Heusler,32,D022,5.26,1.3726,-0.151,12.84,4.1546,771.52
548,Ni2MnSb,Full Heusler,32,D022,5.9494,1.0604,-0.13699999999999998,1.62,3.9848,662.01
549,Ni2FeAl,Full Heusler,31,D022,5.21,1.3301,-0.34,30.55,3.1879,628.67
550,Ni2FeGa,Full Heusler,31,D022,5.2,1.35,-0.23199999999999998,26.64,3.2602,637.13
551,Ni2FeIn,Full Heusler,31,L21,6.02,1.0,-0.006,57.78,3.352,569.96
552,Ni2FeSi,Full Heusler,32,D022,5.1,1.351,-0.316,49.48,3.0329,627.81
553,Ni2FeGe,Full Heusler,32,D022,5.86,0.9539,-0.14800000000000002,25.32,3.2627,630.52
554,Ni2FeSn,Full Heusler,32,L21,6.027,0.9943,-0.10099999999999999,26.91,3.2552,554.76
555,Ni2FeP,Full Heusler,33,D022,4.94,1.4717,-0.233,42.51,3.3896,708.74
556,Ni2FeAs,Full Heusler,33,D022,5.12,1.4434,-0.057999999999999996,57.7,3.5703,683.67
557,Ni2FeSb,Full Heusler,33,L21,6.02,1.0,-0.012,53.93,3.3321,566.57
558,Ni2CoAl,Full Heusler,32,D022,5.11,1.3757,-0.32299999999999995,62.79,1.9357,391.17
559,Ni2CoGa,Full Heusler,32,D022,5.12,1.3828,-0.201,55.98,2.0227,404.28
560,Ni2CoIn,Full Heusler,32,D022,5.39,1.3525,0.042,63.67,2.0404,357.39
561,Ni2CoSi,Full Heusler,33,D022,5.01,1.3852,-0.32,70.69,1.4696,312.96
562,Ni2CoGe,Full Heusler,33,D022,5.11,1.3836,-0.14800000000000002,71.88,1.5935,320.2
563,Ni2CoSn,Full Heusler,33,D022,5.4,1.3333,-0.071,61.74,1.4903,263.32
564,Ni2CoP,Full Heusler,34,D022,4.92,1.4533,-0.21600000000000003,66.06,2.1333,457.24
565,Ni2CoAs,Full Heusler,34,D022,5.06,1.4506,-0.039,70.2,2.2149,437.2
566,Ni2CoSb,Full Heusler,34,D022,5.33,1.379,-0.017,49.9,1.482,263.29
567,Ni2NiAl,Full Heusler,33,D022,5.2039,1.2978,-0.413,0.0,0.0001,0.02
568,Ni2NiGa,Full Heusler,33,D022,5.22,1.2989,-0.289,0.08,0.0002,0.04
569,Ni2NiIn,Full Heusler,33,D022,5.44,1.307,-0.068,0.0,0.0001,0.02
570,Ni2NiSi,Full Heusler,34,D022,5.07,1.3333,-0.42200000000000004,0.0,0.0,0.0
571,Ni2NiGe,Full Heusler,34,D022,5.17,1.3327,-0.259,0.0,0.0,0.0
572,Ni2NiSn,Full Heusler,34,D022,5.4,1.3296,-0.207,0.0,0.0,0.0
573,Ni2NiP,Full Heusler,35,D022,4.97,1.3984,-0.303,0.0,0.0,0.0
574,Ni2NiAs,Full Heusler,35,D022,5.1,1.4098,-0.14300000000000002,0.0,0.0,0.0
575,Ni2NiSb,Full Heusler,35,D022,5.36,1.3563,-0.153,0.0,0.0,0.0
576,CrTiGa,Half Heusler,13,C1b,6.03,1.0,0.401,18.18,4.9901,844.28
577,CrTiIn,Half Heusler,13,C1b,6.32,1.0,0.545,100.0,5.0,734.76
578,CrTiSi,Half Heusler,14,C1b,5.85,1.0,0.18899999999999997,100.0,4.0,741.17
579,CrTiGe,Half Heusler,14,C1b,5.95,1.0,0.217,100.0,4.0,704.43
580,CrTiSn,Half Heusler,14,C1b,6.25,1.0016,0.27399999999999997,100.0,4.0,606.81
581,CrTiP,Half Heusler,15,tetragonal,5.24,1.2729,-0.226,15.57,2.5301,512.48
582,CrTiAs,Half Heusler,15,tetragonal,5.52,1.2065,-0.009000000000000001,100.0,3.0,548.4
583,CrTiSb,Half Heusler,15,C1b,6.18,0.9984,0.124,100.0,3.0,472.27
584,CrVAl,Half Heusler,14,C1b,5.83,1.0,0.5820000000000001,22.14,0.0511,9.57
585,CrVGa,Half Heusler,14,C1b,5.82,1.0,0.527,25.64,0.0306,5.76
586,CrVIn,Half Heusler,14,C1b,6.17,1.0,0.7240000000000001,75.86,0.022000000000000002,3.47
587,CrVSi,Half Heusler,15,C1b,5.6,1.0,0.261,12.54,0.5936,125.39
588,CrVGe,Half Heusler,15,C1b,5.75,1.0,0.34299999999999997,8.96,0.2213,43.18
589,CrVSn,Half Heusler,15,C1b,6.11,1.0,0.45899999999999996,15.96,0.2123,34.53
590,CrVP,Half Heusler,16,C1b,5.5,1.0,-0.177,0.0,0.0,0.0
591,CrVAs,Half Heusler,16,C1b,5.65,1.0035,0.10300000000000001,0.0,0.0001,0.02
592,CrVSb,Half Heusler,16,C1b,6.0579,1.0037,0.273,36.81,0.9107,151.41
593,CrCrAl,Half Heusler,15,C1b,5.82,1.0,0.583,18.74,0.5127,96.48
594,CrCrGa,Half Heusler,15,C1b,5.8,1.0,0.5379999999999999,11.69,0.4375,83.18
595,CrCrIn,Half Heusler,15,C1b,6.2,1.0,0.7140000000000001,26.48,0.3186,49.59
596,CrCrSi,Half Heusler,16,C1b,5.5,1.0,0.27699999999999997,0.0,0.0,0.0
597,CrCrGe,Half Heusler,16,C1b,5.74,1.0017,0.39,25.13,0.366,71.67
598,CrCrSn,Half Heusler,16,C1b,6.14,1.0016,0.483,39.35,0.2591,41.46
599,CrCrP,Half Heusler,17,C1b,5.4,1.0019,-0.158,5.8,0.5387,126.67
600,CrCrAs,Half Heusler,17,C1b,5.6346,0.9976,0.14300000000000002,18.41,0.7717,160.41
601,CrCrSb,Half Heusler,17,C1b,6.09,0.9951,0.31,22.7,0.2184,36.05
602,CrMnAl,Half Heusler,16,C1b,5.8,1.0,0.49200000000000005,33.95,0.4724,89.82
603,CrMnGa,Half Heusler,16,C1b,5.79,1.0,0.439,37.59,0.5086,97.2
604,CrMnIn,Half Heusler,16,C1b,6.21,1.0,0.619,50.76,0.1864,28.87
605,CrMnSi,Half Heusler,17,C1b,5.476,0.9947,0.156,2.08,0.04,9.08
606,CrMnGe,Half Heusler,17,C1b,5.7,1.0035,0.262,63.35,0.0804,16.05
607,CrMnSn,Half Heusler,17,C1b,6.13,1.0033,0.36,40.92,0.054000000000000006,8.67
608,CrMnP,Half Heusler,18,C1b,5.42,1.0018,-0.264,99.59,0.0016,0.37
609,CrMnAs,Half Heusler,18,C1b,5.71,1.0,-0.009000000000000001,100.0,0.0,0.0
610,CrMnSb,Half Heusler,18,C1b,6.1,1.0,0.151,22.99,0.1937,31.66
611,CrFeAl,Half Heusler,17,C1b,5.65,1.0,0.489,2.95,0.6405,131.73
612,CrFeGa,Half Heusler,17,C1b,5.67,1.0,0.452,9.19,0.6888,140.18
613,CrFeIn,Half Heusler,17,C1b,6.07,1.0,0.6970000000000001,89.2,0.9971,165.39
614,CrFeSi,Half Heusler,18,C1b,5.45,1.0037,0.141,24.26,0.0504,11.51
615,CrFeGe,Half Heusler,18,C1b,5.65,1.0,0.249,100.0,0.0,0.0
616,CrFeSn,Half Heusler,18,C1b,6.01,1.0,0.41700000000000004,100.0,0.0,0.0
617,CrFeP,Half Heusler,19,C1b,5.42,1.0,-0.21899999999999997,23.39,0.8564,199.53
618,CrFeAs,Half Heusler,19,C1b,5.6242,1.0011,0.059000000000000004,1.52,0.7974,166.09
619,CrFeSb,Half Heusler,19,C1b,5.9685,1.0029,0.28,68.79,0.5241,91.18
620,CrNiAl,Half Heusler,19,C1b,5.73,1.0,0.483,68.61,3.0007,591.68
621,CrNiGa,Half Heusler,19,tetragonal,5.11,1.4227,-0.006999999999999999,32.83,3.1048,606.71
622,CrNiIn,Half Heusler,19,C1b,6.07,1.0,0.221,20.87,3.6663,608.12
623,CrNiSi,Half Heusler,20,C1b,5.52,1.0,-0.188,56.87,1.7846,393.6
624,CrNiGe,Half Heusler,20,C1b,5.67,0.9982,-0.125,23.11,2.3915,487.55
625,CrNiSn,Half Heusler,20,C1b,6.0,1.0,-0.009000000000000001,10.31,3.0109,517.09
626,CrNiP,Half Heusler,21,C1b,5.45,1.0037,-0.5529999999999999,37.81,1.9501,445.25
627,CrNiAs,Half Heusler,21,C1b,5.64,0.9982,-0.32799999999999996,2.0,2.0371,421.96
628,CrNiSb,Half Heusler,21,C1b,5.95,1.005,-0.149,11.96,2.4288,425.58
629,MnTiAl,Half Heusler,14,C1b,5.8,1.0,0.215,4.5,0.1073,20.4
630,MnTiGa,Half Heusler,14,C1b,5.82,0.9966,0.17800000000000002,40.69,0.2477,46.77
631,MnTiIn,Half Heusler,14,C1b,6.1467,1.0058,0.375,80.9,0.5819,92.41
632,MnTiSi,Half Heusler,15,C1b,5.64,1.0,-0.099,0.0,0.0007,0.14
633,MnTiGe,Half Heusler,15,C1b,5.77,1.0017,-0.018000000000000002,12.39,0.3994,76.99
634,MnTiSn,Half Heusler,15,C1b,6.13,1.0,0.07400000000000001,84.11,2.8847,464.56
635,MnTiP,Half Heusler,16,C1b,5.56,1.0,-0.527,51.6,1.8155,391.83
636,MnTiAs,Half Heusler,16,C1b,5.7415,1.0049,-0.298,89.02,1.9946,389.03
637,MnTiSb,Half Heusler,16,C1b,6.09,0.9984,-0.165,67.2,1.7332,285.13
638,MnVAl,Half Heusler,15,C1b,5.7,1.0,0.28300000000000003,38.46,0.3961,79.34
639,MnVGa,Half Heusler,15,C1b,5.74,1.0,0.254,18.16,0.0724,14.2
640,MnVIn,Half Heusler,15,C1b,6.11,1.0,0.47600000000000003,2.72,0.2734,44.46
641,MnVSi,Half Heusler,16,C1b,5.5,1.0,-0.064,0.0,0.0,0.0
642,MnVGe,Half Heusler,16,C1b,5.68,1.0018,0.055,44.82,0.7845,158.53
643,MnVSn,Half Heusler,16,C1b,6.04,1.0,0.18600000000000003,23.14,1.0984,184.92
644,MnVP,Half Heusler,17,C1b,5.4033,1.0039,-0.539,20.99,0.8574,200.83
645,MnVAs,Half Heusler,17,C1b,5.5948,1.0018,-0.243,100.0,1.0,211.45
646,MnVSb,Half Heusler,17,C1b,5.9233,1.0025,-0.034,100.0,1.0,178.06
647,MnCrAl,Half Heusler,16,C1b,5.7,1.0,0.36200000000000004,3.04,0.6879,137.79
648,MnCrGa,Half Heusler,16,C1b,5.74,1.0,0.348,2.11,0.6003,117.75
649,MnCrIn,Half Heusler,16,C1b,6.15,1.0,0.541,3.98,0.3067,48.91
650,MnCrSi,Half Heusler,17,C1b,5.42,1.0,-0.027000000000000003,13.76,0.7368,171.66
651,MnCrGe,Half Heusler,17,C1b,5.571000000000001,1.0043,0.12300000000000001,100.0,1.0,213.63
652,MnCrSn,Half Heusler,17,C1b,6.06,0.9967,0.26899999999999996,7.3,0.3062,51.21
653,MnCrP,Half Heusler,18,C1b,5.3,0.9981,-0.46,0.0,0.0,0.0
654,MnCrAs,Half Heusler,18,C1b,5.5142,1.0037,-0.10099999999999999,100.0,0.0,0.0
655,MnCrSb,Half Heusler,18,C1b,5.9519,1.0028,0.09699999999999999,80.31,0.013999999999999999,2.46
656,MnMnAl,Half Heusler,17,C1b,5.6,1.0,0.28,18.84,0.6878,145.29
657,MnMnGa,Half Heusler,17,C1b,5.71,0.9982,0.273,43.75,0.4457,88.97
658,MnMnIn,Half Heusler,17,C1b,6.12,1.0,0.48,26.16,0.0511,8.27
659,MnMnSi,Half Heusler,18,C1b,5.3671,1.0081,-0.098,30.23,0.0067,1.59
660,MnMnGe,Half Heusler,18,C1b,5.5844,0.9997,0.047,100.0,0.0,0.0
661,MnMnSn,Half Heusler,18,C1b,6.05,0.9967,0.184,32.15,0.1741,29.26
662,MnMnP,Half Heusler,19,C1b,5.33,1.0019,-0.419,99.14,1.0,244.53
663,MnMnAs,Half Heusler,19,C1b,5.627000000000001,1.0017,-0.131,100.0,1.0,207.85
664,MnMnSb,Half Heusler,19,C1b,6.01,0.9983,0.044000000000000004,100.0,1.0,171.17
665,MnFeAl,Half Heusler,18,C1b,5.52,1.0,0.292,76.01,0.0013,0.29
666,MnFeGa,Half Heusler,18,C1b,5.5636,1.0033,0.299,80.4,0.0067,1.44
667,MnFeIn,Half Heusler,18,C1b,5.96,1.0034,0.589,100.0,0.0001,0.02
668,MnFeSi,Half Heusler,19,C1b,5.33,1.0019,0.011000000000000001,0.0,0.0007,0.17
669,MnFeGe,Half Heusler,19,C1b,5.57,1.0,0.162,84.0,0.9789,210.14
670,MnFeSn,Half Heusler,19,C1b,5.92,1.0,0.353,65.18,0.9666,172.83
671,MnFeP,Half Heusler,20,C1b,5.32,1.0,-0.306,80.06,1.9591,482.67
672,MnFeAs,Half Heusler,20,C1b,5.51,0.9982,0.005,96.56,1.9986,444.0
673,MnFeSb,Half Heusler,20,C1b,5.84,1.0,0.235,3.07,3.4443,641.49
674,MnNiAl,Half Heusler,20,C1b,5.65,1.0,-0.018000000000000002,44.26,3.0218,621.51
675,MnNiGa,Half Heusler,20,C1b,5.66,1.0,0.209,28.89,3.2206,658.89
676,MnNiIn,Half Heusler,20,C1b,6.0,1.0,0.161,37.12,3.7194,638.77
677,MnNiSi,Half Heusler,21,C1b,5.48,0.9982,-0.21600000000000003,12.77,2.6009,587.36
678,MnNiGe,Half Heusler,21,C1b,5.62,0.9947,-0.132,0.4,2.7411,575.93
679,MnNiSn,Half Heusler,21,C1b,5.96,0.9983,-0.044000000000000004,30.36,3.3945,595.79
680,MnNiP,Half Heusler,22,C1b,5.36,1.0037,-0.46399999999999997,7.63,1.7592,422.21
681,MnNiAs,Half Heusler,22,C1b,5.6,1.0,-0.011000000000000001,30.64,2.8991,612.39
682,MnNiSb,Half Heusler,22,C1b,5.9,0.9966,-0.136,12.88,3.1341,568.01
683,FeTiAl,Half Heusler,15,C1b,5.74,1.0,-0.021,53.72,0.373,73.16
684,FeTiGa,Half Heusler,15,C1b,5.72,1.0,-0.038,3.36,0.0065,1.29
685,FeTiIn,Half Heusler,15,C1b,6.08,1.0,0.20600000000000002,0.62,0.4602,75.96
686,FeTiSi,Half Heusler,16,C1b,5.6,1.0,-0.342,22.22,1.0161,214.63
687,FeTiGe,Half Heusler,16,C1b,5.71,1.0,-0.253,31.15,1.4445,287.83
688,FeTiSn,Half Heusler,16,C1b,6.0149,1.0026,-0.135,0.53,1.5985,271.79
689,FeTiP,Half Heusler,17,C1b,5.4527,1.0044,-0.802,60.74,0.8837,201.32
690,FeTiAs,Half Heusler,17,C1b,5.6547,1.0008,-0.55,88.95,0.9896,202.87
691,FeTiSb,Half Heusler,17,C1b,5.9534,1.0004,-0.382,66.7,0.955,167.84
692,FeVAl,Half Heusler,16,C1b,5.6,1.0,0.10800000000000001,15.87,0.8768,185.21
693,FeVGa,Half Heusler,16,C1b,5.61,1.0,0.121,10.78,0.6117,128.52
694,FeVIn,Half Heusler,16,C1b,5.97,1.0,0.42100000000000004,40.22,0.075,13.08
695,FeVSi,Half Heusler,17,C1b,5.44,1.0,-0.306,15.05,0.745,171.67
696,FeVGe,Half Heusler,17,C1b,5.5578,1.0023,-0.157,64.87,1.0,215.58
697,FeVSn,Half Heusler,17,C1b,5.8667,1.0026,0.054000000000000006,47.5,0.9593,175.78
698,FeVP,Half Heusler,18,C1b,5.3138,1.0038,-0.804,0.0,0.0,0.0
699,FeVAs,Half Heusler,18,C1b,5.4855,1.0025,-0.46799999999999997,0.0,0.0,0.0
700,FeVSb,Half Heusler,18,C1b,5.7758,1.0021,-0.21100000000000002,0.0,0.0,0.0
701,FeCrAl,Half Heusler,17,C1b,5.48,1.0,0.205,6.07,0.6708,151.21
702,FeCrGa,Half Heusler,17,C1b,5.49,1.0,0.242,44.83,0.8115,181.93
703,FeCrIn,Half Heusler,17,C1b,5.99,1.0,0.5660000000000001,99.98,0.9999,172.59
704,FeCrSi,Half Heusler,18,C1b,5.3284,1.0043,-0.231,0.0,0.0,0.0
705,FeCrGe,Half Heusler,18,C1b,5.4448,1.0025,-0.025,0.0,0.0,0.0
706,FeCrSn,Half Heusler,18,C1b,5.8445,1.0,0.247,100.0,0.0,0.0
707,FeCrP,Half Heusler,19,C1b,5.2921,0.9978,-0.465,87.54,0.9732,244.1
708,FeCrAs,Half Heusler,19,C1b,5.4814,0.9961,-0.13699999999999998,100.0,1.0,226.12
709,FeCrSb,Half Heusler,19,C1b,5.81,1.0,0.08900000000000001,100.0,1.0001,189.17
710,FeMnAl,Half Heusler,18,C1b,5.42,1.0018,0.157,0.0,0.0001,0.02
711,FeMnGa,Half Heusler,18,C1b,5.49,1.0,0.214,3.74,0.0115,2.58
712,FeMnIn,Half Heusler,18,C1b,5.9505,1.0003,0.523,20.59,0.5455,96.01
713,FeMnSi,Half Heusler,19,C1b,5.3211,1.0008,-0.155,92.28,0.9718,239.09
714,FeMnGe,Half Heusler,19,C1b,5.4714,0.9954,0.033,100.0,1.0,227.53
715,FeMnSn,Half Heusler,19,C1b,5.92,1.0,0.222,100.0,1.0,178.8
716,FeMnP,Half Heusler,20,C1b,5.32,0.9981,-0.424,100.0,2.0,493.67
717,FeMnAs,Half Heusler,20,C1b,5.51,1.0,-0.134,100.0,2.0,443.51
718,FeMnSb,Half Heusler,20,C1b,5.84,1.0,0.052000000000000005,100.0,2.0,372.49
719,FeFeAl,Half Heusler,19,C1b,5.5,1.0,0.23600000000000002,100.0,2.9999,668.88
720,FeFeGa,Half Heusler,19,C1b,5.54,0.9982,0.268,7.04,3.1997,699.35
721,FeFeIn,Half Heusler,19,C1b,5.91,1.0017,0.512,51.65,4.5674,819.41
722,FeFeSi,Half Heusler,20,C1b,5.3404,1.0031,-0.078,98.27,1.9993,485.46
723,FeFeGe,Half Heusler,20,C1b,5.48,1.0,0.091,75.12,2.0647,465.42
724,FeFeSn,Half Heusler,20,C1b,5.85,1.0,0.24600000000000002,23.34,4.0232,745.47
725,FeFeP,Half Heusler,21,C1b,5.31,1.0,-0.35,51.25,2.9346,727.1
726,FeFeAs,Half Heusler,21,C1b,5.49,1.0,-0.071,93.76,2.9989999999999997,672.34
727,FeFeSb,Half Heusler,21,C1b,5.78,1.0,0.09300000000000001,100.0,3.0,576.32
728,FeNiAl,Half Heusler,21,C1b,5.56,1.0018,0.146,67.73,2.7029,582.31
729,FeNiGa,Half Heusler,21,C1b,5.58,1.0,0.175,12.83,2.7949,596.75
730,FeNiIn,Half Heusler,21,C1b,5.89,0.9983,0.4,14.58,2.9071,528.66
731,FeNiSi,Half Heusler,22,C1b,5.4,1.0037,0.002,46.55,1.9655,461.33
732,FeNiGe,Half Heusler,22,C1b,5.56,1.0,0.11,49.63,2.4891,537.21
733,FeNiSn,Half Heusler,22,C1b,5.87,0.9983,0.2,54.16,2.7495,505.13
734,FeNiP,Half Heusler,23,C1b,5.29,1.0,-0.23199999999999998,36.46,0.1164,29.17
735,FeNiAs,Half Heusler,23,C1b,5.52,1.0,0.018000000000000002,26.68,2.2393,493.88
736,FeNiSb,Half Heusler,23,C1b,5.83,1.0034,0.122,46.72,2.5198,470.11
737,RuTiAl,Half Heusler,15,C1b,5.94,1.0,-0.275,31.68,0.2434,43.08
738,RuTiGa,Half Heusler,15,C1b,5.94,1.0,-0.228,1.38,0.0087,1.54
739,RuTiIn,Half Heusler,15,C1b,6.19,1.0,0.004,3.34,0.0144,2.25
740,RuTiSi,Half Heusler,16,C1b,5.82,1.0017,-0.424,0.0,0.0004,0.08
741,RuTiGe,Half Heusler,16,C1b,5.92,1.0,-0.332,2.18,0.0257,4.6
742,RuTiSn,Half Heusler,16,C1b,6.2044,0.9992,-0.256,0.0,0.0002,0.03
743,RuTiP,Half Heusler,17,C1b,5.7261,1.0011,-0.7290000000000001,0.0,0.0,0.0
744,RuTiAs,Half Heusler,17,C1b,5.89,1.0,-0.536,0.0,0.0,0.0
745,RuTiSb,Half Heusler,17,C1b,6.1404,1.0035,-0.45899999999999996,0.0,0.0003,0.05
746,RuVAl,Half Heusler,16,C1b,5.8262,1.0009,-0.053,25.3,1.6167,302.97
747,RuVGa,Half Heusler,16,C1b,5.8303,1.0024,0.022000000000000002,28.22,1.5522,289.84
748,RuVIn,Half Heusler,16,C1b,6.11,1.0,0.305,22.33,1.7241,280.39
749,RuVSi,Half Heusler,17,C1b,5.7,1.0,-0.259,48.49,0.6134,122.87
750,RuVGe,Half Heusler,17,C1b,5.8,1.0017,-0.121,50.73,0.6805,129.16
751,RuVSn,Half Heusler,17,C1b,5.83,1.0,0.021,73.0,0.9420000000000001,176.35
752,RuVP,Half Heusler,18,C1b,5.6167,1.0022,-0.609,0.0,0.0,0.0
753,RuVAs,Half Heusler,18,C1b,5.7621,1.0043,-0.358,0.0,0.0,0.0
754,RuVSb,Half Heusler,18,C1b,6.018,1.004,-0.222,0.0,0.0,0.0
755,RuCrAl,Half Heusler,17,C1b,5.73,1.0,0.145,35.7,0.6995,137.93
756,RuCrGa,Half Heusler,17,C1b,5.74,1.0,0.24,17.3,0.6785,133.09
757,RuCrIn,Half Heusler,17,C1b,6.15,1.0,0.522,37.08,2.6998,430.56
758,RuCrSi,Half Heusler,18,C1b,5.6119,1.0039,-0.115,0.0,0.0,0.0
759,RuCrGe,Half Heusler,18,C1b,5.7074,1.0067,0.059000000000000004,0.0,0.0,0.0
760,RuCrSn,Half Heusler,18,C1b,5.99,0.9983,0.24600000000000002,0.0,0.0,0.0
761,RuCrP,Half Heusler,19,C1b,5.5796,0.9964,-0.281,90.19,0.9958,213.42
762,RuCrAs,Half Heusler,19,C1b,5.7409,0.9978,-0.03,100.0,1.0,196.49
763,RuCrSb,Half Heusler,19,C1b,6.01,0.9983,0.107,100.0,1.0,171.17
764,RuMnAl,Half Heusler,18,C1b,5.67,1.0018,0.128,0.0,0.0004,0.08
765,RuMnGa,Half Heusler,18,C1b,5.69,1.0,0.23600000000000002,50.95,0.1057,21.28
766,RuMnIn,Half Heusler,18,C1b,6.15,1.0,0.42100000000000004,100.0,4.0,637.91
767,RuMnSi,Half Heusler,19,C1b,5.6,1.0036,-0.057999999999999996,93.19,0.9897,208.31
768,RuMnGe,Half Heusler,19,C1b,5.72,1.0,0.10400000000000001,100.0,1.0109,200.38
769,RuMnSn,Half Heusler,19,C1b,6.13,1.0,0.158,31.68,3.8907,626.58
770,RuMnP,Half Heusler,20,C1b,5.5888,1.0034,-0.28,100.0,2.0,423.56
771,RuMnAs,Half Heusler,20,C1b,5.7574,1.0006,-0.053,100.0,2.0,388.51
772,RuMnSb,Half Heusler,20,C1b,6.0633,1.0044,0.022000000000000002,48.53,3.0196,500.33
773,RuFeAl,Half Heusler,19,C1b,5.7885,0.9993,0.17800000000000002,90.95,3.0007,574.3
774,RuFeGa,Half Heusler,19,C1b,5.66,1.0018,0.28600000000000003,63.75,2.9927,611.19
775,RuFeIn,Half Heusler,19,C1b,6.08,1.0,0.505,64.84,3.4353,567.0
776,RuFeSi,Half Heusler,20,C1b,5.64,1.0,-0.036000000000000004,50.79,2.1657,447.8
777,RuFeGe,Half Heusler,20,C1b,5.747999999999999,1.0023,0.099,12.84,2.3091,450.0
778,RuFeSn,Half Heusler,20,C1b,6.0255,1.0001,0.20600000000000002,58.25,2.8276,479.44
779,RuFeP,Half Heusler,21,C1b,5.59,1.0,-0.22899999999999998,41.71,2.6572,564.31
780,RuFeAs,Half Heusler,21,C1b,5.76,1.0,-0.012,6.65,2.8648,556.1
781,RuFeSb,Half Heusler,21,C1b,6.03,1.0,0.053,100.0,3.0002,507.6
782,RuNiAl,Half Heusler,21,C1b,5.74,1.0,-0.109,46.69,1.4444,283.32
783,RuNiGa,Half Heusler,21,C1b,5.75,1.0,-0.03,41.52,1.1107,216.73
784,RuNiIn,Half Heusler,21,C1b,6.04,1.0,0.521,69.32,1.6147,271.84
785,RuNiSi,Half Heusler,22,C1b,5.6132,1.0,-0.28,47.24,0.8029999999999999,168.43
786,RuNiGe,Half Heusler,22,C1b,5.7229,1.0024,-0.154,39.11,0.7273,143.6
787,RuNiSn,Half Heusler,22,C1b,5.9913,1.0012,-0.06,51.46,0.7544,129.97
788,RuNiP,Half Heusler,23,C1b,5.56,0.9982,-0.47200000000000003,0.0,0.0,0.0
789,RuNiAs,Half Heusler,23,C1b,5.72,0.9983,-0.262,0.0,0.0,0.0
790,RuNiSb,Half Heusler,23,C1b,5.99,0.9967,-0.201,0.0,0.0,0.0
791,CoTiAl,Half Heusler,16,C1b,5.7,1.0,-0.23800000000000002,63.36,1.048,209.92
792,CoTiGa,Half Heusler,16,C1b,5.71,1.0,-0.24600000000000002,67.93,1.0926,217.71
793,CoTiIn,Half Heusler,16,C1b,5.99,1.0,0.006,61.13,1.33,229.56
794,CoTiSi,Half Heusler,17,C1b,5.577000000000001,0.9953,-0.59,78.74,0.9998,214.82
795,CoTiGe,Half Heusler,17,C1b,5.6437,1.0052,-0.498,51.17,0.9734,199.84
796,CoTiSn,Half Heusler,17,C1b,5.9309,1.0038,-0.36,71.31,0.9647,170.89
797,CoTiP,Half Heusler,18,C1b,5.4288,1.0039,-1.109,0.0,0.0,0.0
798,CoTiAs,Half Heusler,18,C1b,5.61,1.0,-0.852,0.0,0.0,0.0
799,CoTiSb,Half Heusler,18,C1b,5.8771,1.0017,-0.67,0.0,0.0,0.0
800,CoVAl,Half Heusler,17,C1b,5.56,1.0,-0.09300000000000001,58.1,0.6878,148.44
801,CoVGa,Half Heusler,17,C1b,5.56,1.0,-0.068,82.6,0.8593,185.46
802,CoVIn,Half Heusler,17,C1b,5.86,1.0,0.266,89.94,0.9670000000000001,178.26
803,CoVSi,Half Heusler,18,C1b,5.41,1.0,-0.5479999999999999,0.0,0.0,0.0
804,CoVGe,Half Heusler,18,C1b,5.4982,1.0036,-0.391,0.0,0.0,0.0
805,CoVSn,Half Heusler,18,C1b,5.79,1.0,-0.16399999999999998,0.0,0.0,0.0
806,CoVP,Half Heusler,19,C1b,5.3587,0.998,-0.643,92.65,0.9949,240.32
807,CoVAs,Half Heusler,19,C1b,5.5264,0.9988,-0.363,100.0,1.0,220.05
808,CoVSb,Half Heusler,19,C1b,5.8092,1.0017,-0.182,100.0,1.0,188.9
809,CoCrAl,Half Heusler,18,C1b,5.45,1.0042,0.033,0.0,0.0,0.0
810,CoCrGa,Half Heusler,18,C1b,5.4451,1.0055,0.078,0.0,0.0,0.0
811,CoCrIn,Half Heusler,18,C1b,5.7643,1.0036,0.465,0.0,0.0,0.0
812,CoCrSi,Half Heusler,19,C1b,5.3575,1.0026,-0.203,99.6,1.0,240.62
813,CoCrGe,Half Heusler,19,C1b,5.4726,1.003,-0.035,100.0,1.0,225.65
814,CoCrSn,Half Heusler,19,C1b,5.78,1.0017,0.16699999999999998,100.0,1.0,191.78
815,CoCrP,Half Heusler,20,C1b,5.3249,1.0041,-0.36200000000000004,100.0,2.0,489.39
816,CoCrAs,Half Heusler,20,C1b,5.5192,1.0001,-0.10400000000000001,100.0,2.0,441.25
817,CoCrSb,Half Heusler,20,C1b,5.8075,1.0004,0.036000000000000004,100.0,2.0,378.65
818,CoMnAl,Half Heusler,19,C1b,5.45,1.0018,0.078,78.09,1.0396,237.8
819,CoMnGa,Half Heusler,19,C1b,5.46,1.0,0.139,96.21,1.0028,228.54
820,CoMnIn,Half Heusler,19,C1b,5.93,1.0,0.344,19.49,4.3243,769.27
821,CoMnSi,Half Heusler,20,C1b,5.356,1.0041,-0.209,100.0,2.0,480.89
822,CoMnGe,Half Heusler,20,C1b,5.49,1.0018,-0.057,100.0,2.0,447.56
823,CoMnSn,Half Heusler,20,C1b,5.8366,1.0033,0.079,25.61,2.9147,542.02
824,CoMnP,Half Heusler,21,C1b,5.34,1.0,-0.44299999999999995,100.0,3.0,730.84
825,CoMnAs,Half Heusler,21,C1b,5.53,1.0,-0.21100000000000002,100.0,3.0,658.07
826,CoMnSb,Half Heusler,21,C1b,5.82,1.0,-0.10800000000000001,100.0,3.0,564.52
827,CoFeAl,Half Heusler,20,C1b,5.5,0.9982,0.043,63.28,2.6218,585.64
828,CoFeGa,Half Heusler,20,C1b,5.51,0.9982,0.107,65.16,2.679,595.16
829,CoFeIn,Half Heusler,20,C1b,5.8,1.0,0.373,67.92,3.3909,644.7
830,CoFeSi,Half Heusler,21,C1b,5.3621,1.0043,-0.204,86.36,2.9966,717.99
831,CoFeGe,Half Heusler,21,C1b,5.5,1.0,-0.061,100.0,3.0,668.9
832,CoFeSn,Half Heusler,21,C1b,5.79,0.9983,0.064,100.0,3.0,574.33
833,CoFeP,Half Heusler,22,C1b,5.35,1.0,-0.348,12.31,3.8481,932.21
834,CoFeAs,Half Heusler,22,C1b,5.53,1.0018,-0.13,65.6,3.9795,871.36
835,CoFeSb,Half Heusler,22,C1b,5.81,1.0,-0.033,52.37,3.9793,752.67
836,CoNiAl,Half Heusler,22,C1b,5.49,1.0,0.462,69.46,1.0288,230.64
837,CoNiGa,Half Heusler,22,C1b,5.5,1.0018,0.5329999999999999,68.46,1.1276,250.96
838,CoNiIn,Half Heusler,22,C1b,5.81,0.9983,0.765,81.9,1.4494,274.62
839,CoNiSi,Half Heusler,23,C1b,5.34,1.0019,0.28800000000000003,0.0,0.0,0.0
840,CoNiGe,Half Heusler,23,C1b,5.4495,1.0042,0.42200000000000004,0.0,0.0002,0.05
841,CoNiSn,Half Heusler,23,C1b,5.7409,1.0028,0.504,0.0,0.0002,0.04
842,CoNiP,Half Heusler,24,C1b,5.28,1.0019,0.141,5.49,0.2689,67.64
843,CoNiAs,Half Heusler,24,C1b,5.46,1.0,0.349,11.79,0.4672,106.48
844,CoNiSb,Half Heusler,24,C1b,5.73,1.0017,0.4,25.27,0.395,77.75
845,RhTiAl,Half Heusler,16,C1b,5.95,1.0,-0.535,64.1,1.2431,218.92
846,RhTiGa,Half Heusler,16,C1b,5.95,1.0,-0.49200000000000005,69.36,1.178,207.45
847,RhTiIn,Half Heusler,16,C1b,6.21,1.0,-0.304,66.98,1.3605,210.74
848,RhTiSi,Half Heusler,17,C1b,5.83,1.0017,-0.69,0.12,0.0015,0.28
849,RhTiGe,Half Heusler,17,C1b,5.92,1.0,-0.635,4.8,0.0679,12.14
850,RhTiSn,Half Heusler,17,C1b,6.15,1.0058,-0.591,0.0,0.0001,0.02
851,RhTiP,Half Heusler,18,C1b,5.7366,1.001,-1.075,0.0,0.0,0.0
852,RhTiAs,Half Heusler,18,C1b,5.872000000000001,1.0039,-0.9009999999999999,0.0,0.0,0.0
853,RhTiSb,Half Heusler,18,C1b,6.117999999999999,1.0034,-0.8370000000000001,0.0,0.0,0.0
854,RhVAl,Half Heusler,17,C1b,5.8262,1.0009,-0.275,87.85,0.8014,150.18
855,RhVGa,Half Heusler,17,C1b,5.82,1.0,-0.207,90.12,0.8873,166.97
856,RhVIn,Half Heusler,17,C1b,6.09,1.0,0.048,92.08,0.9487,155.81
857,RhVSi,Half Heusler,18,C1b,5.69,1.0,-0.529,0.0,0.0,0.0
858,RhVGe,Half Heusler,18,C1b,5.7749,1.0051,-0.41,0.0,0.0,0.0
859,RhVSn,Half Heusler,18,C1b,6.04,1.0017,-0.302,0.0,0.0,0.0
860,RhVP,Half Heusler,19,C1b,5.66,1.0018,-0.5670000000000001,95.87,0.9998,204.19
861,RhVAs,Half Heusler,19,C1b,5.81,1.0034,-0.377,100.0,1.0,188.5
862,RhVSb,Half Heusler,19,C1b,6.0581,1.0024,-0.312,100.0,1.0,166.45
863,RhCrAl,Half Heusler,18,C1b,5.73,1.0,-0.075,0.0,0.0,0.0
864,RhCrGa,Half Heusler,18,C1b,5.74,0.9983,0.015,0.0,0.0,0.0
865,RhCrIn,Half Heusler,18,C1b,6.19,1.0,0.207,83.4,3.7036,579.27
866,RhCrSi,Half Heusler,19,C1b,5.65,1.0018,-0.183,100.0,1.0,205.31
867,RhCrGe,Half Heusler,19,C1b,5.75,1.0035,-0.055999999999999994,100.0,1.0,194.45
868,RhCrSn,Half Heusler,19,C1b,6.02,0.9983,0.043,100.0,0.9999,170.3
869,RhCrP,Half Heusler,20,C1b,5.65,1.0035,-0.293,100.0,2.0,409.9
870,RhCrAs,Half Heusler,20,C1b,5.81,1.0017,-0.121,100.0,2.0,377.64
871,RhCrSb,Half Heusler,20,C1b,6.0742,1.0007,-0.091,83.97,2.374,392.69
872,RhMnAl,Half Heusler,19,C1b,5.89,1.0017,-0.191,30.69,4.0227,729.06
873,RhMnGa,Half Heusler,19,C1b,5.89,1.0,-0.11199999999999999,22.75,4.0108,728.14
874,RhMnIn,Half Heusler,19,C1b,6.18,1.0,0.019,3.99,4.2613,669.74
875,RhMnSi,Half Heusler,20,C1b,5.7109,0.9954,-0.231,55.65,2.8382,567.87
876,RhMnGe,Half Heusler,20,C1b,5.8231,1.0036,-0.151,42.28,3.1638,592.28
877,RhMnSn,Half Heusler,20,C1b,6.1204,1.0047,-0.17600000000000002,43.45,3.7188,598.89
878,RhMnP,Half Heusler,21,C1b,5.67,0.9982,-0.40399999999999997,100.0,3.0,611.6
879,RhMnAs,Half Heusler,21,C1b,5.83,0.9983,-0.256,61.34,3.0289,568.0
880,RhMnSb,Half Heusler,21,C1b,6.09,1.0,-0.276,18.92,3.3184,545.01
881,RhFeAl,Half Heusler,20,C1b,5.78,1.0,-0.147,80.04,2.8322,544.09
882,RhFeGa,Half Heusler,20,C1b,5.79,1.0,-0.051,74.27,2.8206,539.05
883,RhFeIn,Half Heusler,20,C1b,6.08,1.0,0.145,78.17,3.0844,509.08
884,RhFeSi,Half Heusler,21,C1b,5.68,1.0,-0.24,73.74,2.9903,605.34
885,RhFeGe,Half Heusler,21,C1b,5.78,0.9982,-0.139,100.0,3.0,577.34
886,RhFeSn,Half Heusler,21,C1b,6.05,1.0,-0.121,100.0,3.0,502.55
887,RhFeP,Half Heusler,22,C1b,5.65,0.9982,-0.256,53.45,3.3912,698.72
888,RhFeAs,Half Heusler,22,C1b,5.81,1.0,-0.114,59.81,3.5772,676.62
889,RhFeSb,Half Heusler,22,C1b,6.0464,1.0025,-0.132,69.64,3.5768,598.77
890,RhNiAl,Half Heusler,22,C1b,5.73,1.0,0.19899999999999998,65.95,0.5473,107.92
891,RhNiGa,Half Heusler,22,C1b,5.75,0.9983,0.303,0.0,0.0011,0.22
892,RhNiIn,Half Heusler,22,C1b,6.02,0.9983,0.49,73.36,0.4739,80.71
893,RhNiSi,Half Heusler,23,C1b,5.62,0.9982,0.14300000000000002,0.0,0.0,0.0
894,RhNiGe,Half Heusler,23,C1b,5.73,1.0,0.249,0.0,0.0,0.0
895,RhNiSn,Half Heusler,23,C1b,6.0,0.9967,0.245,0.0,0.0,0.0
896,RhNiP,Half Heusler,24,C1b,5.57,1.0,0.11599999999999999,0.0,0.0,0.0
897,RhNiAs,Half Heusler,24,C1b,5.72,1.0052,0.257,0.0,0.0001,0.02
898,RhNiSb,Half Heusler,24,C1b,5.97,1.0,0.209,0.0,0.0,0.0
899,NiTiAl,Half Heusler,17,C1b,5.75,1.0,-0.36,95.41,0.9839,191.99
900,NiTiGa,Half Heusler,17,C1b,5.72,1.0,-0.385,96.73,0.9969,197.6
901,NiTiIn,Half Heusler,17,C1b,5.9916,1.0021,-0.168,96.64,0.9996,172.03
902,NiTiSi,Half Heusler,18,C1b,5.56,1.0027,-0.762,0.0,0.0,0.0
903,NiTiGe,Half Heusler,18,C1b,5.6533,1.0025,-0.691,0.0,0.0,0.0
904,NiTiSn,Half Heusler,18,C1b,5.9292,1.0032,-0.5710000000000001,0.0,0.0,0.0
905,NiTiP,Half Heusler,19,C1b,5.51,1.0,-0.8240000000000001,0.0,0.0,0.0
906,NiTiAs,Half Heusler,19,C1b,5.67,0.9982,-0.62,0.0,0.0002,0.04
907,NiTiSb,Half Heusler,19,C1b,5.96,0.995,-0.507,0.0,0.0,0.0
908,NiVAl,Half Heusler,18,C1b,5.5669,1.0041,-0.196,0.0,0.0,0.0
909,NiVGa,Half Heusler,18,C1b,5.5508,1.0036,-0.195,0.0,0.0,0.0
910,NiVIn,Half Heusler,18,C1b,5.8388,1.0029,0.106,0.0,0.0,0.0
911,NiVSi,Half Heusler,19,C1b,5.47,1.0018,-0.316,90.97,0.9582,216.78
912,NiVGe,Half Heusler,19,C1b,5.58,1.0,-0.203,96.55,0.9917,211.74
913,NiVSn,Half Heusler,19,C1b,5.87,0.9983,-0.079,100.0,1.0,183.72
914,NiVP,Half Heusler,20,C1b,5.45,0.9982,-0.40299999999999997,73.68,1.9054,437.44
915,NiVAs,Half Heusler,20,C1b,5.62,0.9982,-0.2,57.58,1.9956,417.8
916,NiVSb,Half Heusler,20,C1b,5.89,1.0,-0.122,100.0,2.0,363.09
917,NiCrAl,Half Heusler,19,C1b,5.54,0.9982,0.114,100.0,1.0001,218.59
918,NiCrGa,Half Heusler,19,C1b,5.53,1.0,0.149,100.0,1.0,219.36
919,NiCrIn,Half Heusler,19,C1b,5.99,1.0,0.331,14.31,3.7035,639.23
920,NiCrSi,Half Heusler,20,C1b,5.44,1.0,-0.11599999999999999,100.0,2.0,460.85
921,NiCrGe,Half Heusler,20,C1b,5.56,0.9982,-0.001,100.0,2.0,432.43
922,NiCrSn,Half Heusler,20,C1b,5.88,1.0,0.081,52.61,2.488,453.99
923,NiCrP,Half Heusler,21,C1b,5.4247,1.0034,-0.254,100.0,3.0,694.79
924,NiCrAs,Half Heusler,21,C1b,5.62,1.0,-0.079,100.0,3.0,626.96
925,NiCrSb,Half Heusler,21,C1b,5.89,1.0,-0.042,80.25,3.0499,553.69
926,NiMnAl,Half Heusler,20,tetragonal,5.56,1.036,-0.04,69.47,3.1633,659.02
927,NiMnGa,Half Heusler,20,C1b,5.64,1.0,-0.005,57.23,3.3076,683.92
928,NiMnIn,Half Heusler,20,C1b,5.96,1.0034,0.152,54.19,3.8207,667.23
929,NiMnSi,Half Heusler,21,C1b,5.45,1.0018,-0.251,100.0,3.0,686.22
930,NiMnGe,Half Heusler,21,C1b,5.57,1.0018,-0.153,60.38,3.0076,644.47
931,NiMnSn,Half Heusler,21,C1b,5.88,1.0,-0.114,1.57,3.319,605.62
932,NiMnP,Half Heusler,22,C1b,5.46,1.0018,-0.4,100.0,4.0,909.94
933,NiMnAs,Half Heusler,22,C1b,5.64,0.9982,-0.25,100.0,4.0,828.55
934,NiMnSb,Half Heusler,22,C1b,5.91,1.0,-0.217,100.0,4.0,718.83
935,NiFeAl,Half Heusler,21,C1b,5.56,0.9964,-0.069,85.43,2.9978,649.34
936,NiFeGa,Half Heusler,21,C1b,5.56,0.9982,-0.017,100.0,3.0,648.64
937,NiFeIn,Half Heusler,21,C1b,5.85,1.0,0.195,100.0,3.0,555.88
938,NiFeSi,Half Heusler,22,C1b,5.44,1.0,-0.12,73.71,3.3327,767.94
939,NiFeGe,Half Heusler,22,C1b,5.57,1.0018,-0.028999999999999998,69.65,3.531,756.62
940,NiFeSn,Half Heusler,22,C1b,5.85,1.0017,0.017,74.94,3.4914,645.83
941,NiFeP,Half Heusler,23,C1b,5.4,1.0,-0.18899999999999997,72.43,3.5904,845.84
942,NiFeAs,Half Heusler,23,tetragonal,5.54,1.0289,-0.025,77.44,3.674,779.06
943,NiFeSb,Half Heusler,23,tetragonal,5.91,0.9712,0.018000000000000002,84.24,3.3752,624.51
944,NiNiAl,Half Heusler,23,C1b,5.49,1.0036,0.7929999999999999,0.0,0.0,0.0
945,NiNiGa,Half Heusler,23,C1b,5.51,0.9982,0.8809999999999999,0.0,0.0,0.0
946,NiNiIn,Half Heusler,23,C1b,5.79,1.0017,1.054,0.0,0.0,0.0
947,NiNiSi,Half Heusler,24,C1b,5.36,1.0037,0.736,0.0,0.0,0.0
948,NiNiGe,Half Heusler,24,C1b,5.49,1.0,0.8390000000000001,0.0,0.0,0.0
949,NiNiSn,Half Heusler,24,C1b,5.76,1.0035,0.841,0.0,0.0001,0.02
950,NiNiP,Half Heusler,25,C1b,5.3,1.0,0.6679999999999999,0.0,0.0,0.0
951,NiNiAs,Half Heusler,25,C1b,5.3,1.0,0.904,0.0,0.0,0.0
952,NiNiSb,Half Heusler,25,C1b,5.76,0.9965,0.797,0.0,0.0,0.0
953,CrTiAl,Half Heusler,13,triclinic,0.0,-0.0889,,,0.0,
954,CrVAl,Half Heusler,14,triclinic,0.0,-0.1611,,,0.0,
955,CrVGa,Half Heusler,14,triclinic,0.0,-0.099,,,0.0,
956,CrVIn,Half Heusler,14,triclinic,0.5924,0.3397,,,0.4075,
957,CrVSi,Half Heusler,15,triclinic,-0.0001,-0.1111,,,0.0012,
958,CrVGe,Half Heusler,15,triclinic,0.0003,0.0341,,,0.0034,
959,CrVP,Half Heusler,16,triclinic,0.0001,-0.43799999999999994,,,0.0017,
960,CrCrAl,Half Heusler,15,triclinic,0.0317,0.2312,,,0.0037,
961,CrCrGa,Half Heusler,15,triclinic,0.0,0.1516,,,0.0,
962,CrCrIn,Half Heusler,15,triclinic,0.002,0.2738,,,0.0346,
963,CrCrSi,Half Heusler,16,triclinic,-0.5397,-0.0192,,,0.1739,
964,CrMnAl,Half Heusler,16,triclinic,-0.0331,0.1862,,,0.1779,
965,CrMnGa,Half Heusler,16,triclinic,-0.038,0.41200000000000003,,,0.4237,
966,CrMnIn,Half Heusler,16,triclinic,-0.0018,0.41600000000000004,,,0.8922,
967,CrFeAl,Half Heusler,17,triclinic,-0.0323,0.1532,,,0.3733,
968,CrFeGa,Half Heusler,17,triclinic,-0.5578,0.2718,,,0.0017,
969,CrFeIn,Half Heusler,17,triclinic,0.8014,0.5521,,,0.4194,
970,CrNiAl,Half Heusler,19,triclinic,2.5522,0.0854,,,0.3844,
971,CrNiIn,Half Heusler,19,triclinic,3.5036,0.1643,,,0.3094,
972,MnTiAl,Half Heusler,14,triclinic,1.6236,-0.1197,,,0.2082,
973,MnTiGa,Half Heusler,14,triclinic,1.7464,-0.1948,,,0.2228,
974,MnTiSi,Half Heusler,15,triclinic,-0.0001,-0.3476,,,0.0355,
975,MnVAl,Half Heusler,15,triclinic,0.6647,0.0207,,,0.0634,
976,MnVGa,Half Heusler,15,triclinic,0.8697,-0.0263,,,0.3644,
977,MnVIn,Half Heusler,15,triclinic,1.0756,0.1986,,,0.8269,
978,MnVSi,Half Heusler,16,triclinic,0.0,-0.21100000000000002,,,0.0012,
979,MnCrAl,Half Heusler,16,triclinic,-0.0456,0.1406,,,0.4137,
980,MnCrGa,Half Heusler,16,triclinic,-0.0056,0.1262,,,0.9037,
981,MnCrIn,Half Heusler,16,triclinic,0.2152,0.3917,,,0.11599999999999999,
982,MnMnAl,Half Heusler,17,triclinic,-0.0204,-0.0146,,,0.3585,
983,MnNiGa,Half Heusler,20,triclinic,3.4011,-0.013000000000000001,,,0.3077,
984,MnNiIn,Half Heusler,20,triclinic,3.9933,0.1529,,,0.3538,
985,MnNiAs,Half Heusler,22,triclinic,3.4745,-0.1689,,,0.0497,
986,FeTiAl,Half Heusler,15,triclinic,0.0027,-0.1646,,,0.075,
987,FeTiGa,Half Heusler,15,triclinic,0.442,-0.1751,,,0.0625,
988,FeTiIn,Half Heusler,15,triclinic,0.6539,0.105,,,0.1159,
989,FeTiSi,Half Heusler,16,triclinic,0.0,-0.4228,,,0.0,
990,FeVAl,Half Heusler,16,triclinic,0.0,-0.04,,,0.0,
991,FeVGa,Half Heusler,16,triclinic,0.0,-0.0305,,,0.0,
992,FeVIn,Half Heusler,16,triclinic,0.0734,0.2917,,,0.3346,
993,FeCrAl,Half Heusler,17,triclinic,-0.0165,0.159,,,0.0308,
994,FeCrIn,Half Heusler,17,triclinic,-0.8036,0.4735,,,0.2006,
995,RuTiAl,Half Heusler,15,triclinic,-0.1162,-0.2797,,,0.02,
996,RuTiGa,Half Heusler,15,triclinic,0.0,-0.3696,,,0.0,
997,RuTiIn,Half Heusler,15,triclinic,0.0,-0.1143,,,0.0,
998,RuVIn,Half Heusler,16,triclinic,0.0,0.1585,,,0.0,
999,RuVSn,Half Heusler,17,triclinic,0.0,-0.0277,,,0.0,
1000,RuCrAl,Half Heusler,17,triclinic,-0.0879,0.1437,,,0.0,
1001,RuCrGa,Half Heusler,17,triclinic,-0.0001,0.0801,,,0.0,
1002,RuCrIn,Half Heusler,17,triclinic,-1.9599,0.4198,,,0.5841,
1003,RuFeIn,Half Heusler,19,triclinic,-3.4053,0.3581,,,0.1115,
1004,RuNiAl,Half Heusler,21,triclinic,0.0,-0.3212,,,0.0,
1005,RuNiGa,Half Heusler,21,triclinic,0.0001,-0.1431,,,0.0,
1006,RuNiIn,Half Heusler,21,triclinic,-0.5883,0.34,,,0.0025,
1007,CoTiAl,Half Heusler,16,triclinic,0.0141,-0.2877,,,0.1905,
1008,CoTiGa,Half Heusler,16,triclinic,0.0071,-0.3195,,,0.0061,
1009,CoTiIn,Half Heusler,16,triclinic,-0.0001,-0.0619,,,0.0,
1010,CoVAl,Half Heusler,17,triclinic,-0.5685,-0.0948,,,0.377,
1011,CoVGa,Half Heusler,17,triclinic,0.0,-0.0985,,,0.0,
1012,CoVIn,Half Heusler,17,triclinic,0.0,0.1999,,,0.0,
1013,CoFeIn,Half Heusler,20,triclinic,-3.8992,0.3004,,,0.2227,
1014,RhTiGa,Half Heusler,16,triclinic,0.0,-0.5396,,,0.0,
1015,RhTiIn,Half Heusler,16,triclinic,0.0,-0.358,,,0.0,
1016,RhVGa,Half Heusler,17,triclinic,-0.904,-0.2077,,,0.7823,
1017,RhVIn,Half Heusler,17,triclinic,-0.24100000000000002,0.0386,,,0.7402,
1018,RhFeIn,Half Heusler,20,triclinic,-3.185,0.1051,,,0.5659,
1019,RhNiP,Half Heusler,24,triclinic,0.0,-0.3907,,,0.0,
1020,NiTiAl,Half Heusler,17,triclinic,0.0,-0.366,,,0.0,
1021,NiTiGa,Half Heusler,17,triclinic,0.0,-0.4025,,,0.0,
1022,NiFeP,Half Heusler,23,triclinic,0.0005,-0.4033,,,0.0,
1023,NiNiP,Half Heusler,25,triclinic,0.0,-0.4451,,,0.0,
1024,NiNiAs,Half Heusler,25,triclinic,0.0,-0.1525,,,0.0,
1025,Sc2TiIn,Inverse Heusler,13,Tetragonal,6.08,1.5329,-0.17600000000000002,51.67,1.4104,151.86
1026,Sc2TiSi,Inverse Heusler,14,Tetragonal,5.75,1.5774,-0.312,1.84,1.2994,160.74
1027,Sc2TiSn,Inverse Heusler,14,Tetragonal,6.02,1.5698,-0.359,12.14,1.5508,167.98
1028,Sc2TiP,Inverse Heusler,15,Tetragonal,5.61,1.6239,-0.51,44.53,0.7873,101.86
1029,Sc2TiAs,Inverse Heusler,15,Tetragonal,5.73,1.6230000000000002,-0.444,42.0,0.5189,63.04
1030,Sc2VAs,Inverse Heusler,16,Tetragonal,5.64,1.6028,-0.282,0.0,0.0015,0.19
1031,Sc2ZnP,Inverse Heusler,23,Tetragonal,5.45,1.8055,-0.7040000000000001,0.0,0.0,0.0
1032,Sc2ZnAs,Inverse Heusler,23,Tetragonal,5.57,1.7899,-0.6409999999999999,0.0,0.0,0.0
1033,Ti2VAs,Inverse Heusler,18,Tetragonal,5.35,1.5888,-0.368,6.37,1.6493,251.48
1034,Ti2NiAl,Inverse Heusler,21,Tetragonal,5.28,1.6098,-0.303,0.0,0.0,0.0
1035,V2CuAl,Inverse Heusler,24,Tetragonal,5.23,1.5105,0.008,30.84,0.0852,14.63
1036,V2ZnAs,Inverse Heusler,27,Tetragonal,5.2246,1.5678,-0.026000000000000002,32.92,0.5928,98.36
1037,Cr2CuP,Inverse Heusler,28,Tetragonal,5.1,1.4471,-0.021,18.67,0.2165,41.84
1038,Cr2ZnP,Inverse Heusler,29,Tetragonal,5.15,1.5049,0.015,4.6,0.3507,63.29
1039,Mn2NiP,Inverse Heusler,29,Tetragonal,5.07,1.357,-0.273,27.41,1.2154,254.94
1040,Mn2ZnP,Inverse Heusler,31,Tetragonal,5.04,1.621,-0.091,41.49,5.7612,1029.81
1041,Mn2ZnSb,Inverse Heusler,31,Tetragonal,5.45,1.5633,0.128,52.21,6.011,881.13
1042,Fe2CuAs,Inverse Heusler,32,Tetragonal,5.2,1.4404,0.095,70.18,4.8846,894.68
1043,Fe2CuSb,Inverse Heusler,32,Tetragonal,5.47,1.3803,0.16899999999999998,71.99,4.66,765.23
1044,Fe2ZnGe,Inverse Heusler,32,Tetragonal,5.16,1.5019,0.03,52.68,4.3462,781.33
1045,Fe2ZnSn,Inverse Heusler,32,Tetragonal,5.41,1.4806,0.121,63.02,4.4514,704.36
1046,Fe2ZnAs,Inverse Heusler,33,Tetragonal,5.18,1.5232,0.094,29.31,4.4799,784.98
1047,Co2NiGa,Inverse Heusler,31,Tetragonal,5.21,1.3052,-0.154,61.26,2.7384,550.35
1048,Co2NiIn,Inverse Heusler,31,Tetragonal,5.44,1.3107,0.115,69.91,2.9077,511.2
1049,Co2NiSi,Inverse Heusler,32,Tetragonal,5.0307,1.3534,-0.316,49.49,2.2607,486.68
1050,Co2NiGe,Inverse Heusler,32,Tetragonal,5.13,1.3567,-0.13,55.84,2.4031,486.69
1051,Co2NiSn,Inverse Heusler,32,Tetragonal,5.3848,1.3345,-0.016,51.75,2.5023,445.48
1052,Co2CuIn,Inverse Heusler,32,Tetragonal,5.53,1.2857,0.195,69.56,2.7872,475.53
1053,Co2CuSi,Inverse Heusler,33,Tetragonal,5.02,1.4104,-0.11699999999999999,59.15,2.2312,463.9
1054,Cu2ZnSi,Inverse Heusler,38,Tetragonal,5.21,1.476,0.037000000000000005,0.0,0.0,0.0
1055,Cu2ZnGe,Inverse Heusler,38,Tetragonal,5.32,1.4793,0.044000000000000004,0.0,0.0,0.0
1056,Cu2ZnP,Inverse Heusler,39,Tetragonal,5.19,1.5029,-0.003,0.0,0.0,0.0
1057,Cu2ZnSb,Inverse Heusler,39,Tetragonal,5.61,1.4652,0.131,0.0,0.0,0.0
1058,Ti2CrSn,Inverse Heusler,18,Xa,6.47,1.0,-0.18100000000000002,0.0,0.0,0.0
1059,Ti2CrSb,Inverse Heusler,19,Xa,6.38,1.0,-0.111,69.85,0.965,137.85
1060,Ti2MnSn,Inverse Heusler,19,Xa,6.39,1.0,-0.188,100.0,1.0,142.18
1061,Ti2CoIn,Inverse Heusler,20,Xa,6.351,1.0,-0.08900000000000001,100.0,2.0,289.62
1062,V2CrSi,Inverse Heusler,20,Xa,5.8497,0.9999,-0.266,0.0,0.0003,0.06
1063,V2CrGe,Inverse Heusler,20,Xa,5.94,1.0,-0.11800000000000001,100.0,2.0,354.0
1064,V2CrSn,Inverse Heusler,20,Xa,6.222,1.0,0.084,56.24,2.3385,360.14
1065,V2CrSb,Inverse Heusler,21,Xa,6.21,1.0,0.057,1.35,2.8927,448.08
1066,V2MnAl,Inverse Heusler,20,Xa,5.9218,0.9999,-0.14800000000000002,100.0,2.0,357.29
1067,V2MnGa,Inverse Heusler,20,Xa,5.9239999999999995,1.0,-0.11800000000000001,100.0,2.0,356.87
1068,V2MnIn,Inverse Heusler,20,Xa,6.271,1.0,0.19699999999999998,54.7,3.2251,485.13
1069,V2MnSi,Inverse Heusler,21,Xa,5.8159,1.0001,-0.34,0.0,0.0009,0.17
1070,V2MnGe,Inverse Heusler,21,Xa,5.92,1.0,-0.193,1.16,2.8136,503.07
1071,V2MnSn,Inverse Heusler,21,Xa,6.2,1.0,-0.002,73.96,2.9604,460.79
1072,V2MnP,Inverse Heusler,22,Xa,5.6947,1.0021,-0.419,1.08,0.5855,117.36
1073,V2FeAl,Inverse Heusler,21,Xa,5.9142,1.0,-0.191,30.55,2.911,521.99
1074,V2FeGa,Inverse Heusler,21,Xa,5.91,1.0,-0.146,28.29,2.8487,511.93
1075,V2FeIn,Inverse Heusler,21,Xa,6.17,1.0,0.17300000000000001,33.82,2.8998,457.97
1076,V2FeSi,Inverse Heusler,22,Xa,5.7819,1.0003,-0.341,92.64,1.986,381.04
1077,V2CoIn,Inverse Heusler,22,Xa,6.15,1.0,0.18,80.23,1.9987,318.75
1078,Cr2MnAl,Inverse Heusler,22,Xa,5.831,1.0,-0.086,100.0,2.0,374.22
1079,Cr2MnGa,Inverse Heusler,22,Xa,5.832000000000001,1.0,-0.004,94.52,1.993,372.72
1080,Cr2MnIn,Inverse Heusler,22,Xa,6.31,1.0,0.313,12.29,3.6325,536.35
1081,Cr2MnSi,Inverse Heusler,23,Xa,5.66,1.0,-0.23600000000000002,65.52,1.135,232.21
1082,Cr2FeAl,Inverse Heusler,23,Xa,5.76,1.0,-0.066,99.04,1.0051,195.11
1083,Cr2FeGa,Inverse Heusler,23,Xa,5.79,1.0,0.033,96.75,0.9849,188.23
1084,Cr2FeIn,Inverse Heusler,23,Xa,6.12,1.0,0.38299999999999995,94.42,0.9769,158.1
1085,Cr2FeSi,Inverse Heusler,24,Xa,5.6189,0.9992,-0.222,0.0,0.0006,0.13
1086,Cr2FeGe,Inverse Heusler,24,Xa,5.7620000000000005,1.0,0.013000000000000001,94.54,0.0156,3.03
1087,Cr2FeSn,Inverse Heusler,24,Xa,6.081,1.0,0.22699999999999998,95.47,0.0233,3.84
1088,Cr2FeP,Inverse Heusler,25,Xa,5.5813,1.0002,-0.226,98.92,1.0141,216.33
1089,Cr2FeAs,Inverse Heusler,25,Xa,5.76,1.0,0.062,97.08,1.0106,196.17
1090,Cr2FeSb,Inverse Heusler,25,Xa,6.05,1.0,0.22,97.09,1.0134,169.76
1091,Cr2CoAl,Inverse Heusler,24,Xa,5.79,1.0,-0.08,95.82,0.0095,1.82
1092,Cr2CoGa,Inverse Heusler,24,Xa,5.815,1.0,0.008,88.3,0.0747,14.09
1093,Cr2CoIn,Inverse Heusler,24,Xa,6.13,1.0,0.299,80.54,0.1443,23.24
1094,Cr2CoSn,Inverse Heusler,25,Xa,6.11,1.0,0.141,89.59,1.034,168.16
1095,Cr2CoP,Inverse Heusler,26,Xa,5.6185,0.9986,-0.22,100.0,1.9999,418.86
1096,Cr2CoSb,Inverse Heusler,26,Xa,6.06,1.0,0.15,97.58,2.0016,333.65
1097,Cr2NiAl,Inverse Heusler,25,Xa,5.7,1.0,-0.071,100.0,1.0,200.31
1098,Cr2NiGa,Inverse Heusler,25,Xa,5.87,1.0,-0.02,75.65,0.9898,181.53
1099,Cr2NiIn,Inverse Heusler,25,Xa,6.18,1.0,0.21899999999999997,10.75,0.7431,116.79
1100,Cr2NiSn,Inverse Heusler,26,Xa,6.17,1.0,0.115,16.27,0.8278,130.74
1101,Cr2NiSb,Inverse Heusler,27,Xa,6.132000000000001,1.0,0.159,30.79,1.2883,207.27
1102,Cr2CuAl,Inverse Heusler,26,Xa,5.93,1.0,0.077,32.52,0.7568,134.63
1103,Cr2CuGa,Inverse Heusler,26,Xa,5.98,1.0,0.14400000000000002,11.66,0.4454,77.26
1104,Cr2CuIn,Inverse Heusler,26,Xa,6.307,1.0,0.31,3.44,0.1492,22.06
1105,Cr2CuSi,Inverse Heusler,27,Xa,5.78,1.0,0.039,51.28,0.8017,154.01
1106,Cr2CuGe,Inverse Heusler,27,Xa,5.962000000000001,1.0,0.18100000000000002,11.6,0.6161,107.85
1107,Cr2CuSn,Inverse Heusler,27,Xa,6.2829999999999995,1.0,0.22899999999999998,4.9,0.2333,34.89
1108,Cr2CuSb,Inverse Heusler,28,Xa,6.28,1.0,0.27899999999999997,7.21,0.3134,46.94
1109,Cr2ZnAl,Inverse Heusler,27,Xa,6.005,1.0,0.067,16.62,0.7063,121.0
1110,Cr2ZnGa,Inverse Heusler,27,Xa,6.071000000000001,1.0,0.15,7.21,0.0778,12.9
1111,Cr2ZnIn,Inverse Heusler,27,Xa,6.385,1.0,0.304,4.17,0.0036,0.51
1112,Cr2ZnSn,Inverse Heusler,28,Xa,6.36,1.0,0.27,36.52,0.1016,14.65
1113,Mn2FeAl,Inverse Heusler,25,Xa,5.75,1.0,-0.158,98.43,1.0009,195.31
1114,Mn2FeGa,Inverse Heusler,25,Xa,5.79,1.0,-0.075,95.78,1.0386,198.49
1115,Mn2FeIn,Inverse Heusler,25,Xa,6.13,1.0,0.231,40.05,1.3374,215.38
1116,Mn2FeSi,Inverse Heusler,26,Xa,5.6006,0.9998,-0.36200000000000004,84.51,2.0077,424.03
1117,Mn2FeGe,Inverse Heusler,26,Xa,5.72,1.0,-0.14,85.64,2.0135,399.11
1118,Mn2FeSn,Inverse Heusler,26,Xa,6.059,0.9972,0.065,93.53,1.9994,334.38
1119,Mn2FeP,Inverse Heusler,27,Xa,5.5584,0.9989,-0.35200000000000004,100.0,3.0,648.75
1120,Mn2FeAs,Inverse Heusler,27,Xa,5.72,1.0,-0.071,100.0,3.0,594.65
1121,Mn2FeSb,Inverse Heusler,27,Xa,5.9914,1.0003,0.081,100.0,3.0,517.29
1122,Mn2CoAl,Inverse Heusler,26,Xa,5.7349,0.9995,-0.27,100.0,1.9999,393.53
1123,Mn2CoGa,Inverse Heusler,26,Xa,5.76,1.0,-0.16699999999999998,85.26,2.0045,389.1
1124,Mn2CoIn,Inverse Heusler,26,Xa,6.091,1.0,0.135,6.5,1.7774,291.77
1125,Mn2CoSi,Inverse Heusler,27,Xa,5.621,0.9989,-0.365,100.0,3.0,627.28
1126,Mn2CoGe,Inverse Heusler,27,Xa,5.733,1.0,-0.153,100.0,3.0,590.61
1127,Mn2CoSn,Inverse Heusler,27,Xa,6.0920000000000005,1.0,0.026000000000000002,31.41,1.5295,250.96
1128,Mn2CoP,Inverse Heusler,28,Xa,5.5814,1.0002,-0.33299999999999996,100.0,4.0,853.28
1129,Mn2CoAs,Inverse Heusler,28,Xa,5.7378,1.0005,-0.08,100.0,4.0,785.13
1130,Mn2CoSb,Inverse Heusler,28,Xa,5.9853,1.0005,0.042,100.0,4.0,691.7
1131,Mn2NiAl,Inverse Heusler,27,Xa,5.8,1.0,-0.253,52.14,1.1766,223.7
1132,Mn2NiGa,Inverse Heusler,27,Xa,5.83,1.0,-0.17,58.96,1.1825,221.37
1133,Mn2NiIn,Inverse Heusler,27,Xa,6.17,1.0,0.055,4.49,0.5289,83.53
1134,Mn2NiSi,Inverse Heusler,28,Xa,5.7,1.0,-0.29,27.68,1.0712,214.57
1135,Mn2NiGe,Inverse Heusler,28,Xa,5.85,1.0,-0.14,31.03,0.897,166.21
1136,Mn2NiSn,Inverse Heusler,28,Xa,6.146,1.0,-0.046,33.54,0.5561,88.86
1137,Mn2CuAl,Inverse Heusler,28,Xa,5.89,1.0,-0.11,52.06,0.1841,33.42
1138,Mn2CuGa,Inverse Heusler,28,Xa,5.937,1.0,-0.042,58.57,0.3264,57.86
1139,Mn2CuIn,Inverse Heusler,28,Xa,6.247000000000001,1.0,0.141,26.49,0.2512,38.22
1140,Fe2CoAl,Inverse Heusler,28,Xa,5.7006,1.0007,-0.27,58.7,4.9910000000000005,998.74
1141,Fe2CoGa,Inverse Heusler,28,Xa,5.724,1.0,-0.156,45.86,5.1876,1026.11
1142,Fe2CoIn,Inverse Heusler,28,Xa,6.0101,1.0021,0.136,52.55,6.0264,1027.68
1143,Fe2CoSi,Inverse Heusler,29,Xa,5.6086,0.9988,-0.371,74.15,4.9626,1044.71
1144,Fe2CoGe,Inverse Heusler,29,Xa,5.72,1.0,-0.16399999999999998,53.05,5.0832,1007.57
1145,Fe2CoSn,Inverse Heusler,29,Xa,5.9753,1.0045,-0.012,57.29,5.4656,946.13
1146,Fe2CoP,Inverse Heusler,30,Xa,5.5898,1.0006,-0.27899999999999997,21.21,5.7626,1223.17
1147,Fe2CoAs,Inverse Heusler,30,Xa,5.7646,1.0005,-0.057,67.59,5.9465,1150.96
1148,Fe2CoSb,Inverse Heusler,30,Xa,5.992000000000001,1.001,0.021,37.5,5.9328,1021.94
1149,Fe2NiAl,Inverse Heusler,29,Xa,5.7455,0.9972,-0.292,10.33,4.7777,937.04
1150,Fe2NiGa,Inverse Heusler,29,Xa,5.757000000000001,1.0,-0.183,6.86,4.8692,946.66
1151,Fe2NiIn,Inverse Heusler,29,Xa,6.0193,1.003,0.076,23.84,5.1485,873.12
1152,Co2NiAl,Inverse Heusler,31,Xa,5.69,1.0,-0.24100000000000002,3.37,2.9916,602.41
